2026-03-30T17:54:23.068+0200 [DEBUG] [org.gradle.launcher.daemon.bootstrap.DaemonMain] Assuming the daemon was started with following jvm opts: [-XX:MaxMetaspaceSize=384m, -XX:+HeapDumpOnOutOfMemoryError, -Xms256m, -Xmx512m, -Dfile.encoding=UTF-8, -Duser.country=US, -Duser.language=en, -Duser.variant]
2026-03-30T17:54:23.341+0200 [DEBUG] [org.gradle.internal.remote.internal.inet.InetAddresses] Adding IP addresses for network interface VirtualBox Host-Only Ethernet Adapter-WFP Native MAC Layer LightWeight Filter-0000
2026-03-30T17:54:23.342+0200 [DEBUG] [org.gradle.internal.remote.internal.inet.InetAddresses] Is this a loopback interface? false
2026-03-30T17:54:23.344+0200 [DEBUG] [org.gradle.internal.remote.internal.inet.InetAddresses] Adding IP addresses for network interface VirtualBox Host-Only Ethernet Adapter-QoS Packet Scheduler-0000
2026-03-30T17:54:23.344+0200 [DEBUG] [org.gradle.internal.remote.internal.inet.InetAddresses] Is this a loopback interface? false
2026-03-30T17:54:23.344+0200 [DEBUG] [org.gradle.internal.remote.internal.inet.InetAddresses] Adding IP addresses for network interface VirtualBox Host-Only Ethernet Adapter-WFP 802.3 MAC Layer LightWeight Filter-0000
2026-03-30T17:54:23.345+0200 [DEBUG] [org.gradle.internal.remote.internal.inet.InetAddresses] Is this a loopback interface? false
2026-03-30T17:54:23.345+0200 [DEBUG] [org.gradle.internal.remote.internal.inet.InetAddresses] Adding IP addresses for network interface WAN Miniport (IP)-WFP Native MAC Layer LightWeight Filter-0000
2026-03-30T17:54:23.345+0200 [DEBUG] [org.gradle.internal.remote.internal.inet.InetAddresses] Is this a loopback interface? false
2026-03-30T17:54:23.345+0200 [DEBUG] [org.gradle.internal.remote.internal.inet.InetAddresses] Adding IP addresses for network interface Hyper-V Virtual Switch Extension Adapter-Hyper-V Virtual Switch Extension Filter-0000
2026-03-30T17:54:23.346+0200 [DEBUG] [org.gradle.internal.remote.internal.inet.InetAddresses] Is this a loopback interface? false
2026-03-30T17:54:23.346+0200 [DEBUG] [org.gradle.internal.remote.internal.inet.InetAddresses] Adding IP addresses for network interface Hyper-V Virtual Ethernet Adapter-WFP Native MAC Layer LightWeight Filter-0000
2026-03-30T17:54:23.347+0200 [DEBUG] [org.gradle.internal.remote.internal.inet.InetAddresses] Is this a loopback interface? false
2026-03-30T17:54:23.348+0200 [DEBUG] [org.gradle.internal.remote.internal.inet.InetAddresses] Adding IP addresses for network interface Hyper-V Virtual Ethernet Adapter-VirtualBox NDIS Light-Weight Filter-0000
2026-03-30T17:54:23.349+0200 [DEBUG] [org.gradle.internal.remote.internal.inet.InetAddresses] Is this a loopback interface? false
2026-03-30T17:54:23.349+0200 [DEBUG] [org.gradle.internal.remote.internal.inet.InetAddresses] Adding IP addresses for network interface Hyper-V Virtual Ethernet Adapter-QoS Packet Scheduler-0000
2026-03-30T17:54:23.350+0200 [DEBUG] [org.gradle.internal.remote.internal.inet.InetAddresses] Is this a loopback interface? false
2026-03-30T17:54:23.350+0200 [DEBUG] [org.gradle.internal.remote.internal.inet.InetAddresses] Adding IP addresses for network interface WAN Miniport (IP)-QoS Packet Scheduler-0000
2026-03-30T17:54:23.352+0200 [DEBUG] [org.gradle.internal.remote.internal.inet.InetAddresses] Is this a loopback interface? false
2026-03-30T17:54:23.352+0200 [DEBUG] [org.gradle.internal.remote.internal.inet.InetAddresses] Adding IP addresses for network interface WAN Miniport (IPv6)-WFP Native MAC Layer LightWeight Filter-0000
2026-03-30T17:54:23.353+0200 [DEBUG] [org.gradle.internal.remote.internal.inet.InetAddresses] Is this a loopback interface? false
2026-03-30T17:54:23.353+0200 [DEBUG] [org.gradle.internal.remote.internal.inet.InetAddresses] Adding IP addresses for network interface WAN Miniport (IPv6)-QoS Packet Scheduler-0000
2026-03-30T17:54:23.354+0200 [DEBUG] [org.gradle.internal.remote.internal.inet.InetAddresses] Is this a loopback interface? false
2026-03-30T17:54:23.354+0200 [DEBUG] [org.gradle.internal.remote.internal.inet.InetAddresses] Adding IP addresses for network interface WAN Miniport (Network Monitor)-WFP Native MAC Layer LightWeight Filter-0000
2026-03-30T17:54:23.355+0200 [DEBUG] [org.gradle.internal.remote.internal.inet.InetAddresses] Is this a loopback interface? false
2026-03-30T17:54:23.355+0200 [DEBUG] [org.gradle.internal.remote.internal.inet.InetAddresses] Adding IP addresses for network interface WAN Miniport (Network Monitor)-QoS Packet Scheduler-0000
2026-03-30T17:54:23.356+0200 [DEBUG] [org.gradle.internal.remote.internal.inet.InetAddresses] Is this a loopback interface? false
2026-03-30T17:54:23.356+0200 [DEBUG] [org.gradle.internal.remote.internal.inet.InetAddresses] Adding IP addresses for network interface Hyper-V Virtual Ethernet Adapter-WFP 802.3 MAC Layer LightWeight Filter-0000
2026-03-30T17:54:23.357+0200 [DEBUG] [org.gradle.internal.remote.internal.inet.InetAddresses] Is this a loopback interface? false
2026-03-30T17:54:23.357+0200 [DEBUG] [org.gradle.internal.remote.internal.inet.InetAddresses] Adding IP addresses for network interface Hyper-V Virtual Switch Extension Adapter #2-Hyper-V Virtual Switch Extension Filter-0000
2026-03-30T17:54:23.357+0200 [DEBUG] [org.gradle.internal.remote.internal.inet.InetAddresses] Is this a loopback interface? false
2026-03-30T17:54:23.357+0200 [DEBUG] [org.gradle.internal.remote.internal.inet.InetAddresses] Adding IP addresses for network interface Hyper-V Virtual Ethernet Adapter #2-WFP Native MAC Layer LightWeight Filter-0000
2026-03-30T17:54:23.370+0200 [DEBUG] [org.gradle.internal.remote.internal.inet.InetAddresses] Is this a loopback interface? false
2026-03-30T17:54:23.371+0200 [DEBUG] [org.gradle.internal.remote.internal.inet.InetAddresses] Adding IP addresses for network interface Hyper-V Virtual Ethernet Adapter #2-VirtualBox NDIS Light-Weight Filter-0000
2026-03-30T17:54:23.371+0200 [DEBUG] [org.gradle.internal.remote.internal.inet.InetAddresses] Is this a loopback interface? false
2026-03-30T17:54:23.371+0200 [DEBUG] [org.gradle.internal.remote.internal.inet.InetAddresses] Adding IP addresses for network interface Hyper-V Virtual Ethernet Adapter #2-QoS Packet Scheduler-0000
2026-03-30T17:54:23.372+0200 [DEBUG] [org.gradle.internal.remote.internal.inet.InetAddresses] Is this a loopback interface? false
2026-03-30T17:54:23.373+0200 [DEBUG] [org.gradle.internal.remote.internal.inet.InetAddresses] Adding IP addresses for network interface Hyper-V Virtual Ethernet Adapter #2-WFP 802.3 MAC Layer LightWeight Filter-0000
2026-03-30T17:54:23.374+0200 [DEBUG] [org.gradle.internal.remote.internal.inet.InetAddresses] Is this a loopback interface? false
2026-03-30T17:54:23.374+0200 [DEBUG] [org.gradle.internal.remote.internal.inet.InetAddresses] Adding IP addresses for network interface Microsoft Kernel Debug Network Adapter
2026-03-30T17:54:23.375+0200 [DEBUG] [org.gradle.internal.remote.internal.inet.InetAddresses] Is this a loopback interface? false
2026-03-30T17:54:23.375+0200 [DEBUG] [org.gradle.internal.remote.internal.inet.InetAddresses] Adding IP addresses for network interface Intel(R) Ethernet Connection (2) I219-LM
2026-03-30T17:54:23.375+0200 [DEBUG] [org.gradle.internal.remote.internal.inet.InetAddresses] Is this a loopback interface? false
2026-03-30T17:54:23.376+0200 [DEBUG] [org.gradle.internal.remote.internal.inet.InetAddresses] Adding IP addresses for network interface Bluetooth Device (Personal Area Network)
2026-03-30T17:54:23.376+0200 [DEBUG] [org.gradle.internal.remote.internal.inet.InetAddresses] Is this a loopback interface? false
2026-03-30T17:54:23.376+0200 [DEBUG] [org.gradle.internal.remote.internal.inet.InetAddresses] Adding remote address /fe80:0:0:0:8084:77bf:fcdd:6acb%ethernet_32770
2026-03-30T17:54:23.376+0200 [DEBUG] [org.gradle.internal.remote.internal.inet.InetAddresses] Adding IP addresses for network interface Hyper-V Virtual Switch Extension Adapter
2026-03-30T17:54:23.377+0200 [DEBUG] [org.gradle.internal.remote.internal.inet.InetAddresses] Is this a loopback interface? false
2026-03-30T17:54:23.377+0200 [DEBUG] [org.gradle.internal.remote.internal.inet.InetAddresses] Adding IP addresses for network interface WAN Miniport (IP)
2026-03-30T17:54:23.378+0200 [DEBUG] [org.gradle.internal.remote.internal.inet.InetAddresses] Is this a loopback interface? false
2026-03-30T17:54:23.379+0200 [DEBUG] [org.gradle.internal.remote.internal.inet.InetAddresses] Adding IP addresses for network interface WAN Miniport (IPv6)
2026-03-30T17:54:23.381+0200 [DEBUG] [org.gradle.internal.remote.internal.inet.InetAddresses] Is this a loopback interface? false
2026-03-30T17:54:23.381+0200 [DEBUG] [org.gradle.internal.remote.internal.inet.InetAddresses] Adding IP addresses for network interface WAN Miniport (Network Monitor)
2026-03-30T17:54:23.382+0200 [DEBUG] [org.gradle.internal.remote.internal.inet.InetAddresses] Is this a loopback interface? false
2026-03-30T17:54:23.382+0200 [DEBUG] [org.gradle.internal.remote.internal.inet.InetAddresses] Adding IP addresses for network interface VirtualBox Host-Only Ethernet Adapter
2026-03-30T17:54:23.382+0200 [DEBUG] [org.gradle.internal.remote.internal.inet.InetAddresses] Is this a loopback interface? false
2026-03-30T17:54:23.383+0200 [DEBUG] [org.gradle.internal.remote.internal.inet.InetAddresses] Adding remote address /fe80:0:0:0:f930:31ac:3511:ee95%ethernet_32775
2026-03-30T17:54:23.383+0200 [DEBUG] [org.gradle.internal.remote.internal.inet.InetAddresses] Adding remote address /192.168.56.1
2026-03-30T17:54:23.383+0200 [DEBUG] [org.gradle.internal.remote.internal.inet.InetAddresses] Adding IP addresses for network interface Hyper-V Virtual Ethernet Adapter
2026-03-30T17:54:23.384+0200 [DEBUG] [org.gradle.internal.remote.internal.inet.InetAddresses] Is this a loopback interface? false
2026-03-30T17:54:23.384+0200 [DEBUG] [org.gradle.internal.remote.internal.inet.InetAddresses] Adding remote address /fe80:0:0:0:127e:8f6f:921d:c1b0%ethernet_32776
2026-03-30T17:54:23.385+0200 [DEBUG] [org.gradle.internal.remote.internal.inet.InetAddresses] Adding remote address /172.19.48.1
2026-03-30T17:54:23.385+0200 [DEBUG] [org.gradle.internal.remote.internal.inet.InetAddresses] Adding IP addresses for network interface Hyper-V Virtual Switch Extension Adapter #2
2026-03-30T17:54:23.386+0200 [DEBUG] [org.gradle.internal.remote.internal.inet.InetAddresses] Is this a loopback interface? false
2026-03-30T17:54:23.387+0200 [DEBUG] [org.gradle.internal.remote.internal.inet.InetAddresses] Adding IP addresses for network interface Hyper-V Virtual Ethernet Adapter #2
2026-03-30T17:54:23.387+0200 [DEBUG] [org.gradle.internal.remote.internal.inet.InetAddresses] Is this a loopback interface? false
2026-03-30T17:54:23.387+0200 [DEBUG] [org.gradle.internal.remote.internal.inet.InetAddresses] Adding remote address /fe80:0:0:0:250f:3424:848a:ff11%ethernet_32778
2026-03-30T17:54:23.388+0200 [DEBUG] [org.gradle.internal.remote.internal.inet.InetAddresses] Adding remote address /172.20.176.1
2026-03-30T17:54:23.388+0200 [DEBUG] [org.gradle.internal.remote.internal.inet.InetAddresses] Adding IP addresses for network interface ASIX USB to Gigabit Ethernet Family Adapter
2026-03-30T17:54:23.389+0200 [DEBUG] [org.gradle.internal.remote.internal.inet.InetAddresses] Is this a loopback interface? false
2026-03-30T17:54:23.389+0200 [DEBUG] [org.gradle.internal.remote.internal.inet.InetAddresses] Adding IP addresses for network interface WAN Miniport (PPPOE)
2026-03-30T17:54:23.389+0200 [DEBUG] [org.gradle.internal.remote.internal.inet.InetAddresses] Is this a loopback interface? false
2026-03-30T17:54:23.390+0200 [DEBUG] [org.gradle.internal.remote.internal.inet.InetAddresses] Adding IP addresses for network interface Software Loopback Interface 1
2026-03-30T17:54:23.390+0200 [DEBUG] [org.gradle.internal.remote.internal.inet.InetAddresses] Is this a loopback interface? true
2026-03-30T17:54:23.391+0200 [DEBUG] [org.gradle.internal.remote.internal.inet.InetAddresses] Adding loopback address /0:0:0:0:0:0:0:1
2026-03-30T17:54:23.392+0200 [DEBUG] [org.gradle.internal.remote.internal.inet.InetAddresses] Adding loopback address /127.0.0.1
2026-03-30T17:54:23.393+0200 [DEBUG] [org.gradle.internal.remote.internal.inet.InetAddresses] Adding IP addresses for network interface Killer Wireless-n/a/ac 1535 Wireless Network Adapter-WFP Native MAC Layer LightWeight Filter-0000
2026-03-30T17:54:23.393+0200 [DEBUG] [org.gradle.internal.remote.internal.inet.InetAddresses] Is this a loopback interface? false
2026-03-30T17:54:23.394+0200 [DEBUG] [org.gradle.internal.remote.internal.inet.InetAddresses] Adding IP addresses for network interface Killer Wireless-n/a/ac 1535 Wireless Network Adapter-Virtual WiFi Filter Driver-0000
2026-03-30T17:54:23.394+0200 [DEBUG] [org.gradle.internal.remote.internal.inet.InetAddresses] Is this a loopback interface? false
2026-03-30T17:54:23.395+0200 [DEBUG] [org.gradle.internal.remote.internal.inet.InetAddresses] Adding IP addresses for network interface Killer Wireless-n/a/ac 1535 Wireless Network Adapter-Native WiFi Filter Driver-0000
2026-03-30T17:54:23.396+0200 [DEBUG] [org.gradle.internal.remote.internal.inet.InetAddresses] Is this a loopback interface? false
2026-03-30T17:54:23.396+0200 [DEBUG] [org.gradle.internal.remote.internal.inet.InetAddresses] Adding IP addresses for network interface Killer Wireless-n/a/ac 1535 Wireless Network Adapter-VirtualBox NDIS Light-Weight Filter-0000
2026-03-30T17:54:23.396+0200 [DEBUG] [org.gradle.internal.remote.internal.inet.InetAddresses] Is this a loopback interface? false
2026-03-30T17:54:23.397+0200 [DEBUG] [org.gradle.internal.remote.internal.inet.InetAddresses] Adding IP addresses for network interface Killer Wireless-n/a/ac 1535 Wireless Network Adapter-QoS Packet Scheduler-0000
2026-03-30T17:54:23.397+0200 [DEBUG] [org.gradle.internal.remote.internal.inet.InetAddresses] Is this a loopback interface? false
2026-03-30T17:54:23.397+0200 [DEBUG] [org.gradle.internal.remote.internal.inet.InetAddresses] Adding IP addresses for network interface Killer Wireless-n/a/ac 1535 Wireless Network Adapter-WFP 802.3 MAC Layer LightWeight Filter-0000
2026-03-30T17:54:23.397+0200 [DEBUG] [org.gradle.internal.remote.internal.inet.InetAddresses] Is this a loopback interface? false
2026-03-30T17:54:23.398+0200 [DEBUG] [org.gradle.internal.remote.internal.inet.InetAddresses] Adding IP addresses for network interface Microsoft Wi-Fi Direct Virtual Adapter #2-WFP Native MAC Layer LightWeight Filter-0000
2026-03-30T17:54:23.398+0200 [DEBUG] [org.gradle.internal.remote.internal.inet.InetAddresses] Is this a loopback interface? false
2026-03-30T17:54:23.399+0200 [DEBUG] [org.gradle.internal.remote.internal.inet.InetAddresses] Adding IP addresses for network interface Microsoft Wi-Fi Direct Virtual Adapter-WFP Native MAC Layer LightWeight Filter-0000
2026-03-30T17:54:23.399+0200 [DEBUG] [org.gradle.internal.remote.internal.inet.InetAddresses] Is this a loopback interface? false
2026-03-30T17:54:23.399+0200 [DEBUG] [org.gradle.internal.remote.internal.inet.InetAddresses] Adding IP addresses for network interface Microsoft Wi-Fi Direct Virtual Adapter-Native WiFi Filter Driver-0000
2026-03-30T17:54:23.400+0200 [DEBUG] [org.gradle.internal.remote.internal.inet.InetAddresses] Is this a loopback interface? false
2026-03-30T17:54:23.400+0200 [DEBUG] [org.gradle.internal.remote.internal.inet.InetAddresses] Adding IP addresses for network interface Microsoft Wi-Fi Direct Virtual Adapter-VirtualBox NDIS Light-Weight Filter-0000
2026-03-30T17:54:23.400+0200 [DEBUG] [org.gradle.internal.remote.internal.inet.InetAddresses] Is this a loopback interface? false
2026-03-30T17:54:23.400+0200 [DEBUG] [org.gradle.internal.remote.internal.inet.InetAddresses] Adding IP addresses for network interface Microsoft Wi-Fi Direct Virtual Adapter-QoS Packet Scheduler-0000
2026-03-30T17:54:23.401+0200 [DEBUG] [org.gradle.internal.remote.internal.inet.InetAddresses] Is this a loopback interface? false
2026-03-30T17:54:23.401+0200 [DEBUG] [org.gradle.internal.remote.internal.inet.InetAddresses] Adding IP addresses for network interface Microsoft Wi-Fi Direct Virtual Adapter-WFP 802.3 MAC Layer LightWeight Filter-0000
2026-03-30T17:54:23.402+0200 [DEBUG] [org.gradle.internal.remote.internal.inet.InetAddresses] Is this a loopback interface? false
2026-03-30T17:54:23.402+0200 [DEBUG] [org.gradle.internal.remote.internal.inet.InetAddresses] Adding IP addresses for network interface Microsoft Wi-Fi Direct Virtual Adapter #2-Native WiFi Filter Driver-0000
2026-03-30T17:54:23.403+0200 [DEBUG] [org.gradle.internal.remote.internal.inet.InetAddresses] Is this a loopback interface? false
2026-03-30T17:54:23.403+0200 [DEBUG] [org.gradle.internal.remote.internal.inet.InetAddresses] Adding IP addresses for network interface Microsoft Wi-Fi Direct Virtual Adapter #2-VirtualBox NDIS Light-Weight Filter-0000
2026-03-30T17:54:23.403+0200 [DEBUG] [org.gradle.internal.remote.internal.inet.InetAddresses] Is this a loopback interface? false
2026-03-30T17:54:23.403+0200 [DEBUG] [org.gradle.internal.remote.internal.inet.InetAddresses] Adding IP addresses for network interface Microsoft Wi-Fi Direct Virtual Adapter #2-QoS Packet Scheduler-0000
2026-03-30T17:54:23.404+0200 [DEBUG] [org.gradle.internal.remote.internal.inet.InetAddresses] Is this a loopback interface? false
2026-03-30T17:54:23.404+0200 [DEBUG] [org.gradle.internal.remote.internal.inet.InetAddresses] Adding IP addresses for network interface Microsoft Wi-Fi Direct Virtual Adapter #2-WFP 802.3 MAC Layer LightWeight Filter-0000
2026-03-30T17:54:23.404+0200 [DEBUG] [org.gradle.internal.remote.internal.inet.InetAddresses] Is this a loopback interface? false
2026-03-30T17:54:23.405+0200 [DEBUG] [org.gradle.internal.remote.internal.inet.InetAddresses] Adding IP addresses for network interface Killer Wireless-n/a/ac 1535 Wireless Network Adapter
2026-03-30T17:54:23.405+0200 [DEBUG] [org.gradle.internal.remote.internal.inet.InetAddresses] Is this a loopback interface? false
2026-03-30T17:54:23.405+0200 [DEBUG] [org.gradle.internal.remote.internal.inet.InetAddresses] Adding remote address /fe80:0:0:0:30b0:f571:beb6:506d%wireless_32768
2026-03-30T17:54:23.406+0200 [DEBUG] [org.gradle.internal.remote.internal.inet.InetAddresses] Adding remote address /2a02:1811:d08:9700:e58d:8df3:38bc:e21d
2026-03-30T17:54:23.406+0200 [DEBUG] [org.gradle.internal.remote.internal.inet.InetAddresses] Adding remote address /2a02:1811:d08:9700:e364:1086:60fb:f8b8
2026-03-30T17:54:23.406+0200 [DEBUG] [org.gradle.internal.remote.internal.inet.InetAddresses] Adding remote address /192.168.0.137
2026-03-30T17:54:23.406+0200 [DEBUG] [org.gradle.internal.remote.internal.inet.InetAddresses] Adding IP addresses for network interface Microsoft Wi-Fi Direct Virtual Adapter
2026-03-30T17:54:23.406+0200 [DEBUG] [org.gradle.internal.remote.internal.inet.InetAddresses] Is this a loopback interface? false
2026-03-30T17:54:23.407+0200 [DEBUG] [org.gradle.internal.remote.internal.inet.InetAddresses] Adding remote address /fe80:0:0:0:adae:142f:7541:9608%wireless_32769
2026-03-30T17:54:23.408+0200 [DEBUG] [org.gradle.internal.remote.internal.inet.InetAddresses] Adding IP addresses for network interface Microsoft Wi-Fi Direct Virtual Adapter #2
2026-03-30T17:54:23.409+0200 [DEBUG] [org.gradle.internal.remote.internal.inet.InetAddresses] Is this a loopback interface? false
2026-03-30T17:54:23.409+0200 [DEBUG] [org.gradle.internal.remote.internal.inet.InetAddresses] Adding remote address /fe80:0:0:0:1f32:4680:f878:e118%wireless_32770
2026-03-30T17:54:23.410+0200 [DEBUG] [org.gradle.internal.remote.internal.inet.InetAddresses] Adding IP addresses for network interface Microsoft Teredo Tunneling Adapter
2026-03-30T17:54:23.410+0200 [DEBUG] [org.gradle.internal.remote.internal.inet.InetAddresses] Is this a loopback interface? false
2026-03-30T17:54:23.410+0200 [DEBUG] [org.gradle.internal.remote.internal.inet.InetAddresses] Adding IP addresses for network interface Microsoft IP-HTTPS Platform Adapter
2026-03-30T17:54:23.411+0200 [DEBUG] [org.gradle.internal.remote.internal.inet.InetAddresses] Is this a loopback interface? false
2026-03-30T17:54:23.413+0200 [DEBUG] [org.gradle.internal.remote.internal.inet.InetAddresses] Adding IP addresses for network interface Microsoft 6to4 Adapter
2026-03-30T17:54:23.413+0200 [DEBUG] [org.gradle.internal.remote.internal.inet.InetAddresses] Is this a loopback interface? false
2026-03-30T17:54:23.414+0200 [DEBUG] [org.gradle.internal.remote.internal.inet.InetAddresses] Adding IP addresses for network interface WAN Miniport (SSTP)
2026-03-30T17:54:23.415+0200 [DEBUG] [org.gradle.internal.remote.internal.inet.InetAddresses] Is this a loopback interface? false
2026-03-30T17:54:23.416+0200 [DEBUG] [org.gradle.internal.remote.internal.inet.InetAddresses] Adding IP addresses for network interface WAN Miniport (IKEv2)
2026-03-30T17:54:23.416+0200 [DEBUG] [org.gradle.internal.remote.internal.inet.InetAddresses] Is this a loopback interface? false
2026-03-30T17:54:23.417+0200 [DEBUG] [org.gradle.internal.remote.internal.inet.InetAddresses] Adding IP addresses for network interface WAN Miniport (L2TP)
2026-03-30T17:54:23.417+0200 [DEBUG] [org.gradle.internal.remote.internal.inet.InetAddresses] Is this a loopback interface? false
2026-03-30T17:54:23.417+0200 [DEBUG] [org.gradle.internal.remote.internal.inet.InetAddresses] Adding IP addresses for network interface WAN Miniport (PPTP)
2026-03-30T17:54:23.418+0200 [DEBUG] [org.gradle.internal.remote.internal.inet.InetAddresses] Is this a loopback interface? false
2026-03-30T17:54:23.473+0200 [DEBUG] [org.gradle.internal.nativeintegration.services.NativeServices] Native-platform posix files integration is not available. Continuing with fallback.
2026-03-30T17:54:23.516+0200 [INFO] [org.gradle.launcher.daemon.server.Daemon] start() called on daemon - DefaultDaemonContext[uid=d3a731ba-63d1-41aa-a762-baa247629bcd,javaHome=C:\Program Files\Eclipse Adoptium\jdk-21.0.6.7-hotspot,javaVersion=21,javaVendor=Eclipse Adoptium,daemonRegistryDir=C:\Users\Luciano Muratore\Documents\ChordSeqAI\daemon,pid=20072,idleTimeout=10800000,priority=NORMAL,applyInstrumentationAgent=true,nativeServicesMode=ENABLED,daemonOpts=-XX:MaxMetaspaceSize=384m,-XX:+HeapDumpOnOutOfMemoryError,-Xms256m,-Xmx512m,-Dfile.encoding=UTF-8,-Duser.country=US,-Duser.language=en,-Duser.variant]
2026-03-30T17:54:23.604+0200 [DEBUG] [org.gradle.internal.remote.internal.inet.TcpIncomingConnector] Listening on [1c43fb53-c27f-467c-804b-9ea57b8922fe port:54505, addresses:[localhost/127.0.0.1]].
2026-03-30T17:54:23.626+0200 [DEBUG] [org.gradle.launcher.daemon.server.Daemon] Daemon starting at: Mon Mar 30 17:54:23 CEST 2026, with address: [1c43fb53-c27f-467c-804b-9ea57b8922fe port:54505, addresses:[localhost/127.0.0.1]]
2026-03-30T17:54:23.627+0200 [INFO] [org.gradle.launcher.daemon.server.DaemonRegistryUpdater] Advertising the daemon address to the clients: [1c43fb53-c27f-467c-804b-9ea57b8922fe port:54505, addresses:[localhost/127.0.0.1]]
2026-03-30T17:54:23.627+0200 [DEBUG] [org.gradle.launcher.daemon.server.DaemonRegistryUpdater] Advertised daemon context: DefaultDaemonContext[uid=d3a731ba-63d1-41aa-a762-baa247629bcd,javaHome=C:\Program Files\Eclipse Adoptium\jdk-21.0.6.7-hotspot,javaVersion=21,javaVendor=Eclipse Adoptium,daemonRegistryDir=C:\Users\Luciano Muratore\Documents\ChordSeqAI\daemon,pid=20072,idleTimeout=10800000,priority=NORMAL,applyInstrumentationAgent=true,nativeServicesMode=ENABLED,daemonOpts=-XX:MaxMetaspaceSize=384m,-XX:+HeapDumpOnOutOfMemoryError,-Xms256m,-Xmx512m,-Dfile.encoding=UTF-8,-Duser.country=US,-Duser.language=en,-Duser.variant]
2026-03-30T17:54:23.629+0200 [DEBUG] [org.gradle.launcher.daemon.registry.PersistentDaemonRegistry] Storing daemon address: [1c43fb53-c27f-467c-804b-9ea57b8922fe port:54505, addresses:[localhost/127.0.0.1]], context: DefaultDaemonContext[uid=d3a731ba-63d1-41aa-a762-baa247629bcd,javaHome=C:\Program Files\Eclipse Adoptium\jdk-21.0.6.7-hotspot,javaVersion=21,javaVendor=Eclipse Adoptium,daemonRegistryDir=C:\Users\Luciano Muratore\Documents\ChordSeqAI\daemon,pid=20072,idleTimeout=10800000,priority=NORMAL,applyInstrumentationAgent=true,nativeServicesMode=ENABLED,daemonOpts=-XX:MaxMetaspaceSize=384m,-XX:+HeapDumpOnOutOfMemoryError,-Xms256m,-Xmx512m,-Dfile.encoding=UTF-8,-Duser.country=US,-Duser.language=en,-Duser.variant]
2026-03-30T17:54:23.644+0200 [DEBUG] [org.gradle.cache.internal.DefaultFileLockManager] Waiting to acquire exclusive lock on daemon addresses registry.
2026-03-30T17:54:23.650+0200 [DEBUG] [org.gradle.cache.internal.DefaultFileLockManager] Lock acquired on daemon addresses registry.
2026-03-30T17:54:23.658+0200 [DEBUG] [org.gradle.cache.internal.DefaultFileLockManager] Releasing lock on daemon addresses registry.
2026-03-30T17:54:23.658+0200 [LIFECYCLE] [org.gradle.launcher.daemon.server.Daemon] Daemon server started.
2026-03-30T17:54:23.660+0200 [DEBUG] [org.gradle.launcher.daemon.bootstrap.DaemonStartupCommunication] Completed writing the daemon greeting. Closing streams...
2026-03-30T17:54:23.677+0200 [DEBUG] [org.gradle.internal.remote.internal.inet.TcpIncomingConnector] Accepted connection from /127.0.0.1:54506 to /127.0.0.1:54505.
2026-03-30T17:54:23.698+0200 [DEBUG] [org.gradle.launcher.daemon.server.Daemon] stopOnExpiration() called on daemon
2026-03-30T17:54:23.706+0200 [DEBUG] [org.gradle.launcher.daemon.server.Daemon] awaitExpiration() called on daemon
2026-03-30T17:54:23.709+0200 [DEBUG] [org.gradle.launcher.daemon.server.DaemonStateCoordinator] daemon is running. Sleeping until state changes.
2026-03-30T17:54:23.806+0200 [DEBUG] [org.gradle.launcher.daemon.server.SynchronizedDispatchConnection] thread 30: received class org.gradle.launcher.daemon.protocol.Build
2026-03-30T17:54:23.806+0200 [DEBUG] [org.gradle.launcher.daemon.server.DefaultDaemonConnection] thread 30: Received non-IO message from client: Build{id=ec55c831-d673-4b4a-a971-286b0ac2084c, currentDir=C:\Users\Luciano Muratore\Documents\ChordSeqAI\app}
2026-03-30T17:54:23.807+0200 [INFO] [org.gradle.launcher.daemon.server.DefaultIncomingConnectionHandler] Received command: Build{id=ec55c831-d673-4b4a-a971-286b0ac2084c, currentDir=C:\Users\Luciano Muratore\Documents\ChordSeqAI\app}.
2026-03-30T17:54:23.807+0200 [DEBUG] [org.gradle.launcher.daemon.server.DefaultIncomingConnectionHandler] Starting executing command: Build{id=ec55c831-d673-4b4a-a971-286b0ac2084c, currentDir=C:\Users\Luciano Muratore\Documents\ChordSeqAI\app} with connection: socket connection from /127.0.0.1:54505 to /127.0.0.1:54506.
2026-03-30T17:54:23.811+0200 [DEBUG] [org.gradle.launcher.daemon.server.DaemonStateCoordinator] Command execution: started DaemonCommandExecution[command = Build{id=ec55c831-d673-4b4a-a971-286b0ac2084c, currentDir=C:\Users\Luciano Muratore\Documents\ChordSeqAI\app}, connection = DefaultDaemonConnection: socket connection from /127.0.0.1:54505 to /127.0.0.1:54506] after 0.003533333333333333 minutes of idle
2026-03-30T17:54:23.811+0200 [INFO] [org.gradle.launcher.daemon.server.DaemonRegistryUpdater] Marking the daemon as busy, address: [1c43fb53-c27f-467c-804b-9ea57b8922fe port:54505, addresses:[localhost/127.0.0.1]]
2026-03-30T17:54:23.811+0200 [DEBUG] [org.gradle.launcher.daemon.registry.PersistentDaemonRegistry] Marking busy by address: [1c43fb53-c27f-467c-804b-9ea57b8922fe port:54505, addresses:[localhost/127.0.0.1]]
2026-03-30T17:54:23.813+0200 [DEBUG] [org.gradle.cache.internal.DefaultFileLockManager] Waiting to acquire exclusive lock on daemon addresses registry.
2026-03-30T17:54:23.814+0200 [DEBUG] [org.gradle.cache.internal.DefaultFileLockManager] Lock acquired on daemon addresses registry.
2026-03-30T17:54:23.816+0200 [DEBUG] [org.gradle.cache.internal.DefaultFileLockManager] Releasing lock on daemon addresses registry.
2026-03-30T17:54:23.817+0200 [DEBUG] [org.gradle.launcher.daemon.server.DaemonStateCoordinator] resetting idle timer
2026-03-30T17:54:23.817+0200 [DEBUG] [org.gradle.launcher.daemon.server.DaemonStateCoordinator] daemon is running. Sleeping until state changes.
2026-03-30T17:54:23.819+0200 [INFO] [org.gradle.launcher.daemon.server.exec.StartBuildOrRespondWithBusy] Daemon is about to start building Build{id=ec55c831-d673-4b4a-a971-286b0ac2084c, currentDir=C:\Users\Luciano Muratore\Documents\ChordSeqAI\app}. Dispatching build started information...
2026-03-30T17:54:23.819+0200 [DEBUG] [org.gradle.launcher.daemon.server.SynchronizedDispatchConnection] thread 32: dispatching org.gradle.launcher.daemon.protocol.BuildStarted@31fd4358
2026-03-30T17:54:23.822+0200 [DEBUG] [org.gradle.launcher.daemon.server.exec.EstablishBuildEnvironment] Configuring env variables: [USERDOMAIN_ROAMINGPROFILE, PROCESSOR_LEVEL, g++, SESSIONNAME, ALLUSERSPROFILE, PROCESSOR_ARCHITECTURE, PSModulePath, SystemDrive, USERNAME, ProgramFiles(x86), PYTHONPATH, PATHEXT, DriverData, PyCharm Community Edition, ProgramData, ProgramW6432, HOMEPATH, PROCESSOR_IDENTIFIER, ProgramFiles, PUBLIC, windir, =::, LOCALAPPDATA, ChocolateyLastPathUpdate, IntelliJ IDEA, USERDOMAIN, LOGONSERVER, OPCODE6DIR64, CABAL_DIR, OneDrive, APPDATA, ChocolateyInstall, GHCUP_INSTALL_BASE_PREFIX, VBOX_MSI_INSTALL_PATH, CommonProgramFiles, Path, OS, COMPUTERNAME, PROCESSOR_REVISION, CommonProgramW6432, ComSpec, GSTREAMER_1_0_ROOT_MSVC_X86_64, RAWWAVE_PATH, SystemRoot, TEMP, HOMEDRIVE, USERPROFILE, TMP, CommonProgramFiles(x86), NUMBER_OF_PROCESSORS]
2026-03-30T17:54:23.828+0200 [DEBUG] [org.gradle.launcher.daemon.server.exec.LogToClient] About to start relaying all logs to the client via the connection.
2026-03-30T17:54:23.828+0200 [INFO] [org.gradle.launcher.daemon.server.exec.LogToClient] The client will now receive all logging from the daemon (pid: 20072). The daemon log file: C:\Users\Luciano Muratore\Documents\ChordSeqAI\daemon\9.3.0\daemon-20072.out.log
2026-03-30T17:54:23.830+0200 [INFO] [org.gradle.launcher.daemon.server.exec.LogAndCheckHealth] Starting build in new daemon [memory: 512 MiB]
2026-03-30T17:54:23.841+0200 [DEBUG] [org.gradle.launcher.daemon.server.exec.ExecuteBuild] The daemon has started executing the build.
2026-03-30T17:54:23.842+0200 [DEBUG] [org.gradle.launcher.daemon.server.exec.ExecuteBuild] Executing build with daemon context: DefaultDaemonContext[uid=d3a731ba-63d1-41aa-a762-baa247629bcd,javaHome=C:\Program Files\Eclipse Adoptium\jdk-21.0.6.7-hotspot,javaVersion=21,javaVendor=Eclipse Adoptium,daemonRegistryDir=C:\Users\Luciano Muratore\Documents\ChordSeqAI\daemon,pid=20072,idleTimeout=10800000,priority=NORMAL,applyInstrumentationAgent=true,nativeServicesMode=ENABLED,daemonOpts=-XX:MaxMetaspaceSize=384m,-XX:+HeapDumpOnOutOfMemoryError,-Xms256m,-Xmx512m,-Dfile.encoding=UTF-8,-Duser.country=US,-Duser.language=en,-Duser.variant]

CONFIGURE SUCCESSFUL in 22s
2026-03-30T17:54:41.867+0200 [DEBUG] [org.gradle.launcher.daemon.server.exec.ExecuteBuild] The daemon has finished executing the build.
2026-03-30T17:54:41.884+0200 [DEBUG] [org.gradle.launcher.daemon.server.DaemonStateCoordinator] daemon is running. Sleeping until state changes.
2026-03-30T17:54:41.884+0200 [DEBUG] [org.gradle.launcher.daemon.server.DaemonStateCoordinator] Command execution: finished waiting for DaemonCommandExecution[command = Build{id=ec55c831-d673-4b4a-a971-286b0ac2084c, currentDir=C:\Users\Luciano Muratore\Documents\ChordSeqAI\app}, connection = DefaultDaemonConnection: socket connection from /127.0.0.1:54505 to /127.0.0.1:54506]. Result org.gradle.launcher.daemon.server.DaemonStateCoordinator@7dff57a0 with state Busy
2026-03-30T17:54:41.884+0200 [DEBUG] [org.gradle.launcher.daemon.server.DaemonStateCoordinator] Command execution: completed DaemonCommandExecution[command = Build{id=ec55c831-d673-4b4a-a971-286b0ac2084c, currentDir=C:\Users\Luciano Muratore\Documents\ChordSeqAI\app}, connection = DefaultDaemonConnection: socket connection from /127.0.0.1:54505 to /127.0.0.1:54506]
2026-03-30T17:54:41.885+0200 [DEBUG] [org.gradle.launcher.daemon.server.DaemonStateCoordinator] resetting idle timer
2026-03-30T17:54:41.885+0200 [INFO] [org.gradle.launcher.daemon.server.DaemonRegistryUpdater] Marking the daemon as idle, address: [1c43fb53-c27f-467c-804b-9ea57b8922fe port:54505, addresses:[localhost/127.0.0.1]]
2026-03-30T17:54:41.885+0200 [DEBUG] [org.gradle.launcher.daemon.registry.PersistentDaemonRegistry] Marking busy by address: [1c43fb53-c27f-467c-804b-9ea57b8922fe port:54505, addresses:[localhost/127.0.0.1]]
2026-03-30T17:54:41.886+0200 [DEBUG] [org.gradle.cache.internal.DefaultFileLockManager] Waiting to acquire exclusive lock on daemon addresses registry.
2026-03-30T17:54:41.887+0200 [DEBUG] [org.gradle.cache.internal.DefaultFileLockManager] Lock acquired on daemon addresses registry.
2026-03-30T17:54:41.889+0200 [DEBUG] [org.gradle.cache.internal.DefaultFileLockManager] Releasing lock on daemon addresses registry.
2026-03-30T17:54:41.890+0200 [DEBUG] [org.gradle.launcher.daemon.server.DaemonStateCoordinator] daemon is running. Sleeping until state changes.
2026-03-30T17:54:41.890+0200 [DEBUG] [org.gradle.launcher.daemon.server.exec.ReturnResult] Daemon is dispatching the build result: Success[value=org.gradle.launcher.exec.BuildActionResult@7c526779]
2026-03-30T17:54:41.891+0200 [DEBUG] [org.gradle.launcher.daemon.server.SynchronizedDispatchConnection] thread 29: dispatching Success[value=org.gradle.launcher.exec.BuildActionResult@7c526779]
2026-03-30T17:54:41.933+0200 [DEBUG] [org.gradle.launcher.daemon.server.SynchronizedDispatchConnection] thread 30: received class org.gradle.launcher.daemon.protocol.CloseInput
2026-03-30T17:54:41.936+0200 [DEBUG] [org.gradle.launcher.daemon.server.DefaultDaemonConnection] thread 30: Received IO message from client: org.gradle.launcher.daemon.protocol.CloseInput@268b4d53
2026-03-30T17:54:41.936+0200 [DEBUG] [org.gradle.launcher.daemon.server.SynchronizedDispatchConnection] thread 30: received class org.gradle.launcher.daemon.protocol.Finished
2026-03-30T17:54:41.937+0200 [DEBUG] [org.gradle.launcher.daemon.server.DefaultDaemonConnection] thread 30: Received non-IO message from client: org.gradle.launcher.daemon.protocol.Finished@3033c9e8
2026-03-30T17:54:41.937+0200 [DEBUG] [org.gradle.internal.remote.internal.inet.SocketConnection] Discarding EOFException: java.io.EOFException
2026-03-30T17:54:41.937+0200 [DEBUG] [org.gradle.launcher.daemon.server.SynchronizedDispatchConnection] thread 30: received null
2026-03-30T17:54:41.938+0200 [DEBUG] [org.gradle.launcher.daemon.server.DefaultDaemonConnection] thread 30: Received end-of-input from client.
2026-03-30T17:54:41.944+0200 [DEBUG] [org.gradle.launcher.daemon.server.DefaultIncomingConnectionHandler] Finishing executing command: Build{id=ec55c831-d673-4b4a-a971-286b0ac2084c, currentDir=C:\Users\Luciano Muratore\Documents\ChordSeqAI\app}
2026-03-30T17:54:41.944+0200 [WARN] [org.gradle.launcher.daemon.server.DefaultIncomingConnectionHandler] Timed out waiting for finished message from client socket connection from /127.0.0.1:54505 to /127.0.0.1:54506. Discarding connection.
2026-03-30T17:54:41.945+0200 [DEBUG] [org.gradle.launcher.daemon.server.SynchronizedDispatchConnection] thread 29: stopping connection
2026-03-30T17:54:41.947+0200 [DEBUG] [org.gradle.launcher.daemon.server.SynchronizedDispatchConnection] thread 29: stopping connection
2026-03-30T17:54:41.948+0200 [DEBUG] [org.gradle.launcher.daemon.server.exec.CleanUpVirtualFileSystemAfterBuild] Cleaning virtual file system after build finished
2026-03-30T17:54:43.715+0200 [DEBUG] [org.gradle.launcher.daemon.server.Daemon] Starting periodic daemon health check.
2026-03-30T17:54:43.717+0200 [DEBUG] [org.gradle.cache.internal.DefaultFileLockManager] Waiting to acquire shared lock on daemon addresses registry.
2026-03-30T17:54:43.719+0200 [DEBUG] [org.gradle.cache.internal.DefaultFileLockManager] Lock acquired on daemon addresses registry.
2026-03-30T17:54:43.721+0200 [DEBUG] [org.gradle.cache.internal.DefaultFileLockManager] Releasing lock on daemon addresses registry.
2026-03-30T17:54:43.726+0200 [DEBUG] [org.gradle.cache.internal.DefaultFileLockManager] Waiting to acquire shared lock on daemon addresses registry.
2026-03-30T17:54:43.726+0200 [DEBUG] [org.gradle.cache.internal.DefaultFileLockManager] Lock acquired on daemon addresses registry.
2026-03-30T17:54:43.728+0200 [DEBUG] [org.gradle.cache.internal.DefaultFileLockManager] Releasing lock on daemon addresses registry.
2026-03-30T17:54:43.728+0200 [DEBUG] [org.gradle.launcher.daemon.server.Daemon] Finished periodic daemon health check.
2026-03-30T17:54:44.759+0200 [DEBUG] [org.gradle.internal.remote.internal.inet.TcpIncomingConnector] Accepted connection from /127.0.0.1:54508 to /127.0.0.1:54505.
2026-03-30T17:54:44.783+0200 [DEBUG] [org.gradle.launcher.daemon.server.SynchronizedDispatchConnection] thread 44: received class org.gradle.launcher.daemon.protocol.Build
2026-03-30T17:54:44.783+0200 [DEBUG] [org.gradle.launcher.daemon.server.DefaultDaemonConnection] thread 44: Received non-IO message from client: Build{id=f1b0d278-aff0-43d5-9561-6dd0510817ce, currentDir=C:\Users\Luciano Muratore\Documents\ChordSeqAI\app}
2026-03-30T17:54:44.783+0200 [INFO] [org.gradle.launcher.daemon.server.DefaultIncomingConnectionHandler] Received command: Build{id=f1b0d278-aff0-43d5-9561-6dd0510817ce, currentDir=C:\Users\Luciano Muratore\Documents\ChordSeqAI\app}.
2026-03-30T17:54:44.784+0200 [DEBUG] [org.gradle.launcher.daemon.server.DefaultIncomingConnectionHandler] Starting executing command: Build{id=f1b0d278-aff0-43d5-9561-6dd0510817ce, currentDir=C:\Users\Luciano Muratore\Documents\ChordSeqAI\app} with connection: socket connection from /127.0.0.1:54505 to /127.0.0.1:54508.
2026-03-30T17:54:44.784+0200 [DEBUG] [org.gradle.launcher.daemon.server.DaemonStateCoordinator] Command execution: started DaemonCommandExecution[command = Build{id=f1b0d278-aff0-43d5-9561-6dd0510817ce, currentDir=C:\Users\Luciano Muratore\Documents\ChordSeqAI\app}, connection = DefaultDaemonConnection: socket connection from /127.0.0.1:54505 to /127.0.0.1:54508] after 0.0483 minutes of idle
2026-03-30T17:54:44.784+0200 [INFO] [org.gradle.launcher.daemon.server.DaemonRegistryUpdater] Marking the daemon as busy, address: [1c43fb53-c27f-467c-804b-9ea57b8922fe port:54505, addresses:[localhost/127.0.0.1]]
2026-03-30T17:54:44.785+0200 [DEBUG] [org.gradle.launcher.daemon.registry.PersistentDaemonRegistry] Marking busy by address: [1c43fb53-c27f-467c-804b-9ea57b8922fe port:54505, addresses:[localhost/127.0.0.1]]
2026-03-30T17:54:44.786+0200 [DEBUG] [org.gradle.cache.internal.DefaultFileLockManager] Waiting to acquire exclusive lock on daemon addresses registry.
2026-03-30T17:54:44.787+0200 [DEBUG] [org.gradle.cache.internal.DefaultFileLockManager] Lock acquired on daemon addresses registry.
2026-03-30T17:54:44.789+0200 [DEBUG] [org.gradle.cache.internal.DefaultFileLockManager] Releasing lock on daemon addresses registry.
2026-03-30T17:54:44.789+0200 [DEBUG] [org.gradle.launcher.daemon.server.DaemonStateCoordinator] resetting idle timer
2026-03-30T17:54:44.790+0200 [DEBUG] [org.gradle.launcher.daemon.server.DaemonStateCoordinator] daemon is running. Sleeping until state changes.
2026-03-30T17:54:44.790+0200 [INFO] [org.gradle.launcher.daemon.server.exec.StartBuildOrRespondWithBusy] Daemon is about to start building Build{id=f1b0d278-aff0-43d5-9561-6dd0510817ce, currentDir=C:\Users\Luciano Muratore\Documents\ChordSeqAI\app}. Dispatching build started information...
2026-03-30T17:54:44.790+0200 [DEBUG] [org.gradle.launcher.daemon.server.SynchronizedDispatchConnection] thread 32: dispatching org.gradle.launcher.daemon.protocol.BuildStarted@32418c25
2026-03-30T17:54:44.791+0200 [DEBUG] [org.gradle.launcher.daemon.server.exec.EstablishBuildEnvironment] Configuring env variables: [USERDOMAIN_ROAMINGPROFILE, PROCESSOR_LEVEL, g++, SESSIONNAME, ALLUSERSPROFILE, PROCESSOR_ARCHITECTURE, PSModulePath, SystemDrive, USERNAME, ProgramFiles(x86), PYTHONPATH, PATHEXT, DriverData, PyCharm Community Edition, ProgramData, ProgramW6432, HOMEPATH, PROCESSOR_IDENTIFIER, ProgramFiles, PUBLIC, windir, =::, LOCALAPPDATA, ChocolateyLastPathUpdate, IntelliJ IDEA, USERDOMAIN, OPCODE6DIR64, LOGONSERVER, CABAL_DIR, OneDrive, APPDATA, GHCUP_INSTALL_BASE_PREFIX, ChocolateyInstall, VBOX_MSI_INSTALL_PATH, CommonProgramFiles, Path, OS, COMPUTERNAME, PROCESSOR_REVISION, CommonProgramW6432, ComSpec, GSTREAMER_1_0_ROOT_MSVC_X86_64, RAWWAVE_PATH, TEMP, SystemRoot, HOMEDRIVE, USERPROFILE, TMP, CommonProgramFiles(x86), NUMBER_OF_PROCESSORS]
2026-03-30T17:54:44.796+0200 [DEBUG] [org.gradle.launcher.daemon.server.exec.LogToClient] About to start relaying all logs to the client via the connection.
2026-03-30T17:54:44.796+0200 [INFO] [org.gradle.launcher.daemon.server.exec.LogToClient] The client will now receive all logging from the daemon (pid: 20072). The daemon log file: C:\Users\Luciano Muratore\Documents\ChordSeqAI\daemon\9.3.0\daemon-20072.out.log
2026-03-30T17:54:44.798+0200 [INFO] [org.gradle.launcher.daemon.server.exec.LogAndCheckHealth] Starting 2nd build in daemon [uptime: 21.575 secs, performance: 98%, GC rate: 0.00/s, heap usage: 0% of 512 MiB, non-heap usage: 6% of 384 MiB]
2026-03-30T17:54:44.799+0200 [DEBUG] [org.gradle.launcher.daemon.server.exec.ExecuteBuild] The daemon has started executing the build.
2026-03-30T17:54:44.799+0200 [DEBUG] [org.gradle.launcher.daemon.server.exec.ExecuteBuild] Executing build with daemon context: DefaultDaemonContext[uid=d3a731ba-63d1-41aa-a762-baa247629bcd,javaHome=C:\Program Files\Eclipse Adoptium\jdk-21.0.6.7-hotspot,javaVersion=21,javaVendor=Eclipse Adoptium,daemonRegistryDir=C:\Users\Luciano Muratore\Documents\ChordSeqAI\daemon,pid=20072,idleTimeout=10800000,priority=NORMAL,applyInstrumentationAgent=true,nativeServicesMode=ENABLED,daemonOpts=-XX:MaxMetaspaceSize=384m,-XX:+HeapDumpOnOutOfMemoryError,-Xms256m,-Xmx512m,-Dfile.encoding=UTF-8,-Duser.country=US,-Duser.language=en,-Duser.variant]

[Incubating] Problems report is available at: file:///C:/Users/Luciano%20Muratore/Documents/ChordSeqAI/build/reports/problems/problems-report.html

FAILURE: Build failed with an exception.

* What went wrong:
Task 'prepareKotlinBuildScriptModel' not found in project ':app'.

* Try:
> Run gradle tasks to get a list of available tasks.
> For more on name expansion, please refer to https://docs.gradle.org/9.3.0/userguide/command_line_interface.html#sec:name_abbreviation in the Gradle documentation.
> Run with --stacktrace option to get the stack trace.
> Run with --info or --debug option to get more log output.
> Run with --scan to get full insights from a Build Scan (powered by Develocity).
> Get more help at https://help.gradle.org.

Deprecated Gradle features were used in this build, making it incompatible with Gradle 10.

You can use '--warning-mode all' to show the individual deprecation warnings and determine if they come from your own scripts or plugins.

For more on this, please refer to https://docs.gradle.org/9.3.0/userguide/command_line_interface.html#sec:command_line_warnings in the Gradle documentation.

BUILD FAILED in 36s
2026-03-30T17:55:18.450+0200 [DEBUG] [org.gradle.launcher.daemon.server.exec.ExecuteBuild] The daemon has finished executing the build.
2026-03-30T17:55:18.468+0200 [DEBUG] [org.gradle.launcher.daemon.server.DaemonStateCoordinator] daemon is running. Sleeping until state changes.
2026-03-30T17:55:18.468+0200 [DEBUG] [org.gradle.launcher.daemon.server.DaemonStateCoordinator] Command execution: finished waiting for DaemonCommandExecution[command = Build{id=f1b0d278-aff0-43d5-9561-6dd0510817ce, currentDir=C:\Users\Luciano Muratore\Documents\ChordSeqAI\app}, connection = DefaultDaemonConnection: socket connection from /127.0.0.1:54505 to /127.0.0.1:54508]. Result org.gradle.launcher.daemon.server.DaemonStateCoordinator@7dff57a0 with state Busy
2026-03-30T17:55:18.470+0200 [DEBUG] [org.gradle.launcher.daemon.server.DaemonStateCoordinator] Command execution: completed DaemonCommandExecution[command = Build{id=f1b0d278-aff0-43d5-9561-6dd0510817ce, currentDir=C:\Users\Luciano Muratore\Documents\ChordSeqAI\app}, connection = DefaultDaemonConnection: socket connection from /127.0.0.1:54505 to /127.0.0.1:54508]
2026-03-30T17:55:18.471+0200 [DEBUG] [org.gradle.launcher.daemon.server.DaemonStateCoordinator] resetting idle timer
2026-03-30T17:55:18.471+0200 [INFO] [org.gradle.launcher.daemon.server.DaemonRegistryUpdater] Marking the daemon as idle, address: [1c43fb53-c27f-467c-804b-9ea57b8922fe port:54505, addresses:[localhost/127.0.0.1]]
2026-03-30T17:55:18.471+0200 [DEBUG] [org.gradle.launcher.daemon.registry.PersistentDaemonRegistry] Marking busy by address: [1c43fb53-c27f-467c-804b-9ea57b8922fe port:54505, addresses:[localhost/127.0.0.1]]
2026-03-30T17:55:18.473+0200 [DEBUG] [org.gradle.cache.internal.DefaultFileLockManager] Waiting to acquire exclusive lock on daemon addresses registry.
2026-03-30T17:55:18.474+0200 [DEBUG] [org.gradle.cache.internal.DefaultFileLockManager] Lock acquired on daemon addresses registry.
2026-03-30T17:55:18.475+0200 [DEBUG] [org.gradle.cache.internal.DefaultFileLockManager] Releasing lock on daemon addresses registry.
2026-03-30T17:55:18.476+0200 [DEBUG] [org.gradle.launcher.daemon.server.DaemonStateCoordinator] daemon is running. Sleeping until state changes.
2026-03-30T17:55:18.476+0200 [DEBUG] [org.gradle.launcher.daemon.server.exec.ReturnResult] Daemon is dispatching the build result: Success[value=org.gradle.launcher.exec.BuildActionResult@5ebf3773]
2026-03-30T17:55:18.477+0200 [DEBUG] [org.gradle.launcher.daemon.server.SynchronizedDispatchConnection] thread 29: dispatching Success[value=org.gradle.launcher.exec.BuildActionResult@5ebf3773]
2026-03-30T17:55:18.488+0200 [DEBUG] [org.gradle.launcher.daemon.server.SynchronizedDispatchConnection] thread 44: received class org.gradle.launcher.daemon.protocol.CloseInput
2026-03-30T17:55:18.489+0200 [DEBUG] [org.gradle.launcher.daemon.server.DefaultDaemonConnection] thread 44: Received IO message from client: org.gradle.launcher.daemon.protocol.CloseInput@3143f20e
2026-03-30T17:55:18.489+0200 [DEBUG] [org.gradle.launcher.daemon.server.SynchronizedDispatchConnection] thread 44: received class org.gradle.launcher.daemon.protocol.Finished
2026-03-30T17:55:18.490+0200 [DEBUG] [org.gradle.launcher.daemon.server.DefaultDaemonConnection] thread 44: Received non-IO message from client: org.gradle.launcher.daemon.protocol.Finished@4aa048c1
2026-03-30T17:55:18.490+0200 [DEBUG] [org.gradle.internal.remote.internal.inet.SocketConnection] Discarding EOFException: java.io.EOFException
2026-03-30T17:55:18.491+0200 [DEBUG] [org.gradle.launcher.daemon.server.SynchronizedDispatchConnection] thread 44: received null
2026-03-30T17:55:18.491+0200 [DEBUG] [org.gradle.launcher.daemon.server.DefaultDaemonConnection] thread 44: Received end-of-input from client.
2026-03-30T17:55:18.492+0200 [DEBUG] [org.gradle.launcher.daemon.server.exec.CleanUpVirtualFileSystemAfterBuild] Cleaning virtual file system after build finished
2026-03-30T17:55:18.499+0200 [DEBUG] [org.gradle.launcher.daemon.server.DefaultIncomingConnectionHandler] Finishing executing command: Build{id=f1b0d278-aff0-43d5-9561-6dd0510817ce, currentDir=C:\Users\Luciano Muratore\Documents\ChordSeqAI\app}
2026-03-30T17:55:18.499+0200 [WARN] [org.gradle.launcher.daemon.server.DefaultIncomingConnectionHandler] Timed out waiting for finished message from client socket connection from /127.0.0.1:54505 to /127.0.0.1:54508. Discarding connection.
2026-03-30T17:55:18.500+0200 [DEBUG] [org.gradle.launcher.daemon.server.SynchronizedDispatchConnection] thread 29: stopping connection
2026-03-30T17:55:18.501+0200 [DEBUG] [org.gradle.launcher.daemon.server.SynchronizedDispatchConnection] thread 29: stopping connection
2026-03-30T17:55:23.713+0200 [DEBUG] [org.gradle.launcher.daemon.server.Daemon] Starting periodic daemon health check.
2026-03-30T17:55:23.716+0200 [DEBUG] [org.gradle.cache.internal.DefaultFileLockManager] Waiting to acquire shared lock on daemon addresses registry.
2026-03-30T17:55:23.719+0200 [DEBUG] [org.gradle.cache.internal.DefaultFileLockManager] Lock acquired on daemon addresses registry.
2026-03-30T17:55:23.734+0200 [DEBUG] [org.gradle.cache.internal.DefaultFileLockManager] Releasing lock on daemon addresses registry.
2026-03-30T17:55:23.750+0200 [DEBUG] [org.gradle.cache.internal.DefaultFileLockManager] Waiting to acquire shared lock on daemon addresses registry.
2026-03-30T17:55:23.751+0200 [DEBUG] [org.gradle.cache.internal.DefaultFileLockManager] Lock acquired on daemon addresses registry.
2026-03-30T17:55:23.752+0200 [DEBUG] [org.gradle.cache.internal.DefaultFileLockManager] Releasing lock on daemon addresses registry.
2026-03-30T17:55:23.762+0200 [DEBUG] [org.gradle.launcher.daemon.server.Daemon] Finished periodic daemon health check.
2026-03-30T17:55:33.709+0200 [DEBUG] [org.gradle.launcher.daemon.server.Daemon] Starting periodic daemon health check.
2026-03-30T17:55:33.711+0200 [DEBUG] [org.gradle.cache.internal.DefaultFileLockManager] Waiting to acquire shared lock on daemon addresses registry.
2026-03-30T17:55:33.711+0200 [DEBUG] [org.gradle.cache.internal.DefaultFileLockManager] Lock acquired on daemon addresses registry.
2026-03-30T17:55:33.711+0200 [DEBUG] [org.gradle.cache.internal.DefaultFileLockManager] Releasing lock on daemon addresses registry.
2026-03-30T17:55:33.713+0200 [DEBUG] [org.gradle.cache.internal.DefaultFileLockManager] Waiting to acquire shared lock on daemon addresses registry.
2026-03-30T17:55:33.713+0200 [DEBUG] [org.gradle.cache.internal.DefaultFileLockManager] Lock acquired on daemon addresses registry.
2026-03-30T17:55:33.713+0200 [DEBUG] [org.gradle.cache.internal.DefaultFileLockManager] Releasing lock on daemon addresses registry.
2026-03-30T17:55:33.714+0200 [DEBUG] [org.gradle.launcher.daemon.server.Daemon] Finished periodic daemon health check.
2026-03-30T17:55:43.719+0200 [DEBUG] [org.gradle.launcher.daemon.server.Daemon] Starting periodic daemon health check.
2026-03-30T17:55:43.720+0200 [DEBUG] [org.gradle.cache.internal.DefaultFileLockManager] Waiting to acquire shared lock on daemon addresses registry.
2026-03-30T17:55:43.721+0200 [DEBUG] [org.gradle.cache.internal.DefaultFileLockManager] Lock acquired on daemon addresses registry.
2026-03-30T17:55:43.721+0200 [DEBUG] [org.gradle.cache.internal.DefaultFileLockManager] Releasing lock on daemon addresses registry.
2026-03-30T17:55:43.723+0200 [DEBUG] [org.gradle.cache.internal.DefaultFileLockManager] Waiting to acquire shared lock on daemon addresses registry.
2026-03-30T17:55:43.723+0200 [DEBUG] [org.gradle.cache.internal.DefaultFileLockManager] Lock acquired on daemon addresses registry.
2026-03-30T17:55:43.724+0200 [DEBUG] [org.gradle.cache.internal.DefaultFileLockManager] Releasing lock on daemon addresses registry.
2026-03-30T17:55:43.724+0200 [DEBUG] [org.gradle.launcher.daemon.server.Daemon] Finished periodic daemon health check.
2026-03-30T17:55:53.716+0200 [DEBUG] [org.gradle.launcher.daemon.server.Daemon] Starting periodic daemon health check.
2026-03-30T17:55:53.717+0200 [DEBUG] [org.gradle.cache.internal.DefaultFileLockManager] Waiting to acquire shared lock on daemon addresses registry.
2026-03-30T17:55:53.718+0200 [DEBUG] [org.gradle.cache.internal.DefaultFileLockManager] Lock acquired on daemon addresses registry.
2026-03-30T17:55:53.718+0200 [DEBUG] [org.gradle.cache.internal.DefaultFileLockManager] Releasing lock on daemon addresses registry.
2026-03-30T17:55:53.720+0200 [DEBUG] [org.gradle.cache.internal.DefaultFileLockManager] Waiting to acquire shared lock on daemon addresses registry.
2026-03-30T17:55:53.720+0200 [DEBUG] [org.gradle.cache.internal.DefaultFileLockManager] Lock acquired on daemon addresses registry.
2026-03-30T17:55:53.721+0200 [DEBUG] [org.gradle.cache.internal.DefaultFileLockManager] Releasing lock on daemon addresses registry.
2026-03-30T17:55:53.722+0200 [DEBUG] [org.gradle.launcher.daemon.server.Daemon] Finished periodic daemon health check.
2026-03-30T17:56:03.717+0200 [DEBUG] [org.gradle.launcher.daemon.server.Daemon] Starting periodic daemon health check.
2026-03-30T17:56:03.718+0200 [DEBUG] [org.gradle.cache.internal.DefaultFileLockManager] Waiting to acquire shared lock on daemon addresses registry.
2026-03-30T17:56:03.719+0200 [DEBUG] [org.gradle.cache.internal.DefaultFileLockManager] Lock acquired on daemon addresses registry.
2026-03-30T17:56:03.719+0200 [DEBUG] [org.gradle.cache.internal.DefaultFileLockManager] Releasing lock on daemon addresses registry.
2026-03-30T17:56:03.720+0200 [DEBUG] [org.gradle.cache.internal.DefaultFileLockManager] Waiting to acquire shared lock on daemon addresses registry.
2026-03-30T17:56:03.721+0200 [DEBUG] [org.gradle.cache.internal.DefaultFileLockManager] Lock acquired on daemon addresses registry.
2026-03-30T17:56:03.721+0200 [DEBUG] [org.gradle.cache.internal.DefaultFileLockManager] Releasing lock on daemon addresses registry.
2026-03-30T17:56:03.722+0200 [DEBUG] [org.gradle.launcher.daemon.server.Daemon] Finished periodic daemon health check.
2026-03-30T17:56:13.715+0200 [DEBUG] [org.gradle.launcher.daemon.server.Daemon] Starting periodic daemon health check.
2026-03-30T17:56:13.717+0200 [DEBUG] [org.gradle.cache.internal.DefaultFileLockManager] Waiting to acquire shared lock on daemon addresses registry.
2026-03-30T17:56:13.717+0200 [DEBUG] [org.gradle.cache.internal.DefaultFileLockManager] Lock acquired on daemon addresses registry.
2026-03-30T17:56:13.717+0200 [DEBUG] [org.gradle.cache.internal.DefaultFileLockManager] Releasing lock on daemon addresses registry.
2026-03-30T17:56:13.719+0200 [DEBUG] [org.gradle.cache.internal.DefaultFileLockManager] Waiting to acquire shared lock on daemon addresses registry.
2026-03-30T17:56:13.720+0200 [DEBUG] [org.gradle.cache.internal.DefaultFileLockManager] Lock acquired on daemon addresses registry.
2026-03-30T17:56:13.720+0200 [DEBUG] [org.gradle.cache.internal.DefaultFileLockManager] Releasing lock on daemon addresses registry.
2026-03-30T17:56:13.721+0200 [DEBUG] [org.gradle.launcher.daemon.server.Daemon] Finished periodic daemon health check.
2026-03-30T17:56:23.713+0200 [DEBUG] [org.gradle.launcher.daemon.server.Daemon] Starting periodic daemon health check.
2026-03-30T17:56:23.714+0200 [DEBUG] [org.gradle.cache.internal.DefaultFileLockManager] Waiting to acquire shared lock on daemon addresses registry.
2026-03-30T17:56:23.714+0200 [DEBUG] [org.gradle.cache.internal.DefaultFileLockManager] Lock acquired on daemon addresses registry.
2026-03-30T17:56:23.715+0200 [DEBUG] [org.gradle.cache.internal.DefaultFileLockManager] Releasing lock on daemon addresses registry.
2026-03-30T17:56:23.716+0200 [DEBUG] [org.gradle.cache.internal.DefaultFileLockManager] Waiting to acquire shared lock on daemon addresses registry.
2026-03-30T17:56:23.717+0200 [DEBUG] [org.gradle.cache.internal.DefaultFileLockManager] Lock acquired on daemon addresses registry.
2026-03-30T17:56:23.717+0200 [DEBUG] [org.gradle.cache.internal.DefaultFileLockManager] Releasing lock on daemon addresses registry.
2026-03-30T17:56:23.718+0200 [DEBUG] [org.gradle.launcher.daemon.server.Daemon] Finished periodic daemon health check.
2026-03-30T17:56:33.716+0200 [DEBUG] [org.gradle.launcher.daemon.server.Daemon] Starting periodic daemon health check.
2026-03-30T17:56:33.718+0200 [DEBUG] [org.gradle.cache.internal.DefaultFileLockManager] Waiting to acquire shared lock on daemon addresses registry.
2026-03-30T17:56:33.718+0200 [DEBUG] [org.gradle.cache.internal.DefaultFileLockManager] Lock acquired on daemon addresses registry.
2026-03-30T17:56:33.719+0200 [DEBUG] [org.gradle.cache.internal.DefaultFileLockManager] Releasing lock on daemon addresses registry.
2026-03-30T17:56:33.721+0200 [DEBUG] [org.gradle.cache.internal.DefaultFileLockManager] Waiting to acquire shared lock on daemon addresses registry.
2026-03-30T17:56:33.722+0200 [DEBUG] [org.gradle.cache.internal.DefaultFileLockManager] Lock acquired on daemon addresses registry.
2026-03-30T17:56:33.722+0200 [DEBUG] [org.gradle.cache.internal.DefaultFileLockManager] Releasing lock on daemon addresses registry.
2026-03-30T17:56:33.723+0200 [DEBUG] [org.gradle.launcher.daemon.server.Daemon] Finished periodic daemon health check.
2026-03-30T17:56:43.714+0200 [DEBUG] [org.gradle.launcher.daemon.server.Daemon] Starting periodic daemon health check.
2026-03-30T17:56:43.715+0200 [DEBUG] [org.gradle.cache.internal.DefaultFileLockManager] Waiting to acquire shared lock on daemon addresses registry.
2026-03-30T17:56:43.716+0200 [DEBUG] [org.gradle.cache.internal.DefaultFileLockManager] Lock acquired on daemon addresses registry.
2026-03-30T17:56:43.716+0200 [DEBUG] [org.gradle.cache.internal.DefaultFileLockManager] Releasing lock on daemon addresses registry.
2026-03-30T17:56:43.718+0200 [DEBUG] [org.gradle.cache.internal.DefaultFileLockManager] Waiting to acquire shared lock on daemon addresses registry.
2026-03-30T17:56:43.719+0200 [DEBUG] [org.gradle.cache.internal.DefaultFileLockManager] Lock acquired on daemon addresses registry.
2026-03-30T17:56:43.719+0200 [DEBUG] [org.gradle.cache.internal.DefaultFileLockManager] Releasing lock on daemon addresses registry.
2026-03-30T17:56:43.720+0200 [DEBUG] [org.gradle.launcher.daemon.server.Daemon] Finished periodic daemon health check.
2026-03-30T17:56:53.713+0200 [DEBUG] [org.gradle.launcher.daemon.server.Daemon] Starting periodic daemon health check.
2026-03-30T17:56:53.714+0200 [DEBUG] [org.gradle.cache.internal.DefaultFileLockManager] Waiting to acquire shared lock on daemon addresses registry.
2026-03-30T17:56:53.715+0200 [DEBUG] [org.gradle.cache.internal.DefaultFileLockManager] Lock acquired on daemon addresses registry.
2026-03-30T17:56:53.715+0200 [DEBUG] [org.gradle.cache.internal.DefaultFileLockManager] Releasing lock on daemon addresses registry.
2026-03-30T17:56:53.717+0200 [DEBUG] [org.gradle.cache.internal.DefaultFileLockManager] Waiting to acquire shared lock on daemon addresses registry.
2026-03-30T17:56:53.717+0200 [DEBUG] [org.gradle.cache.internal.DefaultFileLockManager] Lock acquired on daemon addresses registry.
2026-03-30T17:56:53.718+0200 [DEBUG] [org.gradle.cache.internal.DefaultFileLockManager] Releasing lock on daemon addresses registry.
2026-03-30T17:56:53.718+0200 [DEBUG] [org.gradle.launcher.daemon.server.Daemon] Finished periodic daemon health check.
2026-03-30T17:57:03.711+0200 [DEBUG] [org.gradle.launcher.daemon.server.Daemon] Starting periodic daemon health check.
2026-03-30T17:57:03.712+0200 [DEBUG] [org.gradle.cache.internal.DefaultFileLockManager] Waiting to acquire shared lock on daemon addresses registry.
2026-03-30T17:57:03.712+0200 [DEBUG] [org.gradle.cache.internal.DefaultFileLockManager] Lock acquired on daemon addresses registry.
2026-03-30T17:57:03.713+0200 [DEBUG] [org.gradle.cache.internal.DefaultFileLockManager] Releasing lock on daemon addresses registry.
2026-03-30T17:57:03.714+0200 [DEBUG] [org.gradle.cache.internal.DefaultFileLockManager] Waiting to acquire shared lock on daemon addresses registry.
2026-03-30T17:57:03.714+0200 [DEBUG] [org.gradle.cache.internal.DefaultFileLockManager] Lock acquired on daemon addresses registry.
2026-03-30T17:57:03.715+0200 [DEBUG] [org.gradle.cache.internal.DefaultFileLockManager] Releasing lock on daemon addresses registry.
2026-03-30T17:57:03.715+0200 [DEBUG] [org.gradle.launcher.daemon.server.Daemon] Finished periodic daemon health check.
2026-03-30T17:57:13.723+0200 [DEBUG] [org.gradle.launcher.daemon.server.Daemon] Starting periodic daemon health check.
2026-03-30T17:57:13.729+0200 [DEBUG] [org.gradle.cache.internal.DefaultFileLockManager] Waiting to acquire shared lock on daemon addresses registry.
2026-03-30T17:57:13.729+0200 [DEBUG] [org.gradle.cache.internal.DefaultFileLockManager] Lock acquired on daemon addresses registry.
2026-03-30T17:57:13.729+0200 [DEBUG] [org.gradle.cache.internal.DefaultFileLockManager] Releasing lock on daemon addresses registry.
2026-03-30T17:57:13.732+0200 [DEBUG] [org.gradle.cache.internal.DefaultFileLockManager] Waiting to acquire shared lock on daemon addresses registry.
2026-03-30T17:57:13.732+0200 [DEBUG] [org.gradle.cache.internal.DefaultFileLockManager] Lock acquired on daemon addresses registry.
2026-03-30T17:57:13.732+0200 [DEBUG] [org.gradle.cache.internal.DefaultFileLockManager] Releasing lock on daemon addresses registry.
2026-03-30T17:57:13.734+0200 [DEBUG] [org.gradle.launcher.daemon.server.Daemon] Finished periodic daemon health check.
2026-03-30T17:57:23.707+0200 [DEBUG] [org.gradle.launcher.daemon.server.Daemon] Starting periodic daemon health check.
2026-03-30T17:57:23.708+0200 [DEBUG] [org.gradle.cache.internal.DefaultFileLockManager] Waiting to acquire shared lock on daemon addresses registry.
2026-03-30T17:57:23.708+0200 [DEBUG] [org.gradle.cache.internal.DefaultFileLockManager] Lock acquired on daemon addresses registry.
2026-03-30T17:57:23.709+0200 [DEBUG] [org.gradle.cache.internal.DefaultFileLockManager] Releasing lock on daemon addresses registry.
2026-03-30T17:57:23.711+0200 [DEBUG] [org.gradle.cache.internal.DefaultFileLockManager] Waiting to acquire shared lock on daemon addresses registry.
2026-03-30T17:57:23.711+0200 [DEBUG] [org.gradle.cache.internal.DefaultFileLockManager] Lock acquired on daemon addresses registry.
2026-03-30T17:57:23.711+0200 [DEBUG] [org.gradle.cache.internal.DefaultFileLockManager] Releasing lock on daemon addresses registry.
2026-03-30T17:57:23.713+0200 [DEBUG] [org.gradle.launcher.daemon.server.Daemon] Finished periodic daemon health check.
2026-03-30T17:57:33.711+0200 [DEBUG] [org.gradle.launcher.daemon.server.Daemon] Starting periodic daemon health check.
2026-03-30T17:57:33.713+0200 [DEBUG] [org.gradle.cache.internal.DefaultFileLockManager] Waiting to acquire shared lock on daemon addresses registry.
2026-03-30T17:57:33.713+0200 [DEBUG] [org.gradle.cache.internal.DefaultFileLockManager] Lock acquired on daemon addresses registry.
2026-03-30T17:57:33.713+0200 [DEBUG] [org.gradle.cache.internal.DefaultFileLockManager] Releasing lock on daemon addresses registry.
2026-03-30T17:57:33.715+0200 [DEBUG] [org.gradle.cache.internal.DefaultFileLockManager] Waiting to acquire shared lock on daemon addresses registry.
2026-03-30T17:57:33.715+0200 [DEBUG] [org.gradle.cache.internal.DefaultFileLockManager] Lock acquired on daemon addresses registry.
2026-03-30T17:57:33.716+0200 [DEBUG] [org.gradle.cache.internal.DefaultFileLockManager] Releasing lock on daemon addresses registry.
2026-03-30T17:57:33.716+0200 [DEBUG] [org.gradle.launcher.daemon.server.Daemon] Finished periodic daemon health check.
2026-03-30T17:57:43.717+0200 [DEBUG] [org.gradle.launcher.daemon.server.Daemon] Starting periodic daemon health check.
2026-03-30T17:57:43.718+0200 [DEBUG] [org.gradle.cache.internal.DefaultFileLockManager] Waiting to acquire shared lock on daemon addresses registry.
2026-03-30T17:57:43.719+0200 [DEBUG] [org.gradle.cache.internal.DefaultFileLockManager] Lock acquired on daemon addresses registry.
2026-03-30T17:57:43.719+0200 [DEBUG] [org.gradle.cache.internal.DefaultFileLockManager] Releasing lock on daemon addresses registry.
2026-03-30T17:57:43.721+0200 [DEBUG] [org.gradle.cache.internal.DefaultFileLockManager] Waiting to acquire shared lock on daemon addresses registry.
2026-03-30T17:57:43.721+0200 [DEBUG] [org.gradle.cache.internal.DefaultFileLockManager] Lock acquired on daemon addresses registry.
2026-03-30T17:57:43.722+0200 [DEBUG] [org.gradle.cache.internal.DefaultFileLockManager] Releasing lock on daemon addresses registry.
2026-03-30T17:57:43.722+0200 [DEBUG] [org.gradle.launcher.daemon.server.Daemon] Finished periodic daemon health check.
2026-03-30T17:57:53.717+0200 [DEBUG] [org.gradle.launcher.daemon.server.Daemon] Starting periodic daemon health check.
2026-03-30T17:57:53.719+0200 [DEBUG] [org.gradle.cache.internal.DefaultFileLockManager] Waiting to acquire shared lock on daemon addresses registry.
2026-03-30T17:57:53.719+0200 [DEBUG] [org.gradle.cache.internal.DefaultFileLockManager] Lock acquired on daemon addresses registry.
2026-03-30T17:57:53.719+0200 [DEBUG] [org.gradle.cache.internal.DefaultFileLockManager] Releasing lock on daemon addresses registry.
2026-03-30T17:57:53.721+0200 [DEBUG] [org.gradle.cache.internal.DefaultFileLockManager] Waiting to acquire shared lock on daemon addresses registry.
2026-03-30T17:57:53.721+0200 [DEBUG] [org.gradle.cache.internal.DefaultFileLockManager] Lock acquired on daemon addresses registry.
2026-03-30T17:57:53.722+0200 [DEBUG] [org.gradle.cache.internal.DefaultFileLockManager] Releasing lock on daemon addresses registry.
2026-03-30T17:57:53.722+0200 [DEBUG] [org.gradle.launcher.daemon.server.Daemon] Finished periodic daemon health check.
2026-03-30T17:58:03.716+0200 [DEBUG] [org.gradle.launcher.daemon.server.Daemon] Starting periodic daemon health check.
2026-03-30T17:58:03.717+0200 [DEBUG] [org.gradle.cache.internal.DefaultFileLockManager] Waiting to acquire shared lock on daemon addresses registry.
2026-03-30T17:58:03.718+0200 [DEBUG] [org.gradle.cache.internal.DefaultFileLockManager] Lock acquired on daemon addresses registry.
2026-03-30T17:58:03.718+0200 [DEBUG] [org.gradle.cache.internal.DefaultFileLockManager] Releasing lock on daemon addresses registry.
2026-03-30T17:58:03.720+0200 [DEBUG] [org.gradle.cache.internal.DefaultFileLockManager] Waiting to acquire shared lock on daemon addresses registry.
2026-03-30T17:58:03.720+0200 [DEBUG] [org.gradle.cache.internal.DefaultFileLockManager] Lock acquired on daemon addresses registry.
2026-03-30T17:58:03.721+0200 [DEBUG] [org.gradle.cache.internal.DefaultFileLockManager] Releasing lock on daemon addresses registry.
2026-03-30T17:58:03.721+0200 [DEBUG] [org.gradle.launcher.daemon.server.Daemon] Finished periodic daemon health check.
2026-03-30T17:58:13.709+0200 [DEBUG] [org.gradle.launcher.daemon.server.Daemon] Starting periodic daemon health check.
2026-03-30T17:58:13.710+0200 [DEBUG] [org.gradle.cache.internal.DefaultFileLockManager] Waiting to acquire shared lock on daemon addresses registry.
2026-03-30T17:58:13.711+0200 [DEBUG] [org.gradle.cache.internal.DefaultFileLockManager] Lock acquired on daemon addresses registry.
2026-03-30T17:58:13.711+0200 [DEBUG] [org.gradle.cache.internal.DefaultFileLockManager] Releasing lock on daemon addresses registry.
2026-03-30T17:58:13.712+0200 [DEBUG] [org.gradle.cache.internal.DefaultFileLockManager] Waiting to acquire shared lock on daemon addresses registry.
2026-03-30T17:58:13.713+0200 [DEBUG] [org.gradle.cache.internal.DefaultFileLockManager] Lock acquired on daemon addresses registry.
2026-03-30T17:58:13.713+0200 [DEBUG] [org.gradle.cache.internal.DefaultFileLockManager] Releasing lock on daemon addresses registry.
2026-03-30T17:58:13.713+0200 [DEBUG] [org.gradle.launcher.daemon.server.Daemon] Finished periodic daemon health check.
2026-03-30T17:58:23.713+0200 [DEBUG] [org.gradle.launcher.daemon.server.Daemon] Starting periodic daemon health check.
2026-03-30T17:58:23.714+0200 [DEBUG] [org.gradle.cache.internal.DefaultFileLockManager] Waiting to acquire shared lock on daemon addresses registry.
2026-03-30T17:58:23.715+0200 [DEBUG] [org.gradle.cache.internal.DefaultFileLockManager] Lock acquired on daemon addresses registry.
2026-03-30T17:58:23.715+0200 [DEBUG] [org.gradle.cache.internal.DefaultFileLockManager] Releasing lock on daemon addresses registry.
2026-03-30T17:58:23.717+0200 [DEBUG] [org.gradle.cache.internal.DefaultFileLockManager] Waiting to acquire shared lock on daemon addresses registry.
2026-03-30T17:58:23.717+0200 [DEBUG] [org.gradle.cache.internal.DefaultFileLockManager] Lock acquired on daemon addresses registry.
2026-03-30T17:58:23.717+0200 [DEBUG] [org.gradle.cache.internal.DefaultFileLockManager] Releasing lock on daemon addresses registry.
2026-03-30T17:58:23.718+0200 [DEBUG] [org.gradle.launcher.daemon.server.Daemon] Finished periodic daemon health check.
2026-03-30T17:58:33.720+0200 [DEBUG] [org.gradle.launcher.daemon.server.Daemon] Starting periodic daemon health check.
2026-03-30T17:58:33.721+0200 [DEBUG] [org.gradle.cache.internal.DefaultFileLockManager] Waiting to acquire shared lock on daemon addresses registry.
2026-03-30T17:58:33.721+0200 [DEBUG] [org.gradle.cache.internal.DefaultFileLockManager] Lock acquired on daemon addresses registry.
2026-03-30T17:58:33.722+0200 [DEBUG] [org.gradle.cache.internal.DefaultFileLockManager] Releasing lock on daemon addresses registry.
2026-03-30T17:58:33.723+0200 [DEBUG] [org.gradle.cache.internal.DefaultFileLockManager] Waiting to acquire shared lock on daemon addresses registry.
2026-03-30T17:58:33.724+0200 [DEBUG] [org.gradle.cache.internal.DefaultFileLockManager] Lock acquired on daemon addresses registry.
2026-03-30T17:58:33.724+0200 [DEBUG] [org.gradle.cache.internal.DefaultFileLockManager] Releasing lock on daemon addresses registry.
2026-03-30T17:58:33.724+0200 [DEBUG] [org.gradle.launcher.daemon.server.Daemon] Finished periodic daemon health check.
2026-03-30T17:58:43.713+0200 [DEBUG] [org.gradle.launcher.daemon.server.Daemon] Starting periodic daemon health check.
2026-03-30T17:58:43.714+0200 [DEBUG] [org.gradle.cache.internal.DefaultFileLockManager] Waiting to acquire shared lock on daemon addresses registry.
2026-03-30T17:58:43.714+0200 [DEBUG] [org.gradle.cache.internal.DefaultFileLockManager] Lock acquired on daemon addresses registry.
2026-03-30T17:58:43.715+0200 [DEBUG] [org.gradle.cache.internal.DefaultFileLockManager] Releasing lock on daemon addresses registry.
2026-03-30T17:58:43.717+0200 [DEBUG] [org.gradle.cache.internal.DefaultFileLockManager] Waiting to acquire shared lock on daemon addresses registry.
2026-03-30T17:58:43.717+0200 [DEBUG] [org.gradle.cache.internal.DefaultFileLockManager] Lock acquired on daemon addresses registry.
2026-03-30T17:58:43.717+0200 [DEBUG] [org.gradle.cache.internal.DefaultFileLockManager] Releasing lock on daemon addresses registry.
2026-03-30T17:58:43.718+0200 [DEBUG] [org.gradle.launcher.daemon.server.Daemon] Finished periodic daemon health check.
2026-03-30T17:58:53.706+0200 [DEBUG] [org.gradle.launcher.daemon.server.Daemon] Starting periodic daemon health check.
2026-03-30T17:58:53.708+0200 [DEBUG] [org.gradle.cache.internal.DefaultFileLockManager] Waiting to acquire shared lock on daemon addresses registry.
2026-03-30T17:58:53.708+0200 [DEBUG] [org.gradle.cache.internal.DefaultFileLockManager] Lock acquired on daemon addresses registry.
2026-03-30T17:58:53.708+0200 [DEBUG] [org.gradle.cache.internal.DefaultFileLockManager] Releasing lock on daemon addresses registry.
2026-03-30T17:58:53.710+0200 [DEBUG] [org.gradle.cache.internal.DefaultFileLockManager] Waiting to acquire shared lock on daemon addresses registry.
2026-03-30T17:58:53.710+0200 [DEBUG] [org.gradle.cache.internal.DefaultFileLockManager] Lock acquired on daemon addresses registry.
2026-03-30T17:58:53.710+0200 [DEBUG] [org.gradle.cache.internal.DefaultFileLockManager] Releasing lock on daemon addresses registry.
2026-03-30T17:58:53.711+0200 [DEBUG] [org.gradle.launcher.daemon.server.Daemon] Finished periodic daemon health check.
2026-03-30T17:59:03.711+0200 [DEBUG] [org.gradle.launcher.daemon.server.Daemon] Starting periodic daemon health check.
2026-03-30T17:59:03.714+0200 [DEBUG] [org.gradle.cache.internal.DefaultFileLockManager] Waiting to acquire shared lock on daemon addresses registry.
2026-03-30T17:59:03.714+0200 [DEBUG] [org.gradle.cache.internal.DefaultFileLockManager] Lock acquired on daemon addresses registry.
2026-03-30T17:59:03.715+0200 [DEBUG] [org.gradle.cache.internal.DefaultFileLockManager] Releasing lock on daemon addresses registry.
2026-03-30T17:59:03.717+0200 [DEBUG] [org.gradle.cache.internal.DefaultFileLockManager] Waiting to acquire shared lock on daemon addresses registry.
2026-03-30T17:59:03.717+0200 [DEBUG] [org.gradle.cache.internal.DefaultFileLockManager] Lock acquired on daemon addresses registry.
2026-03-30T17:59:03.718+0200 [DEBUG] [org.gradle.cache.internal.DefaultFileLockManager] Releasing lock on daemon addresses registry.
2026-03-30T17:59:03.718+0200 [DEBUG] [org.gradle.launcher.daemon.server.Daemon] Finished periodic daemon health check.
2026-03-30T17:59:13.708+0200 [DEBUG] [org.gradle.launcher.daemon.server.Daemon] Starting periodic daemon health check.
2026-03-30T17:59:13.709+0200 [DEBUG] [org.gradle.cache.internal.DefaultFileLockManager] Waiting to acquire shared lock on daemon addresses registry.
2026-03-30T17:59:13.710+0200 [DEBUG] [org.gradle.cache.internal.DefaultFileLockManager] Lock acquired on daemon addresses registry.
2026-03-30T17:59:13.710+0200 [DEBUG] [org.gradle.cache.internal.DefaultFileLockManager] Releasing lock on daemon addresses registry.
2026-03-30T17:59:13.712+0200 [DEBUG] [org.gradle.cache.internal.DefaultFileLockManager] Waiting to acquire shared lock on daemon addresses registry.
2026-03-30T17:59:13.713+0200 [DEBUG] [org.gradle.cache.internal.DefaultFileLockManager] Lock acquired on daemon addresses registry.
2026-03-30T17:59:13.713+0200 [DEBUG] [org.gradle.cache.internal.DefaultFileLockManager] Releasing lock on daemon addresses registry.
2026-03-30T17:59:13.714+0200 [DEBUG] [org.gradle.launcher.daemon.server.Daemon] Finished periodic daemon health check.
2026-03-30T17:59:23.722+0200 [DEBUG] [org.gradle.launcher.daemon.server.Daemon] Starting periodic daemon health check.
2026-03-30T17:59:23.723+0200 [DEBUG] [org.gradle.cache.internal.DefaultFileLockManager] Waiting to acquire shared lock on daemon addresses registry.
2026-03-30T17:59:23.723+0200 [DEBUG] [org.gradle.cache.internal.DefaultFileLockManager] Lock acquired on daemon addresses registry.
2026-03-30T17:59:23.723+0200 [DEBUG] [org.gradle.cache.internal.DefaultFileLockManager] Releasing lock on daemon addresses registry.
2026-03-30T17:59:23.725+0200 [DEBUG] [org.gradle.cache.internal.DefaultFileLockManager] Waiting to acquire shared lock on daemon addresses registry.
2026-03-30T17:59:23.726+0200 [DEBUG] [org.gradle.cache.internal.DefaultFileLockManager] Lock acquired on daemon addresses registry.
2026-03-30T17:59:23.726+0200 [DEBUG] [org.gradle.cache.internal.DefaultFileLockManager] Releasing lock on daemon addresses registry.
2026-03-30T17:59:23.727+0200 [DEBUG] [org.gradle.launcher.daemon.server.Daemon] Finished periodic daemon health check.
2026-03-30T17:59:33.721+0200 [DEBUG] [org.gradle.launcher.daemon.server.Daemon] Starting periodic daemon health check.
2026-03-30T17:59:33.723+0200 [DEBUG] [org.gradle.cache.internal.DefaultFileLockManager] Waiting to acquire shared lock on daemon addresses registry.
2026-03-30T17:59:33.723+0200 [DEBUG] [org.gradle.cache.internal.DefaultFileLockManager] Lock acquired on daemon addresses registry.
2026-03-30T17:59:33.724+0200 [DEBUG] [org.gradle.cache.internal.DefaultFileLockManager] Releasing lock on daemon addresses registry.
2026-03-30T17:59:33.725+0200 [DEBUG] [org.gradle.cache.internal.DefaultFileLockManager] Waiting to acquire shared lock on daemon addresses registry.
2026-03-30T17:59:33.726+0200 [DEBUG] [org.gradle.cache.internal.DefaultFileLockManager] Lock acquired on daemon addresses registry.
2026-03-30T17:59:33.726+0200 [DEBUG] [org.gradle.cache.internal.DefaultFileLockManager] Releasing lock on daemon addresses registry.
2026-03-30T17:59:33.726+0200 [DEBUG] [org.gradle.launcher.daemon.server.Daemon] Finished periodic daemon health check.
2026-03-30T17:59:43.708+0200 [DEBUG] [org.gradle.launcher.daemon.server.Daemon] Starting periodic daemon health check.
2026-03-30T17:59:43.710+0200 [DEBUG] [org.gradle.cache.internal.DefaultFileLockManager] Waiting to acquire shared lock on daemon addresses registry.
2026-03-30T17:59:43.710+0200 [DEBUG] [org.gradle.cache.internal.DefaultFileLockManager] Lock acquired on daemon addresses registry.
2026-03-30T17:59:43.710+0200 [DEBUG] [org.gradle.cache.internal.DefaultFileLockManager] Releasing lock on daemon addresses registry.
2026-03-30T17:59:43.712+0200 [DEBUG] [org.gradle.cache.internal.DefaultFileLockManager] Waiting to acquire shared lock on daemon addresses registry.
2026-03-30T17:59:43.712+0200 [DEBUG] [org.gradle.cache.internal.DefaultFileLockManager] Lock acquired on daemon addresses registry.
2026-03-30T17:59:43.713+0200 [DEBUG] [org.gradle.cache.internal.DefaultFileLockManager] Releasing lock on daemon addresses registry.
2026-03-30T17:59:43.713+0200 [DEBUG] [org.gradle.launcher.daemon.server.Daemon] Finished periodic daemon health check.
2026-03-30T17:59:53.706+0200 [DEBUG] [org.gradle.launcher.daemon.server.Daemon] Starting periodic daemon health check.
2026-03-30T17:59:53.709+0200 [DEBUG] [org.gradle.cache.internal.DefaultFileLockManager] Waiting to acquire shared lock on daemon addresses registry.
2026-03-30T17:59:53.710+0200 [DEBUG] [org.gradle.cache.internal.DefaultFileLockManager] Lock acquired on daemon addresses registry.
2026-03-30T17:59:53.711+0200 [DEBUG] [org.gradle.cache.internal.DefaultFileLockManager] Releasing lock on daemon addresses registry.
2026-03-30T17:59:53.713+0200 [DEBUG] [org.gradle.cache.internal.DefaultFileLockManager] Waiting to acquire shared lock on daemon addresses registry.
2026-03-30T17:59:53.713+0200 [DEBUG] [org.gradle.cache.internal.DefaultFileLockManager] Lock acquired on daemon addresses registry.
2026-03-30T17:59:53.713+0200 [DEBUG] [org.gradle.cache.internal.DefaultFileLockManager] Releasing lock on daemon addresses registry.
2026-03-30T17:59:53.714+0200 [DEBUG] [org.gradle.launcher.daemon.server.Daemon] Finished periodic daemon health check.
2026-03-30T18:00:03.718+0200 [DEBUG] [org.gradle.launcher.daemon.server.Daemon] Starting periodic daemon health check.
2026-03-30T18:00:03.719+0200 [DEBUG] [org.gradle.cache.internal.DefaultFileLockManager] Waiting to acquire shared lock on daemon addresses registry.
2026-03-30T18:00:03.719+0200 [DEBUG] [org.gradle.cache.internal.DefaultFileLockManager] Lock acquired on daemon addresses registry.
2026-03-30T18:00:03.720+0200 [DEBUG] [org.gradle.cache.internal.DefaultFileLockManager] Releasing lock on daemon addresses registry.
2026-03-30T18:00:03.721+0200 [DEBUG] [org.gradle.cache.internal.DefaultFileLockManager] Waiting to acquire shared lock on daemon addresses registry.
2026-03-30T18:00:03.721+0200 [DEBUG] [org.gradle.cache.internal.DefaultFileLockManager] Lock acquired on daemon addresses registry.
2026-03-30T18:00:03.722+0200 [DEBUG] [org.gradle.cache.internal.DefaultFileLockManager] Releasing lock on daemon addresses registry.
2026-03-30T18:00:03.722+0200 [DEBUG] [org.gradle.launcher.daemon.server.Daemon] Finished periodic daemon health check.
2026-03-30T18:00:13.719+0200 [DEBUG] [org.gradle.launcher.daemon.server.Daemon] Starting periodic daemon health check.
2026-03-30T18:00:13.723+0200 [DEBUG] [org.gradle.cache.internal.DefaultFileLockManager] Waiting to acquire shared lock on daemon addresses registry.
2026-03-30T18:00:13.723+0200 [DEBUG] [org.gradle.cache.internal.DefaultFileLockManager] Lock acquired on daemon addresses registry.
2026-03-30T18:00:13.724+0200 [DEBUG] [org.gradle.cache.internal.DefaultFileLockManager] Releasing lock on daemon addresses registry.
2026-03-30T18:00:13.728+0200 [DEBUG] [org.gradle.cache.internal.DefaultFileLockManager] Waiting to acquire shared lock on daemon addresses registry.
2026-03-30T18:00:13.728+0200 [DEBUG] [org.gradle.cache.internal.DefaultFileLockManager] Lock acquired on daemon addresses registry.
2026-03-30T18:00:13.729+0200 [DEBUG] [org.gradle.cache.internal.DefaultFileLockManager] Releasing lock on daemon addresses registry.
2026-03-30T18:00:13.730+0200 [DEBUG] [org.gradle.launcher.daemon.server.Daemon] Finished periodic daemon health check.
2026-03-30T18:00:23.720+0200 [DEBUG] [org.gradle.launcher.daemon.server.Daemon] Starting periodic daemon health check.
2026-03-30T18:00:23.722+0200 [DEBUG] [org.gradle.cache.internal.DefaultFileLockManager] Waiting to acquire shared lock on daemon addresses registry.
2026-03-30T18:00:23.722+0200 [DEBUG] [org.gradle.cache.internal.DefaultFileLockManager] Lock acquired on daemon addresses registry.
2026-03-30T18:00:23.722+0200 [DEBUG] [org.gradle.cache.internal.DefaultFileLockManager] Releasing lock on daemon addresses registry.
2026-03-30T18:00:23.725+0200 [DEBUG] [org.gradle.cache.internal.DefaultFileLockManager] Waiting to acquire shared lock on daemon addresses registry.
2026-03-30T18:00:23.725+0200 [DEBUG] [org.gradle.cache.internal.DefaultFileLockManager] Lock acquired on daemon addresses registry.
2026-03-30T18:00:23.726+0200 [DEBUG] [org.gradle.cache.internal.DefaultFileLockManager] Releasing lock on daemon addresses registry.
2026-03-30T18:00:23.726+0200 [DEBUG] [org.gradle.launcher.daemon.server.Daemon] Finished periodic daemon health check.
2026-03-30T18:00:33.708+0200 [DEBUG] [org.gradle.launcher.daemon.server.Daemon] Starting periodic daemon health check.
2026-03-30T18:00:33.711+0200 [DEBUG] [org.gradle.cache.internal.DefaultFileLockManager] Waiting to acquire shared lock on daemon addresses registry.
2026-03-30T18:00:33.711+0200 [DEBUG] [org.gradle.cache.internal.DefaultFileLockManager] Lock acquired on daemon addresses registry.
2026-03-30T18:00:33.712+0200 [DEBUG] [org.gradle.cache.internal.DefaultFileLockManager] Releasing lock on daemon addresses registry.
2026-03-30T18:00:33.716+0200 [DEBUG] [org.gradle.cache.internal.DefaultFileLockManager] Waiting to acquire shared lock on daemon addresses registry.
2026-03-30T18:00:33.717+0200 [DEBUG] [org.gradle.cache.internal.DefaultFileLockManager] Lock acquired on daemon addresses registry.
2026-03-30T18:00:33.718+0200 [DEBUG] [org.gradle.cache.internal.DefaultFileLockManager] Releasing lock on daemon addresses registry.
2026-03-30T18:00:33.719+0200 [DEBUG] [org.gradle.launcher.daemon.server.Daemon] Finished periodic daemon health check.
2026-03-30T18:00:43.718+0200 [DEBUG] [org.gradle.launcher.daemon.server.Daemon] Starting periodic daemon health check.
2026-03-30T18:00:43.722+0200 [DEBUG] [org.gradle.cache.internal.DefaultFileLockManager] Waiting to acquire shared lock on daemon addresses registry.
2026-03-30T18:00:43.723+0200 [DEBUG] [org.gradle.cache.internal.DefaultFileLockManager] Lock acquired on daemon addresses registry.
2026-03-30T18:00:43.724+0200 [DEBUG] [org.gradle.cache.internal.DefaultFileLockManager] Releasing lock on daemon addresses registry.
2026-03-30T18:00:43.729+0200 [DEBUG] [org.gradle.cache.internal.DefaultFileLockManager] Waiting to acquire shared lock on daemon addresses registry.
2026-03-30T18:00:43.730+0200 [DEBUG] [org.gradle.cache.internal.DefaultFileLockManager] Lock acquired on daemon addresses registry.
2026-03-30T18:00:43.731+0200 [DEBUG] [org.gradle.cache.internal.DefaultFileLockManager] Releasing lock on daemon addresses registry.
2026-03-30T18:00:43.732+0200 [DEBUG] [org.gradle.launcher.daemon.server.Daemon] Finished periodic daemon health check.
2026-03-30T18:00:53.712+0200 [DEBUG] [org.gradle.launcher.daemon.server.Daemon] Starting periodic daemon health check.
2026-03-30T18:00:53.715+0200 [DEBUG] [org.gradle.cache.internal.DefaultFileLockManager] Waiting to acquire shared lock on daemon addresses registry.
2026-03-30T18:00:53.716+0200 [DEBUG] [org.gradle.cache.internal.DefaultFileLockManager] Lock acquired on daemon addresses registry.
2026-03-30T18:00:53.716+0200 [DEBUG] [org.gradle.cache.internal.DefaultFileLockManager] Releasing lock on daemon addresses registry.
2026-03-30T18:00:53.720+0200 [DEBUG] [org.gradle.cache.internal.DefaultFileLockManager] Waiting to acquire shared lock on daemon addresses registry.
2026-03-30T18:00:53.720+0200 [DEBUG] [org.gradle.cache.internal.DefaultFileLockManager] Lock acquired on daemon addresses registry.
2026-03-30T18:00:53.721+0200 [DEBUG] [org.gradle.cache.internal.DefaultFileLockManager] Releasing lock on daemon addresses registry.
2026-03-30T18:00:53.722+0200 [DEBUG] [org.gradle.launcher.daemon.server.Daemon] Finished periodic daemon health check.
2026-03-30T18:01:03.709+0200 [DEBUG] [org.gradle.launcher.daemon.server.Daemon] Starting periodic daemon health check.
2026-03-30T18:01:03.713+0200 [DEBUG] [org.gradle.cache.internal.DefaultFileLockManager] Waiting to acquire shared lock on daemon addresses registry.
2026-03-30T18:01:03.714+0200 [DEBUG] [org.gradle.cache.internal.DefaultFileLockManager] Lock acquired on daemon addresses registry.
2026-03-30T18:01:03.715+0200 [DEBUG] [org.gradle.cache.internal.DefaultFileLockManager] Releasing lock on daemon addresses registry.
2026-03-30T18:01:03.719+0200 [DEBUG] [org.gradle.cache.internal.DefaultFileLockManager] Waiting to acquire shared lock on daemon addresses registry.
2026-03-30T18:01:03.720+0200 [DEBUG] [org.gradle.cache.internal.DefaultFileLockManager] Lock acquired on daemon addresses registry.
2026-03-30T18:01:03.721+0200 [DEBUG] [org.gradle.cache.internal.DefaultFileLockManager] Releasing lock on daemon addresses registry.
2026-03-30T18:01:03.722+0200 [DEBUG] [org.gradle.launcher.daemon.server.Daemon] Finished periodic daemon health check.
2026-03-30T18:01:13.719+0200 [DEBUG] [org.gradle.launcher.daemon.server.Daemon] Starting periodic daemon health check.
2026-03-30T18:01:13.722+0200 [DEBUG] [org.gradle.cache.internal.DefaultFileLockManager] Waiting to acquire shared lock on daemon addresses registry.
2026-03-30T18:01:13.722+0200 [DEBUG] [org.gradle.cache.internal.DefaultFileLockManager] Lock acquired on daemon addresses registry.
2026-03-30T18:01:13.723+0200 [DEBUG] [org.gradle.cache.internal.DefaultFileLockManager] Releasing lock on daemon addresses registry.
2026-03-30T18:01:13.726+0200 [DEBUG] [org.gradle.cache.internal.DefaultFileLockManager] Waiting to acquire shared lock on daemon addresses registry.
2026-03-30T18:01:13.726+0200 [DEBUG] [org.gradle.cache.internal.DefaultFileLockManager] Lock acquired on daemon addresses registry.
2026-03-30T18:01:13.727+0200 [DEBUG] [org.gradle.cache.internal.DefaultFileLockManager] Releasing lock on daemon addresses registry.
2026-03-30T18:01:13.728+0200 [DEBUG] [org.gradle.launcher.daemon.server.Daemon] Finished periodic daemon health check.
2026-03-30T18:01:23.718+0200 [DEBUG] [org.gradle.launcher.daemon.server.Daemon] Starting periodic daemon health check.
2026-03-30T18:01:23.719+0200 [DEBUG] [org.gradle.cache.internal.DefaultFileLockManager] Waiting to acquire shared lock on daemon addresses registry.
2026-03-30T18:01:23.720+0200 [DEBUG] [org.gradle.cache.internal.DefaultFileLockManager] Lock acquired on daemon addresses registry.
2026-03-30T18:01:23.720+0200 [DEBUG] [org.gradle.cache.internal.DefaultFileLockManager] Releasing lock on daemon addresses registry.
2026-03-30T18:01:23.721+0200 [DEBUG] [org.gradle.cache.internal.DefaultFileLockManager] Waiting to acquire shared lock on daemon addresses registry.
2026-03-30T18:01:23.722+0200 [DEBUG] [org.gradle.cache.internal.DefaultFileLockManager] Lock acquired on daemon addresses registry.
2026-03-30T18:01:23.722+0200 [DEBUG] [org.gradle.cache.internal.DefaultFileLockManager] Releasing lock on daemon addresses registry.
2026-03-30T18:01:23.722+0200 [DEBUG] [org.gradle.launcher.daemon.server.Daemon] Finished periodic daemon health check.
2026-03-30T18:01:33.719+0200 [DEBUG] [org.gradle.launcher.daemon.server.Daemon] Starting periodic daemon health check.
2026-03-30T18:01:33.722+0200 [DEBUG] [org.gradle.cache.internal.DefaultFileLockManager] Waiting to acquire shared lock on daemon addresses registry.
2026-03-30T18:01:33.722+0200 [DEBUG] [org.gradle.cache.internal.DefaultFileLockManager] Lock acquired on daemon addresses registry.
2026-03-30T18:01:33.723+0200 [DEBUG] [org.gradle.cache.internal.DefaultFileLockManager] Releasing lock on daemon addresses registry.
2026-03-30T18:01:33.725+0200 [DEBUG] [org.gradle.cache.internal.DefaultFileLockManager] Waiting to acquire shared lock on daemon addresses registry.
2026-03-30T18:01:33.725+0200 [DEBUG] [org.gradle.cache.internal.DefaultFileLockManager] Lock acquired on daemon addresses registry.
2026-03-30T18:01:33.726+0200 [DEBUG] [org.gradle.cache.internal.DefaultFileLockManager] Releasing lock on daemon addresses registry.
2026-03-30T18:01:33.726+0200 [DEBUG] [org.gradle.launcher.daemon.server.Daemon] Finished periodic daemon health check.
2026-03-30T18:01:43.715+0200 [DEBUG] [org.gradle.launcher.daemon.server.Daemon] Starting periodic daemon health check.
2026-03-30T18:01:43.717+0200 [DEBUG] [org.gradle.cache.internal.DefaultFileLockManager] Waiting to acquire shared lock on daemon addresses registry.
2026-03-30T18:01:43.718+0200 [DEBUG] [org.gradle.cache.internal.DefaultFileLockManager] Lock acquired on daemon addresses registry.
2026-03-30T18:01:43.719+0200 [DEBUG] [org.gradle.cache.internal.DefaultFileLockManager] Releasing lock on daemon addresses registry.
2026-03-30T18:01:43.723+0200 [DEBUG] [org.gradle.cache.internal.DefaultFileLockManager] Waiting to acquire shared lock on daemon addresses registry.
2026-03-30T18:01:43.724+0200 [DEBUG] [org.gradle.cache.internal.DefaultFileLockManager] Lock acquired on daemon addresses registry.
2026-03-30T18:01:43.724+0200 [DEBUG] [org.gradle.cache.internal.DefaultFileLockManager] Releasing lock on daemon addresses registry.
2026-03-30T18:01:43.725+0200 [DEBUG] [org.gradle.launcher.daemon.server.Daemon] Finished periodic daemon health check.
2026-03-30T18:01:53.711+0200 [DEBUG] [org.gradle.launcher.daemon.server.Daemon] Starting periodic daemon health check.
2026-03-30T18:01:53.714+0200 [DEBUG] [org.gradle.cache.internal.DefaultFileLockManager] Waiting to acquire shared lock on daemon addresses registry.
2026-03-30T18:01:53.715+0200 [DEBUG] [org.gradle.cache.internal.DefaultFileLockManager] Lock acquired on daemon addresses registry.
2026-03-30T18:01:53.715+0200 [DEBUG] [org.gradle.cache.internal.DefaultFileLockManager] Releasing lock on daemon addresses registry.
2026-03-30T18:01:53.718+0200 [DEBUG] [org.gradle.cache.internal.DefaultFileLockManager] Waiting to acquire shared lock on daemon addresses registry.
2026-03-30T18:01:53.718+0200 [DEBUG] [org.gradle.cache.internal.DefaultFileLockManager] Lock acquired on daemon addresses registry.
2026-03-30T18:01:53.719+0200 [DEBUG] [org.gradle.cache.internal.DefaultFileLockManager] Releasing lock on daemon addresses registry.
2026-03-30T18:01:53.720+0200 [DEBUG] [org.gradle.launcher.daemon.server.Daemon] Finished periodic daemon health check.
2026-03-30T18:02:03.708+0200 [DEBUG] [org.gradle.launcher.daemon.server.Daemon] Starting periodic daemon health check.
2026-03-30T18:02:03.711+0200 [DEBUG] [org.gradle.cache.internal.DefaultFileLockManager] Waiting to acquire shared lock on daemon addresses registry.
2026-03-30T18:02:03.711+0200 [DEBUG] [org.gradle.cache.internal.DefaultFileLockManager] Lock acquired on daemon addresses registry.
2026-03-30T18:02:03.712+0200 [DEBUG] [org.gradle.cache.internal.DefaultFileLockManager] Releasing lock on daemon addresses registry.
2026-03-30T18:02:03.715+0200 [DEBUG] [org.gradle.cache.internal.DefaultFileLockManager] Waiting to acquire shared lock on daemon addresses registry.
2026-03-30T18:02:03.715+0200 [DEBUG] [org.gradle.cache.internal.DefaultFileLockManager] Lock acquired on daemon addresses registry.
2026-03-30T18:02:03.716+0200 [DEBUG] [org.gradle.cache.internal.DefaultFileLockManager] Releasing lock on daemon addresses registry.
2026-03-30T18:02:03.717+0200 [DEBUG] [org.gradle.launcher.daemon.server.Daemon] Finished periodic daemon health check.
2026-03-30T18:02:13.707+0200 [DEBUG] [org.gradle.launcher.daemon.server.Daemon] Starting periodic daemon health check.
2026-03-30T18:02:13.709+0200 [DEBUG] [org.gradle.cache.internal.DefaultFileLockManager] Waiting to acquire shared lock on daemon addresses registry.
2026-03-30T18:02:13.709+0200 [DEBUG] [org.gradle.cache.internal.DefaultFileLockManager] Lock acquired on daemon addresses registry.
2026-03-30T18:02:13.710+0200 [DEBUG] [org.gradle.cache.internal.DefaultFileLockManager] Releasing lock on daemon addresses registry.
2026-03-30T18:02:13.712+0200 [DEBUG] [org.gradle.cache.internal.DefaultFileLockManager] Waiting to acquire shared lock on daemon addresses registry.
2026-03-30T18:02:13.713+0200 [DEBUG] [org.gradle.cache.internal.DefaultFileLockManager] Lock acquired on daemon addresses registry.
2026-03-30T18:02:13.714+0200 [DEBUG] [org.gradle.cache.internal.DefaultFileLockManager] Releasing lock on daemon addresses registry.
2026-03-30T18:02:13.714+0200 [DEBUG] [org.gradle.launcher.daemon.server.Daemon] Finished periodic daemon health check.
2026-03-30T18:02:23.721+0200 [DEBUG] [org.gradle.launcher.daemon.server.Daemon] Starting periodic daemon health check.
2026-03-30T18:02:23.723+0200 [DEBUG] [org.gradle.cache.internal.DefaultFileLockManager] Waiting to acquire shared lock on daemon addresses registry.
2026-03-30T18:02:23.723+0200 [DEBUG] [org.gradle.cache.internal.DefaultFileLockManager] Lock acquired on daemon addresses registry.
2026-03-30T18:02:23.724+0200 [DEBUG] [org.gradle.cache.internal.DefaultFileLockManager] Releasing lock on daemon addresses registry.
2026-03-30T18:02:23.725+0200 [DEBUG] [org.gradle.cache.internal.DefaultFileLockManager] Waiting to acquire shared lock on daemon addresses registry.
2026-03-30T18:02:23.725+0200 [DEBUG] [org.gradle.cache.internal.DefaultFileLockManager] Lock acquired on daemon addresses registry.
2026-03-30T18:02:23.726+0200 [DEBUG] [org.gradle.cache.internal.DefaultFileLockManager] Releasing lock on daemon addresses registry.
2026-03-30T18:02:23.726+0200 [DEBUG] [org.gradle.launcher.daemon.server.Daemon] Finished periodic daemon health check.
2026-03-30T18:02:33.709+0200 [DEBUG] [org.gradle.launcher.daemon.server.Daemon] Starting periodic daemon health check.
2026-03-30T18:02:33.711+0200 [DEBUG] [org.gradle.cache.internal.DefaultFileLockManager] Waiting to acquire shared lock on daemon addresses registry.
2026-03-30T18:02:33.712+0200 [DEBUG] [org.gradle.cache.internal.DefaultFileLockManager] Lock acquired on daemon addresses registry.
2026-03-30T18:02:33.712+0200 [DEBUG] [org.gradle.cache.internal.DefaultFileLockManager] Releasing lock on daemon addresses registry.
2026-03-30T18:02:33.714+0200 [DEBUG] [org.gradle.cache.internal.DefaultFileLockManager] Waiting to acquire shared lock on daemon addresses registry.
2026-03-30T18:02:33.714+0200 [DEBUG] [org.gradle.cache.internal.DefaultFileLockManager] Lock acquired on daemon addresses registry.
2026-03-30T18:02:33.714+0200 [DEBUG] [org.gradle.cache.internal.DefaultFileLockManager] Releasing lock on daemon addresses registry.
2026-03-30T18:02:33.715+0200 [DEBUG] [org.gradle.launcher.daemon.server.Daemon] Finished periodic daemon health check.
2026-03-30T18:02:43.711+0200 [DEBUG] [org.gradle.launcher.daemon.server.Daemon] Starting periodic daemon health check.
2026-03-30T18:02:43.714+0200 [DEBUG] [org.gradle.cache.internal.DefaultFileLockManager] Waiting to acquire shared lock on daemon addresses registry.
2026-03-30T18:02:43.714+0200 [DEBUG] [org.gradle.cache.internal.DefaultFileLockManager] Lock acquired on daemon addresses registry.
2026-03-30T18:02:43.714+0200 [DEBUG] [org.gradle.cache.internal.DefaultFileLockManager] Releasing lock on daemon addresses registry.
2026-03-30T18:02:43.716+0200 [DEBUG] [org.gradle.cache.internal.DefaultFileLockManager] Waiting to acquire shared lock on daemon addresses registry.
2026-03-30T18:02:43.716+0200 [DEBUG] [org.gradle.cache.internal.DefaultFileLockManager] Lock acquired on daemon addresses registry.
2026-03-30T18:02:43.716+0200 [DEBUG] [org.gradle.cache.internal.DefaultFileLockManager] Releasing lock on daemon addresses registry.
2026-03-30T18:02:43.716+0200 [DEBUG] [org.gradle.launcher.daemon.server.Daemon] Finished periodic daemon health check.
2026-03-30T18:02:53.708+0200 [DEBUG] [org.gradle.launcher.daemon.server.Daemon] Starting periodic daemon health check.
2026-03-30T18:02:53.710+0200 [DEBUG] [org.gradle.cache.internal.DefaultFileLockManager] Waiting to acquire shared lock on daemon addresses registry.
2026-03-30T18:02:53.710+0200 [DEBUG] [org.gradle.cache.internal.DefaultFileLockManager] Lock acquired on daemon addresses registry.
2026-03-30T18:02:53.711+0200 [DEBUG] [org.gradle.cache.internal.DefaultFileLockManager] Releasing lock on daemon addresses registry.
2026-03-30T18:02:53.715+0200 [DEBUG] [org.gradle.cache.internal.DefaultFileLockManager] Waiting to acquire shared lock on daemon addresses registry.
2026-03-30T18:02:53.716+0200 [DEBUG] [org.gradle.cache.internal.DefaultFileLockManager] Lock acquired on daemon addresses registry.
2026-03-30T18:02:53.716+0200 [DEBUG] [org.gradle.cache.internal.DefaultFileLockManager] Releasing lock on daemon addresses registry.
2026-03-30T18:02:53.717+0200 [DEBUG] [org.gradle.launcher.daemon.server.Daemon] Finished periodic daemon health check.
2026-03-30T18:03:03.718+0200 [DEBUG] [org.gradle.launcher.daemon.server.Daemon] Starting periodic daemon health check.
2026-03-30T18:03:03.721+0200 [DEBUG] [org.gradle.cache.internal.DefaultFileLockManager] Waiting to acquire shared lock on daemon addresses registry.
2026-03-30T18:03:03.721+0200 [DEBUG] [org.gradle.cache.internal.DefaultFileLockManager] Lock acquired on daemon addresses registry.
2026-03-30T18:03:03.722+0200 [DEBUG] [org.gradle.cache.internal.DefaultFileLockManager] Releasing lock on daemon addresses registry.
2026-03-30T18:03:03.725+0200 [DEBUG] [org.gradle.cache.internal.DefaultFileLockManager] Waiting to acquire shared lock on daemon addresses registry.
2026-03-30T18:03:03.726+0200 [DEBUG] [org.gradle.cache.internal.DefaultFileLockManager] Lock acquired on daemon addresses registry.
2026-03-30T18:03:03.727+0200 [DEBUG] [org.gradle.cache.internal.DefaultFileLockManager] Releasing lock on daemon addresses registry.
2026-03-30T18:03:03.728+0200 [DEBUG] [org.gradle.launcher.daemon.server.Daemon] Finished periodic daemon health check.
2026-03-30T18:03:13.722+0200 [DEBUG] [org.gradle.launcher.daemon.server.Daemon] Starting periodic daemon health check.
2026-03-30T18:03:13.727+0200 [DEBUG] [org.gradle.cache.internal.DefaultFileLockManager] Waiting to acquire shared lock on daemon addresses registry.
2026-03-30T18:03:13.727+0200 [DEBUG] [org.gradle.cache.internal.DefaultFileLockManager] Lock acquired on daemon addresses registry.
2026-03-30T18:03:13.729+0200 [DEBUG] [org.gradle.cache.internal.DefaultFileLockManager] Releasing lock on daemon addresses registry.
2026-03-30T18:03:13.735+0200 [DEBUG] [org.gradle.cache.internal.DefaultFileLockManager] Waiting to acquire shared lock on daemon addresses registry.
2026-03-30T18:03:13.736+0200 [DEBUG] [org.gradle.cache.internal.DefaultFileLockManager] Lock acquired on daemon addresses registry.
2026-03-30T18:03:13.737+0200 [DEBUG] [org.gradle.cache.internal.DefaultFileLockManager] Releasing lock on daemon addresses registry.
2026-03-30T18:03:13.738+0200 [DEBUG] [org.gradle.launcher.daemon.server.Daemon] Finished periodic daemon health check.
2026-03-30T18:03:23.711+0200 [DEBUG] [org.gradle.launcher.daemon.server.Daemon] Starting periodic daemon health check.
2026-03-30T18:03:23.714+0200 [DEBUG] [org.gradle.cache.internal.DefaultFileLockManager] Waiting to acquire shared lock on daemon addresses registry.
2026-03-30T18:03:23.714+0200 [DEBUG] [org.gradle.cache.internal.DefaultFileLockManager] Lock acquired on daemon addresses registry.
2026-03-30T18:03:23.715+0200 [DEBUG] [org.gradle.cache.internal.DefaultFileLockManager] Releasing lock on daemon addresses registry.
2026-03-30T18:03:23.720+0200 [DEBUG] [org.gradle.cache.internal.DefaultFileLockManager] Waiting to acquire shared lock on daemon addresses registry.
2026-03-30T18:03:23.720+0200 [DEBUG] [org.gradle.cache.internal.DefaultFileLockManager] Lock acquired on daemon addresses registry.
2026-03-30T18:03:23.721+0200 [DEBUG] [org.gradle.cache.internal.DefaultFileLockManager] Releasing lock on daemon addresses registry.
2026-03-30T18:03:23.722+0200 [DEBUG] [org.gradle.launcher.daemon.server.Daemon] Finished periodic daemon health check.
2026-03-30T18:03:33.707+0200 [DEBUG] [org.gradle.launcher.daemon.server.Daemon] Starting periodic daemon health check.
2026-03-30T18:03:33.712+0200 [DEBUG] [org.gradle.cache.internal.DefaultFileLockManager] Waiting to acquire shared lock on daemon addresses registry.
2026-03-30T18:03:33.713+0200 [DEBUG] [org.gradle.cache.internal.DefaultFileLockManager] Lock acquired on daemon addresses registry.
2026-03-30T18:03:33.714+0200 [DEBUG] [org.gradle.cache.internal.DefaultFileLockManager] Releasing lock on daemon addresses registry.
2026-03-30T18:03:33.719+0200 [DEBUG] [org.gradle.cache.internal.DefaultFileLockManager] Waiting to acquire shared lock on daemon addresses registry.
2026-03-30T18:03:33.720+0200 [DEBUG] [org.gradle.cache.internal.DefaultFileLockManager] Lock acquired on daemon addresses registry.
2026-03-30T18:03:33.721+0200 [DEBUG] [org.gradle.cache.internal.DefaultFileLockManager] Releasing lock on daemon addresses registry.
2026-03-30T18:03:33.723+0200 [DEBUG] [org.gradle.launcher.daemon.server.Daemon] Finished periodic daemon health check.
2026-03-30T18:03:43.710+0200 [DEBUG] [org.gradle.launcher.daemon.server.Daemon] Starting periodic daemon health check.
2026-03-30T18:03:43.711+0200 [DEBUG] [org.gradle.cache.internal.DefaultFileLockManager] Waiting to acquire shared lock on daemon addresses registry.
2026-03-30T18:03:43.712+0200 [DEBUG] [org.gradle.cache.internal.DefaultFileLockManager] Lock acquired on daemon addresses registry.
2026-03-30T18:03:43.712+0200 [DEBUG] [org.gradle.cache.internal.DefaultFileLockManager] Releasing lock on daemon addresses registry.
2026-03-30T18:03:43.713+0200 [DEBUG] [org.gradle.cache.internal.DefaultFileLockManager] Waiting to acquire shared lock on daemon addresses registry.
2026-03-30T18:03:43.713+0200 [DEBUG] [org.gradle.cache.internal.DefaultFileLockManager] Lock acquired on daemon addresses registry.
2026-03-30T18:03:43.714+0200 [DEBUG] [org.gradle.cache.internal.DefaultFileLockManager] Releasing lock on daemon addresses registry.
2026-03-30T18:03:43.714+0200 [DEBUG] [org.gradle.launcher.daemon.server.Daemon] Finished periodic daemon health check.
2026-03-30T18:03:53.722+0200 [DEBUG] [org.gradle.launcher.daemon.server.Daemon] Starting periodic daemon health check.
2026-03-30T18:03:53.727+0200 [DEBUG] [org.gradle.cache.internal.DefaultFileLockManager] Waiting to acquire shared lock on daemon addresses registry.
2026-03-30T18:03:53.727+0200 [DEBUG] [org.gradle.cache.internal.DefaultFileLockManager] Lock acquired on daemon addresses registry.
2026-03-30T18:03:53.728+0200 [DEBUG] [org.gradle.cache.internal.DefaultFileLockManager] Releasing lock on daemon addresses registry.
2026-03-30T18:03:53.734+0200 [DEBUG] [org.gradle.cache.internal.DefaultFileLockManager] Waiting to acquire shared lock on daemon addresses registry.
2026-03-30T18:03:53.734+0200 [DEBUG] [org.gradle.cache.internal.DefaultFileLockManager] Lock acquired on daemon addresses registry.
2026-03-30T18:03:53.735+0200 [DEBUG] [org.gradle.cache.internal.DefaultFileLockManager] Releasing lock on daemon addresses registry.
2026-03-30T18:03:53.737+0200 [DEBUG] [org.gradle.launcher.daemon.server.Daemon] Finished periodic daemon health check.
2026-03-30T18:04:03.711+0200 [DEBUG] [org.gradle.launcher.daemon.server.Daemon] Starting periodic daemon health check.
2026-03-30T18:04:03.713+0200 [DEBUG] [org.gradle.cache.internal.DefaultFileLockManager] Waiting to acquire shared lock on daemon addresses registry.
2026-03-30T18:04:03.713+0200 [DEBUG] [org.gradle.cache.internal.DefaultFileLockManager] Lock acquired on daemon addresses registry.
2026-03-30T18:04:03.714+0200 [DEBUG] [org.gradle.cache.internal.DefaultFileLockManager] Releasing lock on daemon addresses registry.
2026-03-30T18:04:03.716+0200 [DEBUG] [org.gradle.cache.internal.DefaultFileLockManager] Waiting to acquire shared lock on daemon addresses registry.
2026-03-30T18:04:03.716+0200 [DEBUG] [org.gradle.cache.internal.DefaultFileLockManager] Lock acquired on daemon addresses registry.
2026-03-30T18:04:03.717+0200 [DEBUG] [org.gradle.cache.internal.DefaultFileLockManager] Releasing lock on daemon addresses registry.
2026-03-30T18:04:03.718+0200 [DEBUG] [org.gradle.launcher.daemon.server.Daemon] Finished periodic daemon health check.
2026-03-30T18:04:13.733+0200 [DEBUG] [org.gradle.launcher.daemon.server.Daemon] Starting periodic daemon health check.
2026-03-30T18:04:13.739+0200 [DEBUG] [org.gradle.cache.internal.DefaultFileLockManager] Waiting to acquire shared lock on daemon addresses registry.
2026-03-30T18:04:13.740+0200 [DEBUG] [org.gradle.cache.internal.DefaultFileLockManager] Lock acquired on daemon addresses registry.
2026-03-30T18:04:13.740+0200 [DEBUG] [org.gradle.cache.internal.DefaultFileLockManager] Releasing lock on daemon addresses registry.
2026-03-30T18:04:13.743+0200 [DEBUG] [org.gradle.cache.internal.DefaultFileLockManager] Waiting to acquire shared lock on daemon addresses registry.
2026-03-30T18:04:13.743+0200 [DEBUG] [org.gradle.cache.internal.DefaultFileLockManager] Lock acquired on daemon addresses registry.
2026-03-30T18:04:13.744+0200 [DEBUG] [org.gradle.cache.internal.DefaultFileLockManager] Releasing lock on daemon addresses registry.
2026-03-30T18:04:13.745+0200 [DEBUG] [org.gradle.launcher.daemon.server.Daemon] Finished periodic daemon health check.
2026-03-30T18:04:23.711+0200 [DEBUG] [org.gradle.launcher.daemon.server.Daemon] Starting periodic daemon health check.
2026-03-30T18:04:23.713+0200 [DEBUG] [org.gradle.cache.internal.DefaultFileLockManager] Waiting to acquire shared lock on daemon addresses registry.
2026-03-30T18:04:23.714+0200 [DEBUG] [org.gradle.cache.internal.DefaultFileLockManager] Lock acquired on daemon addresses registry.
2026-03-30T18:04:23.714+0200 [DEBUG] [org.gradle.cache.internal.DefaultFileLockManager] Releasing lock on daemon addresses registry.
2026-03-30T18:04:23.716+0200 [DEBUG] [org.gradle.cache.internal.DefaultFileLockManager] Waiting to acquire shared lock on daemon addresses registry.
2026-03-30T18:04:23.716+0200 [DEBUG] [org.gradle.cache.internal.DefaultFileLockManager] Lock acquired on daemon addresses registry.
2026-03-30T18:04:23.717+0200 [DEBUG] [org.gradle.cache.internal.DefaultFileLockManager] Releasing lock on daemon addresses registry.
2026-03-30T18:04:23.717+0200 [DEBUG] [org.gradle.launcher.daemon.server.Daemon] Finished periodic daemon health check.
2026-03-30T18:04:33.718+0200 [DEBUG] [org.gradle.launcher.daemon.server.Daemon] Starting periodic daemon health check.
2026-03-30T18:04:33.720+0200 [DEBUG] [org.gradle.cache.internal.DefaultFileLockManager] Waiting to acquire shared lock on daemon addresses registry.
2026-03-30T18:04:33.720+0200 [DEBUG] [org.gradle.cache.internal.DefaultFileLockManager] Lock acquired on daemon addresses registry.
2026-03-30T18:04:33.721+0200 [DEBUG] [org.gradle.cache.internal.DefaultFileLockManager] Releasing lock on daemon addresses registry.
2026-03-30T18:04:33.724+0200 [DEBUG] [org.gradle.cache.internal.DefaultFileLockManager] Waiting to acquire shared lock on daemon addresses registry.
2026-03-30T18:04:33.724+0200 [DEBUG] [org.gradle.cache.internal.DefaultFileLockManager] Lock acquired on daemon addresses registry.
2026-03-30T18:04:33.724+0200 [DEBUG] [org.gradle.cache.internal.DefaultFileLockManager] Releasing lock on daemon addresses registry.
2026-03-30T18:04:33.725+0200 [DEBUG] [org.gradle.launcher.daemon.server.Daemon] Finished periodic daemon health check.
2026-03-30T18:04:43.716+0200 [DEBUG] [org.gradle.launcher.daemon.server.Daemon] Starting periodic daemon health check.
2026-03-30T18:04:43.719+0200 [DEBUG] [org.gradle.cache.internal.DefaultFileLockManager] Waiting to acquire shared lock on daemon addresses registry.
2026-03-30T18:04:43.719+0200 [DEBUG] [org.gradle.cache.internal.DefaultFileLockManager] Lock acquired on daemon addresses registry.
2026-03-30T18:04:43.719+0200 [DEBUG] [org.gradle.cache.internal.DefaultFileLockManager] Releasing lock on daemon addresses registry.
2026-03-30T18:04:43.721+0200 [DEBUG] [org.gradle.cache.internal.DefaultFileLockManager] Waiting to acquire shared lock on daemon addresses registry.
2026-03-30T18:04:43.721+0200 [DEBUG] [org.gradle.cache.internal.DefaultFileLockManager] Lock acquired on daemon addresses registry.
2026-03-30T18:04:43.721+0200 [DEBUG] [org.gradle.cache.internal.DefaultFileLockManager] Releasing lock on daemon addresses registry.
2026-03-30T18:04:43.722+0200 [DEBUG] [org.gradle.launcher.daemon.server.Daemon] Finished periodic daemon health check.
2026-03-30T18:04:53.724+0200 [DEBUG] [org.gradle.launcher.daemon.server.Daemon] Starting periodic daemon health check.
2026-03-30T18:04:53.726+0200 [DEBUG] [org.gradle.cache.internal.DefaultFileLockManager] Waiting to acquire shared lock on daemon addresses registry.
2026-03-30T18:04:53.727+0200 [DEBUG] [org.gradle.cache.internal.DefaultFileLockManager] Lock acquired on daemon addresses registry.
2026-03-30T18:04:53.727+0200 [DEBUG] [org.gradle.cache.internal.DefaultFileLockManager] Releasing lock on daemon addresses registry.
2026-03-30T18:04:53.731+0200 [DEBUG] [org.gradle.cache.internal.DefaultFileLockManager] Waiting to acquire shared lock on daemon addresses registry.
2026-03-30T18:04:53.731+0200 [DEBUG] [org.gradle.cache.internal.DefaultFileLockManager] Lock acquired on daemon addresses registry.
2026-03-30T18:04:53.733+0200 [DEBUG] [org.gradle.cache.internal.DefaultFileLockManager] Releasing lock on daemon addresses registry.
2026-03-30T18:04:53.738+0200 [DEBUG] [org.gradle.launcher.daemon.server.Daemon] Finished periodic daemon health check.
2026-03-30T18:05:03.712+0200 [DEBUG] [org.gradle.launcher.daemon.server.Daemon] Starting periodic daemon health check.
2026-03-30T18:05:03.713+0200 [DEBUG] [org.gradle.cache.internal.DefaultFileLockManager] Waiting to acquire shared lock on daemon addresses registry.
2026-03-30T18:05:03.714+0200 [DEBUG] [org.gradle.cache.internal.DefaultFileLockManager] Lock acquired on daemon addresses registry.
2026-03-30T18:05:03.715+0200 [DEBUG] [org.gradle.cache.internal.DefaultFileLockManager] Releasing lock on daemon addresses registry.
2026-03-30T18:05:03.718+0200 [DEBUG] [org.gradle.cache.internal.DefaultFileLockManager] Waiting to acquire shared lock on daemon addresses registry.
2026-03-30T18:05:03.719+0200 [DEBUG] [org.gradle.cache.internal.DefaultFileLockManager] Lock acquired on daemon addresses registry.
2026-03-30T18:05:03.719+0200 [DEBUG] [org.gradle.cache.internal.DefaultFileLockManager] Releasing lock on daemon addresses registry.
2026-03-30T18:05:03.720+0200 [DEBUG] [org.gradle.launcher.daemon.server.Daemon] Finished periodic daemon health check.
2026-03-30T18:05:13.733+0200 [DEBUG] [org.gradle.launcher.daemon.server.Daemon] Starting periodic daemon health check.
2026-03-30T18:05:13.825+0200 [DEBUG] [org.gradle.cache.internal.DefaultFileLockManager] Waiting to acquire shared lock on daemon addresses registry.
2026-03-30T18:05:13.826+0200 [DEBUG] [org.gradle.cache.internal.DefaultFileLockManager] Lock acquired on daemon addresses registry.
2026-03-30T18:05:13.826+0200 [DEBUG] [org.gradle.cache.internal.DefaultFileLockManager] Releasing lock on daemon addresses registry.
2026-03-30T18:05:13.829+0200 [DEBUG] [org.gradle.cache.internal.DefaultFileLockManager] Waiting to acquire shared lock on daemon addresses registry.
2026-03-30T18:05:13.829+0200 [DEBUG] [org.gradle.cache.internal.DefaultFileLockManager] Lock acquired on daemon addresses registry.
2026-03-30T18:05:13.830+0200 [DEBUG] [org.gradle.cache.internal.DefaultFileLockManager] Releasing lock on daemon addresses registry.
2026-03-30T18:05:13.831+0200 [DEBUG] [org.gradle.launcher.daemon.server.Daemon] Finished periodic daemon health check.
2026-03-30T18:05:23.790+0200 [DEBUG] [org.gradle.launcher.daemon.server.Daemon] Starting periodic daemon health check.
2026-03-30T18:05:23.792+0200 [DEBUG] [org.gradle.cache.internal.DefaultFileLockManager] Waiting to acquire shared lock on daemon addresses registry.
2026-03-30T18:05:23.793+0200 [DEBUG] [org.gradle.cache.internal.DefaultFileLockManager] Lock acquired on daemon addresses registry.
2026-03-30T18:05:23.793+0200 [DEBUG] [org.gradle.cache.internal.DefaultFileLockManager] Releasing lock on daemon addresses registry.
2026-03-30T18:05:23.795+0200 [DEBUG] [org.gradle.cache.internal.DefaultFileLockManager] Waiting to acquire shared lock on daemon addresses registry.
2026-03-30T18:05:23.795+0200 [DEBUG] [org.gradle.cache.internal.DefaultFileLockManager] Lock acquired on daemon addresses registry.
2026-03-30T18:05:23.796+0200 [DEBUG] [org.gradle.cache.internal.DefaultFileLockManager] Releasing lock on daemon addresses registry.
2026-03-30T18:05:23.797+0200 [DEBUG] [org.gradle.launcher.daemon.server.Daemon] Finished periodic daemon health check.
2026-03-30T18:05:33.818+0200 [DEBUG] [org.gradle.launcher.daemon.server.Daemon] Starting periodic daemon health check.
2026-03-30T18:05:33.865+0200 [DEBUG] [org.gradle.cache.internal.DefaultFileLockManager] Waiting to acquire shared lock on daemon addresses registry.
2026-03-30T18:05:33.866+0200 [DEBUG] [org.gradle.cache.internal.DefaultFileLockManager] Lock acquired on daemon addresses registry.
2026-03-30T18:05:33.866+0200 [DEBUG] [org.gradle.cache.internal.DefaultFileLockManager] Releasing lock on daemon addresses registry.
2026-03-30T18:05:33.870+0200 [DEBUG] [org.gradle.cache.internal.DefaultFileLockManager] Waiting to acquire shared lock on daemon addresses registry.
2026-03-30T18:05:33.870+0200 [DEBUG] [org.gradle.cache.internal.DefaultFileLockManager] Lock acquired on daemon addresses registry.
2026-03-30T18:05:33.871+0200 [DEBUG] [org.gradle.cache.internal.DefaultFileLockManager] Releasing lock on daemon addresses registry.
2026-03-30T18:05:33.875+0200 [DEBUG] [org.gradle.launcher.daemon.server.Daemon] Finished periodic daemon health check.
2026-03-30T18:05:43.751+0200 [DEBUG] [org.gradle.launcher.daemon.server.Daemon] Starting periodic daemon health check.
2026-03-30T18:05:43.754+0200 [DEBUG] [org.gradle.cache.internal.DefaultFileLockManager] Waiting to acquire shared lock on daemon addresses registry.
2026-03-30T18:05:43.755+0200 [DEBUG] [org.gradle.cache.internal.DefaultFileLockManager] Lock acquired on daemon addresses registry.
2026-03-30T18:05:43.755+0200 [DEBUG] [org.gradle.cache.internal.DefaultFileLockManager] Releasing lock on daemon addresses registry.
2026-03-30T18:05:43.758+0200 [DEBUG] [org.gradle.cache.internal.DefaultFileLockManager] Waiting to acquire shared lock on daemon addresses registry.
2026-03-30T18:05:43.758+0200 [DEBUG] [org.gradle.cache.internal.DefaultFileLockManager] Lock acquired on daemon addresses registry.
2026-03-30T18:05:43.761+0200 [DEBUG] [org.gradle.cache.internal.DefaultFileLockManager] Releasing lock on daemon addresses registry.
2026-03-30T18:05:43.762+0200 [DEBUG] [org.gradle.launcher.daemon.server.Daemon] Finished periodic daemon health check.
2026-03-30T18:05:53.718+0200 [DEBUG] [org.gradle.launcher.daemon.server.Daemon] Starting periodic daemon health check.
2026-03-30T18:05:53.722+0200 [DEBUG] [org.gradle.cache.internal.DefaultFileLockManager] Waiting to acquire shared lock on daemon addresses registry.
2026-03-30T18:05:53.723+0200 [DEBUG] [org.gradle.cache.internal.DefaultFileLockManager] Lock acquired on daemon addresses registry.
2026-03-30T18:05:53.724+0200 [DEBUG] [org.gradle.cache.internal.DefaultFileLockManager] Releasing lock on daemon addresses registry.
2026-03-30T18:05:53.725+0200 [DEBUG] [org.gradle.cache.internal.DefaultFileLockManager] Waiting to acquire shared lock on daemon addresses registry.
2026-03-30T18:05:53.726+0200 [DEBUG] [org.gradle.cache.internal.DefaultFileLockManager] Lock acquired on daemon addresses registry.
2026-03-30T18:05:53.726+0200 [DEBUG] [org.gradle.cache.internal.DefaultFileLockManager] Releasing lock on daemon addresses registry.
2026-03-30T18:05:53.726+0200 [DEBUG] [org.gradle.launcher.daemon.server.Daemon] Finished periodic daemon health check.
2026-03-30T18:06:03.724+0200 [DEBUG] [org.gradle.launcher.daemon.server.Daemon] Starting periodic daemon health check.
2026-03-30T18:06:03.726+0200 [DEBUG] [org.gradle.cache.internal.DefaultFileLockManager] Waiting to acquire shared lock on daemon addresses registry.
2026-03-30T18:06:03.727+0200 [DEBUG] [org.gradle.cache.internal.DefaultFileLockManager] Lock acquired on daemon addresses registry.
2026-03-30T18:06:03.727+0200 [DEBUG] [org.gradle.cache.internal.DefaultFileLockManager] Releasing lock on daemon addresses registry.
2026-03-30T18:06:03.730+0200 [DEBUG] [org.gradle.cache.internal.DefaultFileLockManager] Waiting to acquire shared lock on daemon addresses registry.
2026-03-30T18:06:03.730+0200 [DEBUG] [org.gradle.cache.internal.DefaultFileLockManager] Lock acquired on daemon addresses registry.
2026-03-30T18:06:03.730+0200 [DEBUG] [org.gradle.cache.internal.DefaultFileLockManager] Releasing lock on daemon addresses registry.
2026-03-30T18:06:03.731+0200 [DEBUG] [org.gradle.launcher.daemon.server.Daemon] Finished periodic daemon health check.
2026-03-30T18:06:13.723+0200 [DEBUG] [org.gradle.launcher.daemon.server.Daemon] Starting periodic daemon health check.
2026-03-30T18:06:13.725+0200 [DEBUG] [org.gradle.cache.internal.DefaultFileLockManager] Waiting to acquire shared lock on daemon addresses registry.
2026-03-30T18:06:13.725+0200 [DEBUG] [org.gradle.cache.internal.DefaultFileLockManager] Lock acquired on daemon addresses registry.
2026-03-30T18:06:13.725+0200 [DEBUG] [org.gradle.cache.internal.DefaultFileLockManager] Releasing lock on daemon addresses registry.
2026-03-30T18:06:13.726+0200 [DEBUG] [org.gradle.cache.internal.DefaultFileLockManager] Waiting to acquire shared lock on daemon addresses registry.
2026-03-30T18:06:13.727+0200 [DEBUG] [org.gradle.cache.internal.DefaultFileLockManager] Lock acquired on daemon addresses registry.
2026-03-30T18:06:13.727+0200 [DEBUG] [org.gradle.cache.internal.DefaultFileLockManager] Releasing lock on daemon addresses registry.
2026-03-30T18:06:13.727+0200 [DEBUG] [org.gradle.launcher.daemon.server.Daemon] Finished periodic daemon health check.
2026-03-30T18:06:23.715+0200 [DEBUG] [org.gradle.launcher.daemon.server.Daemon] Starting periodic daemon health check.
2026-03-30T18:06:23.716+0200 [DEBUG] [org.gradle.cache.internal.DefaultFileLockManager] Waiting to acquire shared lock on daemon addresses registry.
2026-03-30T18:06:23.717+0200 [DEBUG] [org.gradle.cache.internal.DefaultFileLockManager] Lock acquired on daemon addresses registry.
2026-03-30T18:06:23.717+0200 [DEBUG] [org.gradle.cache.internal.DefaultFileLockManager] Releasing lock on daemon addresses registry.
2026-03-30T18:06:23.719+0200 [DEBUG] [org.gradle.cache.internal.DefaultFileLockManager] Waiting to acquire shared lock on daemon addresses registry.
2026-03-30T18:06:23.719+0200 [DEBUG] [org.gradle.cache.internal.DefaultFileLockManager] Lock acquired on daemon addresses registry.
2026-03-30T18:06:23.719+0200 [DEBUG] [org.gradle.cache.internal.DefaultFileLockManager] Releasing lock on daemon addresses registry.
2026-03-30T18:06:23.720+0200 [DEBUG] [org.gradle.launcher.daemon.server.Daemon] Finished periodic daemon health check.
2026-03-30T18:06:33.709+0200 [DEBUG] [org.gradle.launcher.daemon.server.Daemon] Starting periodic daemon health check.
2026-03-30T18:06:33.710+0200 [DEBUG] [org.gradle.cache.internal.DefaultFileLockManager] Waiting to acquire shared lock on daemon addresses registry.
2026-03-30T18:06:33.711+0200 [DEBUG] [org.gradle.cache.internal.DefaultFileLockManager] Lock acquired on daemon addresses registry.
2026-03-30T18:06:33.711+0200 [DEBUG] [org.gradle.cache.internal.DefaultFileLockManager] Releasing lock on daemon addresses registry.
2026-03-30T18:06:33.712+0200 [DEBUG] [org.gradle.cache.internal.DefaultFileLockManager] Waiting to acquire shared lock on daemon addresses registry.
2026-03-30T18:06:33.712+0200 [DEBUG] [org.gradle.cache.internal.DefaultFileLockManager] Lock acquired on daemon addresses registry.
2026-03-30T18:06:33.713+0200 [DEBUG] [org.gradle.cache.internal.DefaultFileLockManager] Releasing lock on daemon addresses registry.
2026-03-30T18:06:33.713+0200 [DEBUG] [org.gradle.launcher.daemon.server.Daemon] Finished periodic daemon health check.
2026-03-30T18:06:43.710+0200 [DEBUG] [org.gradle.launcher.daemon.server.Daemon] Starting periodic daemon health check.
2026-03-30T18:06:43.716+0200 [DEBUG] [org.gradle.cache.internal.DefaultFileLockManager] Waiting to acquire shared lock on daemon addresses registry.
2026-03-30T18:06:43.716+0200 [DEBUG] [org.gradle.cache.internal.DefaultFileLockManager] Lock acquired on daemon addresses registry.
2026-03-30T18:06:43.717+0200 [DEBUG] [org.gradle.cache.internal.DefaultFileLockManager] Releasing lock on daemon addresses registry.
2026-03-30T18:06:43.720+0200 [DEBUG] [org.gradle.cache.internal.DefaultFileLockManager] Waiting to acquire shared lock on daemon addresses registry.
2026-03-30T18:06:43.721+0200 [DEBUG] [org.gradle.cache.internal.DefaultFileLockManager] Lock acquired on daemon addresses registry.
2026-03-30T18:06:43.721+0200 [DEBUG] [org.gradle.cache.internal.DefaultFileLockManager] Releasing lock on daemon addresses registry.
2026-03-30T18:06:43.722+0200 [DEBUG] [org.gradle.launcher.daemon.server.Daemon] Finished periodic daemon health check.
2026-03-30T18:06:53.721+0200 [DEBUG] [org.gradle.launcher.daemon.server.Daemon] Starting periodic daemon health check.
2026-03-30T18:06:53.722+0200 [DEBUG] [org.gradle.cache.internal.DefaultFileLockManager] Waiting to acquire shared lock on daemon addresses registry.
2026-03-30T18:06:53.723+0200 [DEBUG] [org.gradle.cache.internal.DefaultFileLockManager] Lock acquired on daemon addresses registry.
2026-03-30T18:06:53.723+0200 [DEBUG] [org.gradle.cache.internal.DefaultFileLockManager] Releasing lock on daemon addresses registry.
2026-03-30T18:06:53.725+0200 [DEBUG] [org.gradle.cache.internal.DefaultFileLockManager] Waiting to acquire shared lock on daemon addresses registry.
2026-03-30T18:06:53.726+0200 [DEBUG] [org.gradle.cache.internal.DefaultFileLockManager] Lock acquired on daemon addresses registry.
2026-03-30T18:06:53.726+0200 [DEBUG] [org.gradle.cache.internal.DefaultFileLockManager] Releasing lock on daemon addresses registry.
2026-03-30T18:06:53.727+0200 [DEBUG] [org.gradle.launcher.daemon.server.Daemon] Finished periodic daemon health check.
2026-03-30T18:07:03.719+0200 [DEBUG] [org.gradle.launcher.daemon.server.Daemon] Starting periodic daemon health check.
2026-03-30T18:07:03.721+0200 [DEBUG] [org.gradle.cache.internal.DefaultFileLockManager] Waiting to acquire shared lock on daemon addresses registry.
2026-03-30T18:07:03.721+0200 [DEBUG] [org.gradle.cache.internal.DefaultFileLockManager] Lock acquired on daemon addresses registry.
2026-03-30T18:07:03.722+0200 [DEBUG] [org.gradle.cache.internal.DefaultFileLockManager] Releasing lock on daemon addresses registry.
2026-03-30T18:07:03.725+0200 [DEBUG] [org.gradle.cache.internal.DefaultFileLockManager] Waiting to acquire shared lock on daemon addresses registry.
2026-03-30T18:07:03.725+0200 [DEBUG] [org.gradle.cache.internal.DefaultFileLockManager] Lock acquired on daemon addresses registry.
2026-03-30T18:07:03.726+0200 [DEBUG] [org.gradle.cache.internal.DefaultFileLockManager] Releasing lock on daemon addresses registry.
2026-03-30T18:07:03.726+0200 [DEBUG] [org.gradle.launcher.daemon.server.Daemon] Finished periodic daemon health check.
2026-03-30T18:07:13.712+0200 [DEBUG] [org.gradle.launcher.daemon.server.Daemon] Starting periodic daemon health check.
2026-03-30T18:07:13.716+0200 [DEBUG] [org.gradle.cache.internal.DefaultFileLockManager] Waiting to acquire shared lock on daemon addresses registry.
2026-03-30T18:07:13.716+0200 [DEBUG] [org.gradle.cache.internal.DefaultFileLockManager] Lock acquired on daemon addresses registry.
2026-03-30T18:07:13.717+0200 [DEBUG] [org.gradle.cache.internal.DefaultFileLockManager] Releasing lock on daemon addresses registry.
2026-03-30T18:07:13.719+0200 [DEBUG] [org.gradle.cache.internal.DefaultFileLockManager] Waiting to acquire shared lock on daemon addresses registry.
2026-03-30T18:07:13.719+0200 [DEBUG] [org.gradle.cache.internal.DefaultFileLockManager] Lock acquired on daemon addresses registry.
2026-03-30T18:07:13.719+0200 [DEBUG] [org.gradle.cache.internal.DefaultFileLockManager] Releasing lock on daemon addresses registry.
2026-03-30T18:07:13.720+0200 [DEBUG] [org.gradle.launcher.daemon.server.Daemon] Finished periodic daemon health check.
2026-03-30T18:07:23.708+0200 [DEBUG] [org.gradle.launcher.daemon.server.Daemon] Starting periodic daemon health check.
2026-03-30T18:07:23.710+0200 [DEBUG] [org.gradle.cache.internal.DefaultFileLockManager] Waiting to acquire shared lock on daemon addresses registry.
2026-03-30T18:07:23.711+0200 [DEBUG] [org.gradle.cache.internal.DefaultFileLockManager] Lock acquired on daemon addresses registry.
2026-03-30T18:07:23.711+0200 [DEBUG] [org.gradle.cache.internal.DefaultFileLockManager] Releasing lock on daemon addresses registry.
2026-03-30T18:07:23.714+0200 [DEBUG] [org.gradle.cache.internal.DefaultFileLockManager] Waiting to acquire shared lock on daemon addresses registry.
2026-03-30T18:07:23.714+0200 [DEBUG] [org.gradle.cache.internal.DefaultFileLockManager] Lock acquired on daemon addresses registry.
2026-03-30T18:07:23.714+0200 [DEBUG] [org.gradle.cache.internal.DefaultFileLockManager] Releasing lock on daemon addresses registry.
2026-03-30T18:07:23.715+0200 [DEBUG] [org.gradle.launcher.daemon.server.Daemon] Finished periodic daemon health check.
2026-03-30T18:07:33.714+0200 [DEBUG] [org.gradle.launcher.daemon.server.Daemon] Starting periodic daemon health check.
2026-03-30T18:07:33.716+0200 [DEBUG] [org.gradle.cache.internal.DefaultFileLockManager] Waiting to acquire shared lock on daemon addresses registry.
2026-03-30T18:07:33.717+0200 [DEBUG] [org.gradle.cache.internal.DefaultFileLockManager] Lock acquired on daemon addresses registry.
2026-03-30T18:07:33.717+0200 [DEBUG] [org.gradle.cache.internal.DefaultFileLockManager] Releasing lock on daemon addresses registry.
2026-03-30T18:07:33.719+0200 [DEBUG] [org.gradle.cache.internal.DefaultFileLockManager] Waiting to acquire shared lock on daemon addresses registry.
2026-03-30T18:07:33.719+0200 [DEBUG] [org.gradle.cache.internal.DefaultFileLockManager] Lock acquired on daemon addresses registry.
2026-03-30T18:07:33.720+0200 [DEBUG] [org.gradle.cache.internal.DefaultFileLockManager] Releasing lock on daemon addresses registry.
2026-03-30T18:07:33.720+0200 [DEBUG] [org.gradle.launcher.daemon.server.Daemon] Finished periodic daemon health check.
2026-03-30T18:07:43.724+0200 [DEBUG] [org.gradle.launcher.daemon.server.Daemon] Starting periodic daemon health check.
2026-03-30T18:07:43.726+0200 [DEBUG] [org.gradle.cache.internal.DefaultFileLockManager] Waiting to acquire shared lock on daemon addresses registry.
2026-03-30T18:07:43.726+0200 [DEBUG] [org.gradle.cache.internal.DefaultFileLockManager] Lock acquired on daemon addresses registry.
2026-03-30T18:07:43.727+0200 [DEBUG] [org.gradle.cache.internal.DefaultFileLockManager] Releasing lock on daemon addresses registry.
2026-03-30T18:07:43.728+0200 [DEBUG] [org.gradle.cache.internal.DefaultFileLockManager] Waiting to acquire shared lock on daemon addresses registry.
2026-03-30T18:07:43.729+0200 [DEBUG] [org.gradle.cache.internal.DefaultFileLockManager] Lock acquired on daemon addresses registry.
2026-03-30T18:07:43.738+0200 [DEBUG] [org.gradle.cache.internal.DefaultFileLockManager] Releasing lock on daemon addresses registry.
2026-03-30T18:07:43.739+0200 [DEBUG] [org.gradle.launcher.daemon.server.Daemon] Finished periodic daemon health check.
2026-03-30T18:07:53.716+0200 [DEBUG] [org.gradle.launcher.daemon.server.Daemon] Starting periodic daemon health check.
2026-03-30T18:07:53.718+0200 [DEBUG] [org.gradle.cache.internal.DefaultFileLockManager] Waiting to acquire shared lock on daemon addresses registry.
2026-03-30T18:07:53.718+0200 [DEBUG] [org.gradle.cache.internal.DefaultFileLockManager] Lock acquired on daemon addresses registry.
2026-03-30T18:07:53.718+0200 [DEBUG] [org.gradle.cache.internal.DefaultFileLockManager] Releasing lock on daemon addresses registry.
2026-03-30T18:07:53.720+0200 [DEBUG] [org.gradle.cache.internal.DefaultFileLockManager] Waiting to acquire shared lock on daemon addresses registry.
2026-03-30T18:07:53.720+0200 [DEBUG] [org.gradle.cache.internal.DefaultFileLockManager] Lock acquired on daemon addresses registry.
2026-03-30T18:07:53.720+0200 [DEBUG] [org.gradle.cache.internal.DefaultFileLockManager] Releasing lock on daemon addresses registry.
2026-03-30T18:07:53.721+0200 [DEBUG] [org.gradle.launcher.daemon.server.Daemon] Finished periodic daemon health check.
2026-03-30T18:08:03.715+0200 [DEBUG] [org.gradle.launcher.daemon.server.Daemon] Starting periodic daemon health check.
2026-03-30T18:08:03.716+0200 [DEBUG] [org.gradle.cache.internal.DefaultFileLockManager] Waiting to acquire shared lock on daemon addresses registry.
2026-03-30T18:08:03.716+0200 [DEBUG] [org.gradle.cache.internal.DefaultFileLockManager] Lock acquired on daemon addresses registry.
2026-03-30T18:08:03.716+0200 [DEBUG] [org.gradle.cache.internal.DefaultFileLockManager] Releasing lock on daemon addresses registry.
2026-03-30T18:08:03.718+0200 [DEBUG] [org.gradle.cache.internal.DefaultFileLockManager] Waiting to acquire shared lock on daemon addresses registry.
2026-03-30T18:08:03.718+0200 [DEBUG] [org.gradle.cache.internal.DefaultFileLockManager] Lock acquired on daemon addresses registry.
2026-03-30T18:08:03.718+0200 [DEBUG] [org.gradle.cache.internal.DefaultFileLockManager] Releasing lock on daemon addresses registry.
2026-03-30T18:08:03.718+0200 [DEBUG] [org.gradle.launcher.daemon.server.Daemon] Finished periodic daemon health check.
2026-03-30T18:08:13.711+0200 [DEBUG] [org.gradle.launcher.daemon.server.Daemon] Starting periodic daemon health check.
2026-03-30T18:08:13.714+0200 [DEBUG] [org.gradle.cache.internal.DefaultFileLockManager] Waiting to acquire shared lock on daemon addresses registry.
2026-03-30T18:08:13.716+0200 [DEBUG] [org.gradle.cache.internal.DefaultFileLockManager] Lock acquired on daemon addresses registry.
2026-03-30T18:08:13.717+0200 [DEBUG] [org.gradle.cache.internal.DefaultFileLockManager] Releasing lock on daemon addresses registry.
2026-03-30T18:08:13.721+0200 [DEBUG] [org.gradle.cache.internal.DefaultFileLockManager] Waiting to acquire shared lock on daemon addresses registry.
2026-03-30T18:08:13.721+0200 [DEBUG] [org.gradle.cache.internal.DefaultFileLockManager] Lock acquired on daemon addresses registry.
2026-03-30T18:08:13.722+0200 [DEBUG] [org.gradle.cache.internal.DefaultFileLockManager] Releasing lock on daemon addresses registry.
2026-03-30T18:08:13.723+0200 [DEBUG] [org.gradle.launcher.daemon.server.Daemon] Finished periodic daemon health check.
2026-03-30T18:08:23.709+0200 [DEBUG] [org.gradle.launcher.daemon.server.Daemon] Starting periodic daemon health check.
2026-03-30T18:08:23.713+0200 [DEBUG] [org.gradle.cache.internal.DefaultFileLockManager] Waiting to acquire shared lock on daemon addresses registry.
2026-03-30T18:08:23.713+0200 [DEBUG] [org.gradle.cache.internal.DefaultFileLockManager] Lock acquired on daemon addresses registry.
2026-03-30T18:08:23.714+0200 [DEBUG] [org.gradle.cache.internal.DefaultFileLockManager] Releasing lock on daemon addresses registry.
2026-03-30T18:08:23.718+0200 [DEBUG] [org.gradle.cache.internal.DefaultFileLockManager] Waiting to acquire shared lock on daemon addresses registry.
2026-03-30T18:08:23.718+0200 [DEBUG] [org.gradle.cache.internal.DefaultFileLockManager] Lock acquired on daemon addresses registry.
2026-03-30T18:08:23.719+0200 [DEBUG] [org.gradle.cache.internal.DefaultFileLockManager] Releasing lock on daemon addresses registry.
2026-03-30T18:08:23.719+0200 [DEBUG] [org.gradle.launcher.daemon.server.Daemon] Finished periodic daemon health check.
2026-03-30T18:08:33.913+0200 [DEBUG] [org.gradle.launcher.daemon.server.Daemon] Starting periodic daemon health check.
2026-03-30T18:08:33.916+0200 [DEBUG] [org.gradle.cache.internal.DefaultFileLockManager] Waiting to acquire shared lock on daemon addresses registry.
2026-03-30T18:08:33.950+0200 [DEBUG] [org.gradle.cache.internal.DefaultFileLockManager] Lock acquired on daemon addresses registry.
2026-03-30T18:08:33.950+0200 [DEBUG] [org.gradle.cache.internal.DefaultFileLockManager] Releasing lock on daemon addresses registry.
2026-03-30T18:08:33.957+0200 [DEBUG] [org.gradle.cache.internal.DefaultFileLockManager] Waiting to acquire shared lock on daemon addresses registry.
2026-03-30T18:08:33.957+0200 [DEBUG] [org.gradle.cache.internal.DefaultFileLockManager] Lock acquired on daemon addresses registry.
2026-03-30T18:08:34.047+0200 [DEBUG] [org.gradle.cache.internal.DefaultFileLockManager] Releasing lock on daemon addresses registry.
2026-03-30T18:08:34.051+0200 [DEBUG] [org.gradle.launcher.daemon.server.Daemon] Finished periodic daemon health check.
2026-03-30T18:08:43.713+0200 [DEBUG] [org.gradle.launcher.daemon.server.Daemon] Starting periodic daemon health check.
2026-03-30T18:08:43.714+0200 [DEBUG] [org.gradle.cache.internal.DefaultFileLockManager] Waiting to acquire shared lock on daemon addresses registry.
2026-03-30T18:08:43.715+0200 [DEBUG] [org.gradle.cache.internal.DefaultFileLockManager] Lock acquired on daemon addresses registry.
2026-03-30T18:08:43.715+0200 [DEBUG] [org.gradle.cache.internal.DefaultFileLockManager] Releasing lock on daemon addresses registry.
2026-03-30T18:08:43.718+0200 [DEBUG] [org.gradle.cache.internal.DefaultFileLockManager] Waiting to acquire shared lock on daemon addresses registry.
2026-03-30T18:08:43.725+0200 [DEBUG] [org.gradle.cache.internal.DefaultFileLockManager] Lock acquired on daemon addresses registry.
2026-03-30T18:08:43.727+0200 [DEBUG] [org.gradle.cache.internal.DefaultFileLockManager] Releasing lock on daemon addresses registry.
2026-03-30T18:08:43.728+0200 [DEBUG] [org.gradle.launcher.daemon.server.Daemon] Finished periodic daemon health check.
2026-03-30T18:08:53.709+0200 [DEBUG] [org.gradle.launcher.daemon.server.Daemon] Starting periodic daemon health check.
2026-03-30T18:08:53.711+0200 [DEBUG] [org.gradle.cache.internal.DefaultFileLockManager] Waiting to acquire shared lock on daemon addresses registry.
2026-03-30T18:08:53.711+0200 [DEBUG] [org.gradle.cache.internal.DefaultFileLockManager] Lock acquired on daemon addresses registry.
2026-03-30T18:08:53.711+0200 [DEBUG] [org.gradle.cache.internal.DefaultFileLockManager] Releasing lock on daemon addresses registry.
2026-03-30T18:08:53.712+0200 [DEBUG] [org.gradle.cache.internal.DefaultFileLockManager] Waiting to acquire shared lock on daemon addresses registry.
2026-03-30T18:08:53.713+0200 [DEBUG] [org.gradle.cache.internal.DefaultFileLockManager] Lock acquired on daemon addresses registry.
2026-03-30T18:08:53.713+0200 [DEBUG] [org.gradle.cache.internal.DefaultFileLockManager] Releasing lock on daemon addresses registry.
2026-03-30T18:08:53.714+0200 [DEBUG] [org.gradle.launcher.daemon.server.Daemon] Finished periodic daemon health check.
2026-03-30T18:09:03.717+0200 [DEBUG] [org.gradle.launcher.daemon.server.Daemon] Starting periodic daemon health check.
2026-03-30T18:09:03.719+0200 [DEBUG] [org.gradle.cache.internal.DefaultFileLockManager] Waiting to acquire shared lock on daemon addresses registry.
2026-03-30T18:09:03.720+0200 [DEBUG] [org.gradle.cache.internal.DefaultFileLockManager] Lock acquired on daemon addresses registry.
2026-03-30T18:09:03.721+0200 [DEBUG] [org.gradle.cache.internal.DefaultFileLockManager] Releasing lock on daemon addresses registry.
2026-03-30T18:09:03.724+0200 [DEBUG] [org.gradle.cache.internal.DefaultFileLockManager] Waiting to acquire shared lock on daemon addresses registry.
2026-03-30T18:09:03.724+0200 [DEBUG] [org.gradle.cache.internal.DefaultFileLockManager] Lock acquired on daemon addresses registry.
2026-03-30T18:09:03.725+0200 [DEBUG] [org.gradle.cache.internal.DefaultFileLockManager] Releasing lock on daemon addresses registry.
2026-03-30T18:09:03.725+0200 [DEBUG] [org.gradle.launcher.daemon.server.Daemon] Finished periodic daemon health check.
2026-03-30T18:09:13.713+0200 [DEBUG] [org.gradle.launcher.daemon.server.Daemon] Starting periodic daemon health check.
2026-03-30T18:09:13.714+0200 [DEBUG] [org.gradle.cache.internal.DefaultFileLockManager] Waiting to acquire shared lock on daemon addresses registry.
2026-03-30T18:09:13.715+0200 [DEBUG] [org.gradle.cache.internal.DefaultFileLockManager] Lock acquired on daemon addresses registry.
2026-03-30T18:09:13.715+0200 [DEBUG] [org.gradle.cache.internal.DefaultFileLockManager] Releasing lock on daemon addresses registry.
2026-03-30T18:09:13.716+0200 [DEBUG] [org.gradle.cache.internal.DefaultFileLockManager] Waiting to acquire shared lock on daemon addresses registry.
2026-03-30T18:09:13.716+0200 [DEBUG] [org.gradle.cache.internal.DefaultFileLockManager] Lock acquired on daemon addresses registry.
2026-03-30T18:09:13.716+0200 [DEBUG] [org.gradle.cache.internal.DefaultFileLockManager] Releasing lock on daemon addresses registry.
2026-03-30T18:09:13.717+0200 [DEBUG] [org.gradle.launcher.daemon.server.Daemon] Finished periodic daemon health check.
2026-03-30T18:09:23.712+0200 [DEBUG] [org.gradle.launcher.daemon.server.Daemon] Starting periodic daemon health check.
2026-03-30T18:09:23.714+0200 [DEBUG] [org.gradle.cache.internal.DefaultFileLockManager] Waiting to acquire shared lock on daemon addresses registry.
2026-03-30T18:09:23.715+0200 [DEBUG] [org.gradle.cache.internal.DefaultFileLockManager] Lock acquired on daemon addresses registry.
2026-03-30T18:09:23.715+0200 [DEBUG] [org.gradle.cache.internal.DefaultFileLockManager] Releasing lock on daemon addresses registry.
2026-03-30T18:09:23.717+0200 [DEBUG] [org.gradle.cache.internal.DefaultFileLockManager] Waiting to acquire shared lock on daemon addresses registry.
2026-03-30T18:09:23.718+0200 [DEBUG] [org.gradle.cache.internal.DefaultFileLockManager] Lock acquired on daemon addresses registry.
2026-03-30T18:09:23.718+0200 [DEBUG] [org.gradle.cache.internal.DefaultFileLockManager] Releasing lock on daemon addresses registry.
2026-03-30T18:09:23.719+0200 [DEBUG] [org.gradle.launcher.daemon.server.Daemon] Finished periodic daemon health check.
2026-03-30T18:09:33.715+0200 [DEBUG] [org.gradle.launcher.daemon.server.Daemon] Starting periodic daemon health check.
2026-03-30T18:09:33.717+0200 [DEBUG] [org.gradle.cache.internal.DefaultFileLockManager] Waiting to acquire shared lock on daemon addresses registry.
2026-03-30T18:09:33.717+0200 [DEBUG] [org.gradle.cache.internal.DefaultFileLockManager] Lock acquired on daemon addresses registry.
2026-03-30T18:09:33.717+0200 [DEBUG] [org.gradle.cache.internal.DefaultFileLockManager] Releasing lock on daemon addresses registry.
2026-03-30T18:09:33.719+0200 [DEBUG] [org.gradle.cache.internal.DefaultFileLockManager] Waiting to acquire shared lock on daemon addresses registry.
2026-03-30T18:09:33.720+0200 [DEBUG] [org.gradle.cache.internal.DefaultFileLockManager] Lock acquired on daemon addresses registry.
2026-03-30T18:09:33.720+0200 [DEBUG] [org.gradle.cache.internal.DefaultFileLockManager] Releasing lock on daemon addresses registry.
2026-03-30T18:09:33.720+0200 [DEBUG] [org.gradle.launcher.daemon.server.Daemon] Finished periodic daemon health check.
2026-03-30T18:09:43.721+0200 [DEBUG] [org.gradle.launcher.daemon.server.Daemon] Starting periodic daemon health check.
2026-03-30T18:09:43.723+0200 [DEBUG] [org.gradle.cache.internal.DefaultFileLockManager] Waiting to acquire shared lock on daemon addresses registry.
2026-03-30T18:09:43.723+0200 [DEBUG] [org.gradle.cache.internal.DefaultFileLockManager] Lock acquired on daemon addresses registry.
2026-03-30T18:09:43.723+0200 [DEBUG] [org.gradle.cache.internal.DefaultFileLockManager] Releasing lock on daemon addresses registry.
2026-03-30T18:09:43.725+0200 [DEBUG] [org.gradle.cache.internal.DefaultFileLockManager] Waiting to acquire shared lock on daemon addresses registry.
2026-03-30T18:09:43.725+0200 [DEBUG] [org.gradle.cache.internal.DefaultFileLockManager] Lock acquired on daemon addresses registry.
2026-03-30T18:09:43.725+0200 [DEBUG] [org.gradle.cache.internal.DefaultFileLockManager] Releasing lock on daemon addresses registry.
2026-03-30T18:09:43.726+0200 [DEBUG] [org.gradle.launcher.daemon.server.Daemon] Finished periodic daemon health check.
2026-03-30T18:09:53.710+0200 [DEBUG] [org.gradle.launcher.daemon.server.Daemon] Starting periodic daemon health check.
2026-03-30T18:09:53.711+0200 [DEBUG] [org.gradle.cache.internal.DefaultFileLockManager] Waiting to acquire shared lock on daemon addresses registry.
2026-03-30T18:09:53.712+0200 [DEBUG] [org.gradle.cache.internal.DefaultFileLockManager] Lock acquired on daemon addresses registry.
2026-03-30T18:09:53.712+0200 [DEBUG] [org.gradle.cache.internal.DefaultFileLockManager] Releasing lock on daemon addresses registry.
2026-03-30T18:09:53.722+0200 [DEBUG] [org.gradle.cache.internal.DefaultFileLockManager] Waiting to acquire shared lock on daemon addresses registry.
2026-03-30T18:09:53.722+0200 [DEBUG] [org.gradle.cache.internal.DefaultFileLockManager] Lock acquired on daemon addresses registry.
2026-03-30T18:09:53.723+0200 [DEBUG] [org.gradle.cache.internal.DefaultFileLockManager] Releasing lock on daemon addresses registry.
2026-03-30T18:09:53.724+0200 [DEBUG] [org.gradle.launcher.daemon.server.Daemon] Finished periodic daemon health check.
2026-03-30T18:10:03.709+0200 [DEBUG] [org.gradle.launcher.daemon.server.Daemon] Starting periodic daemon health check.
2026-03-30T18:10:03.710+0200 [DEBUG] [org.gradle.cache.internal.DefaultFileLockManager] Waiting to acquire shared lock on daemon addresses registry.
2026-03-30T18:10:03.710+0200 [DEBUG] [org.gradle.cache.internal.DefaultFileLockManager] Lock acquired on daemon addresses registry.
2026-03-30T18:10:03.711+0200 [DEBUG] [org.gradle.cache.internal.DefaultFileLockManager] Releasing lock on daemon addresses registry.
2026-03-30T18:10:03.712+0200 [DEBUG] [org.gradle.cache.internal.DefaultFileLockManager] Waiting to acquire shared lock on daemon addresses registry.
2026-03-30T18:10:03.712+0200 [DEBUG] [org.gradle.cache.internal.DefaultFileLockManager] Lock acquired on daemon addresses registry.
2026-03-30T18:10:03.713+0200 [DEBUG] [org.gradle.cache.internal.DefaultFileLockManager] Releasing lock on daemon addresses registry.
2026-03-30T18:10:03.713+0200 [DEBUG] [org.gradle.launcher.daemon.server.Daemon] Finished periodic daemon health check.
2026-03-30T18:10:13.713+0200 [DEBUG] [org.gradle.launcher.daemon.server.Daemon] Starting periodic daemon health check.
2026-03-30T18:10:13.715+0200 [DEBUG] [org.gradle.cache.internal.DefaultFileLockManager] Waiting to acquire shared lock on daemon addresses registry.
2026-03-30T18:10:13.715+0200 [DEBUG] [org.gradle.cache.internal.DefaultFileLockManager] Lock acquired on daemon addresses registry.
2026-03-30T18:10:13.715+0200 [DEBUG] [org.gradle.cache.internal.DefaultFileLockManager] Releasing lock on daemon addresses registry.
2026-03-30T18:10:13.717+0200 [DEBUG] [org.gradle.cache.internal.DefaultFileLockManager] Waiting to acquire shared lock on daemon addresses registry.
2026-03-30T18:10:13.717+0200 [DEBUG] [org.gradle.cache.internal.DefaultFileLockManager] Lock acquired on daemon addresses registry.
2026-03-30T18:10:13.717+0200 [DEBUG] [org.gradle.cache.internal.DefaultFileLockManager] Releasing lock on daemon addresses registry.
2026-03-30T18:10:13.717+0200 [DEBUG] [org.gradle.launcher.daemon.server.Daemon] Finished periodic daemon health check.
2026-03-30T18:10:23.711+0200 [DEBUG] [org.gradle.launcher.daemon.server.Daemon] Starting periodic daemon health check.
2026-03-30T18:10:23.714+0200 [DEBUG] [org.gradle.cache.internal.DefaultFileLockManager] Waiting to acquire shared lock on daemon addresses registry.
2026-03-30T18:10:23.714+0200 [DEBUG] [org.gradle.cache.internal.DefaultFileLockManager] Lock acquired on daemon addresses registry.
2026-03-30T18:10:23.715+0200 [DEBUG] [org.gradle.cache.internal.DefaultFileLockManager] Releasing lock on daemon addresses registry.
2026-03-30T18:10:23.718+0200 [DEBUG] [org.gradle.cache.internal.DefaultFileLockManager] Waiting to acquire shared lock on daemon addresses registry.
2026-03-30T18:10:23.718+0200 [DEBUG] [org.gradle.cache.internal.DefaultFileLockManager] Lock acquired on daemon addresses registry.
2026-03-30T18:10:23.719+0200 [DEBUG] [org.gradle.cache.internal.DefaultFileLockManager] Releasing lock on daemon addresses registry.
2026-03-30T18:10:23.719+0200 [DEBUG] [org.gradle.launcher.daemon.server.Daemon] Finished periodic daemon health check.
2026-03-30T18:10:33.710+0200 [DEBUG] [org.gradle.launcher.daemon.server.Daemon] Starting periodic daemon health check.
2026-03-30T18:10:33.712+0200 [DEBUG] [org.gradle.cache.internal.DefaultFileLockManager] Waiting to acquire shared lock on daemon addresses registry.
2026-03-30T18:10:33.712+0200 [DEBUG] [org.gradle.cache.internal.DefaultFileLockManager] Lock acquired on daemon addresses registry.
2026-03-30T18:10:33.713+0200 [DEBUG] [org.gradle.cache.internal.DefaultFileLockManager] Releasing lock on daemon addresses registry.
2026-03-30T18:10:33.715+0200 [DEBUG] [org.gradle.cache.internal.DefaultFileLockManager] Waiting to acquire shared lock on daemon addresses registry.
2026-03-30T18:10:33.715+0200 [DEBUG] [org.gradle.cache.internal.DefaultFileLockManager] Lock acquired on daemon addresses registry.
2026-03-30T18:10:33.716+0200 [DEBUG] [org.gradle.cache.internal.DefaultFileLockManager] Releasing lock on daemon addresses registry.
2026-03-30T18:10:33.716+0200 [DEBUG] [org.gradle.launcher.daemon.server.Daemon] Finished periodic daemon health check.
2026-03-30T18:10:43.716+0200 [DEBUG] [org.gradle.launcher.daemon.server.Daemon] Starting periodic daemon health check.
2026-03-30T18:10:43.718+0200 [DEBUG] [org.gradle.cache.internal.DefaultFileLockManager] Waiting to acquire shared lock on daemon addresses registry.
2026-03-30T18:10:43.719+0200 [DEBUG] [org.gradle.cache.internal.DefaultFileLockManager] Lock acquired on daemon addresses registry.
2026-03-30T18:10:43.720+0200 [DEBUG] [org.gradle.cache.internal.DefaultFileLockManager] Releasing lock on daemon addresses registry.
2026-03-30T18:10:43.723+0200 [DEBUG] [org.gradle.cache.internal.DefaultFileLockManager] Waiting to acquire shared lock on daemon addresses registry.
2026-03-30T18:10:43.724+0200 [DEBUG] [org.gradle.cache.internal.DefaultFileLockManager] Lock acquired on daemon addresses registry.
2026-03-30T18:10:43.724+0200 [DEBUG] [org.gradle.cache.internal.DefaultFileLockManager] Releasing lock on daemon addresses registry.
2026-03-30T18:10:43.725+0200 [DEBUG] [org.gradle.launcher.daemon.server.Daemon] Finished periodic daemon health check.
2026-03-30T18:10:53.707+0200 [DEBUG] [org.gradle.launcher.daemon.server.Daemon] Starting periodic daemon health check.
2026-03-30T18:10:53.710+0200 [DEBUG] [org.gradle.cache.internal.DefaultFileLockManager] Waiting to acquire shared lock on daemon addresses registry.
2026-03-30T18:10:53.711+0200 [DEBUG] [org.gradle.cache.internal.DefaultFileLockManager] Lock acquired on daemon addresses registry.
2026-03-30T18:10:53.711+0200 [DEBUG] [org.gradle.cache.internal.DefaultFileLockManager] Releasing lock on daemon addresses registry.
2026-03-30T18:10:53.715+0200 [DEBUG] [org.gradle.cache.internal.DefaultFileLockManager] Waiting to acquire shared lock on daemon addresses registry.
2026-03-30T18:10:53.715+0200 [DEBUG] [org.gradle.cache.internal.DefaultFileLockManager] Lock acquired on daemon addresses registry.
2026-03-30T18:10:53.716+0200 [DEBUG] [org.gradle.cache.internal.DefaultFileLockManager] Releasing lock on daemon addresses registry.
2026-03-30T18:10:53.717+0200 [DEBUG] [org.gradle.launcher.daemon.server.Daemon] Finished periodic daemon health check.
2026-03-30T18:11:03.714+0200 [DEBUG] [org.gradle.launcher.daemon.server.Daemon] Starting periodic daemon health check.
2026-03-30T18:11:03.716+0200 [DEBUG] [org.gradle.cache.internal.DefaultFileLockManager] Waiting to acquire shared lock on daemon addresses registry.
2026-03-30T18:11:03.716+0200 [DEBUG] [org.gradle.cache.internal.DefaultFileLockManager] Lock acquired on daemon addresses registry.
2026-03-30T18:11:03.717+0200 [DEBUG] [org.gradle.cache.internal.DefaultFileLockManager] Releasing lock on daemon addresses registry.
2026-03-30T18:11:03.718+0200 [DEBUG] [org.gradle.cache.internal.DefaultFileLockManager] Waiting to acquire shared lock on daemon addresses registry.
2026-03-30T18:11:03.718+0200 [DEBUG] [org.gradle.cache.internal.DefaultFileLockManager] Lock acquired on daemon addresses registry.
2026-03-30T18:11:03.718+0200 [DEBUG] [org.gradle.cache.internal.DefaultFileLockManager] Releasing lock on daemon addresses registry.
2026-03-30T18:11:03.719+0200 [DEBUG] [org.gradle.launcher.daemon.server.Daemon] Finished periodic daemon health check.
2026-03-30T18:11:13.717+0200 [DEBUG] [org.gradle.launcher.daemon.server.Daemon] Starting periodic daemon health check.
2026-03-30T18:11:13.720+0200 [DEBUG] [org.gradle.cache.internal.DefaultFileLockManager] Waiting to acquire shared lock on daemon addresses registry.
2026-03-30T18:11:13.721+0200 [DEBUG] [org.gradle.cache.internal.DefaultFileLockManager] Lock acquired on daemon addresses registry.
2026-03-30T18:11:13.721+0200 [DEBUG] [org.gradle.cache.internal.DefaultFileLockManager] Releasing lock on daemon addresses registry.
2026-03-30T18:11:13.725+0200 [DEBUG] [org.gradle.cache.internal.DefaultFileLockManager] Waiting to acquire shared lock on daemon addresses registry.
2026-03-30T18:11:13.725+0200 [DEBUG] [org.gradle.cache.internal.DefaultFileLockManager] Lock acquired on daemon addresses registry.
2026-03-30T18:11:13.726+0200 [DEBUG] [org.gradle.cache.internal.DefaultFileLockManager] Releasing lock on daemon addresses registry.
2026-03-30T18:11:13.727+0200 [DEBUG] [org.gradle.launcher.daemon.server.Daemon] Finished periodic daemon health check.
2026-03-30T18:11:23.721+0200 [DEBUG] [org.gradle.launcher.daemon.server.Daemon] Starting periodic daemon health check.
2026-03-30T18:11:23.723+0200 [DEBUG] [org.gradle.cache.internal.DefaultFileLockManager] Waiting to acquire shared lock on daemon addresses registry.
2026-03-30T18:11:23.724+0200 [DEBUG] [org.gradle.cache.internal.DefaultFileLockManager] Lock acquired on daemon addresses registry.
2026-03-30T18:11:23.724+0200 [DEBUG] [org.gradle.cache.internal.DefaultFileLockManager] Releasing lock on daemon addresses registry.
2026-03-30T18:11:23.726+0200 [DEBUG] [org.gradle.cache.internal.DefaultFileLockManager] Waiting to acquire shared lock on daemon addresses registry.
2026-03-30T18:11:23.726+0200 [DEBUG] [org.gradle.cache.internal.DefaultFileLockManager] Lock acquired on daemon addresses registry.
2026-03-30T18:11:23.727+0200 [DEBUG] [org.gradle.cache.internal.DefaultFileLockManager] Releasing lock on daemon addresses registry.
2026-03-30T18:11:23.727+0200 [DEBUG] [org.gradle.launcher.daemon.server.Daemon] Finished periodic daemon health check.
2026-03-30T18:11:33.713+0200 [DEBUG] [org.gradle.launcher.daemon.server.Daemon] Starting periodic daemon health check.
2026-03-30T18:11:33.714+0200 [DEBUG] [org.gradle.cache.internal.DefaultFileLockManager] Waiting to acquire shared lock on daemon addresses registry.
2026-03-30T18:11:33.715+0200 [DEBUG] [org.gradle.cache.internal.DefaultFileLockManager] Lock acquired on daemon addresses registry.
2026-03-30T18:11:33.715+0200 [DEBUG] [org.gradle.cache.internal.DefaultFileLockManager] Releasing lock on daemon addresses registry.
2026-03-30T18:11:33.729+0200 [DEBUG] [org.gradle.cache.internal.DefaultFileLockManager] Waiting to acquire shared lock on daemon addresses registry.
2026-03-30T18:11:33.729+0200 [DEBUG] [org.gradle.cache.internal.DefaultFileLockManager] Lock acquired on daemon addresses registry.
2026-03-30T18:11:33.729+0200 [DEBUG] [org.gradle.cache.internal.DefaultFileLockManager] Releasing lock on daemon addresses registry.
2026-03-30T18:11:33.730+0200 [DEBUG] [org.gradle.launcher.daemon.server.Daemon] Finished periodic daemon health check.
2026-03-30T18:11:43.713+0200 [DEBUG] [org.gradle.launcher.daemon.server.Daemon] Starting periodic daemon health check.
2026-03-30T18:11:43.716+0200 [DEBUG] [org.gradle.cache.internal.DefaultFileLockManager] Waiting to acquire shared lock on daemon addresses registry.
2026-03-30T18:11:43.716+0200 [DEBUG] [org.gradle.cache.internal.DefaultFileLockManager] Lock acquired on daemon addresses registry.
2026-03-30T18:11:43.716+0200 [DEBUG] [org.gradle.cache.internal.DefaultFileLockManager] Releasing lock on daemon addresses registry.
2026-03-30T18:11:43.719+0200 [DEBUG] [org.gradle.cache.internal.DefaultFileLockManager] Waiting to acquire shared lock on daemon addresses registry.
2026-03-30T18:11:43.724+0200 [DEBUG] [org.gradle.cache.internal.DefaultFileLockManager] Lock acquired on daemon addresses registry.
2026-03-30T18:11:43.725+0200 [DEBUG] [org.gradle.cache.internal.DefaultFileLockManager] Releasing lock on daemon addresses registry.
2026-03-30T18:11:43.725+0200 [DEBUG] [org.gradle.launcher.daemon.server.Daemon] Finished periodic daemon health check.
2026-03-30T18:11:53.712+0200 [DEBUG] [org.gradle.launcher.daemon.server.Daemon] Starting periodic daemon health check.
2026-03-30T18:11:53.713+0200 [DEBUG] [org.gradle.cache.internal.DefaultFileLockManager] Waiting to acquire shared lock on daemon addresses registry.
2026-03-30T18:11:53.713+0200 [DEBUG] [org.gradle.cache.internal.DefaultFileLockManager] Lock acquired on daemon addresses registry.
2026-03-30T18:11:53.714+0200 [DEBUG] [org.gradle.cache.internal.DefaultFileLockManager] Releasing lock on daemon addresses registry.
2026-03-30T18:11:53.716+0200 [DEBUG] [org.gradle.cache.internal.DefaultFileLockManager] Waiting to acquire shared lock on daemon addresses registry.
2026-03-30T18:11:53.716+0200 [DEBUG] [org.gradle.cache.internal.DefaultFileLockManager] Lock acquired on daemon addresses registry.
2026-03-30T18:11:53.716+0200 [DEBUG] [org.gradle.cache.internal.DefaultFileLockManager] Releasing lock on daemon addresses registry.
2026-03-30T18:11:53.717+0200 [DEBUG] [org.gradle.launcher.daemon.server.Daemon] Finished periodic daemon health check.
2026-03-30T18:12:03.720+0200 [DEBUG] [org.gradle.launcher.daemon.server.Daemon] Starting periodic daemon health check.
2026-03-30T18:12:03.722+0200 [DEBUG] [org.gradle.cache.internal.DefaultFileLockManager] Waiting to acquire shared lock on daemon addresses registry.
2026-03-30T18:12:03.722+0200 [DEBUG] [org.gradle.cache.internal.DefaultFileLockManager] Lock acquired on daemon addresses registry.
2026-03-30T18:12:03.723+0200 [DEBUG] [org.gradle.cache.internal.DefaultFileLockManager] Releasing lock on daemon addresses registry.
2026-03-30T18:12:03.725+0200 [DEBUG] [org.gradle.cache.internal.DefaultFileLockManager] Waiting to acquire shared lock on daemon addresses registry.
2026-03-30T18:12:03.725+0200 [DEBUG] [org.gradle.cache.internal.DefaultFileLockManager] Lock acquired on daemon addresses registry.
2026-03-30T18:12:03.725+0200 [DEBUG] [org.gradle.cache.internal.DefaultFileLockManager] Releasing lock on daemon addresses registry.
2026-03-30T18:12:03.726+0200 [DEBUG] [org.gradle.launcher.daemon.server.Daemon] Finished periodic daemon health check.
2026-03-30T18:12:13.712+0200 [DEBUG] [org.gradle.launcher.daemon.server.Daemon] Starting periodic daemon health check.
2026-03-30T18:12:13.714+0200 [DEBUG] [org.gradle.cache.internal.DefaultFileLockManager] Waiting to acquire shared lock on daemon addresses registry.
2026-03-30T18:12:13.715+0200 [DEBUG] [org.gradle.cache.internal.DefaultFileLockManager] Lock acquired on daemon addresses registry.
2026-03-30T18:12:13.715+0200 [DEBUG] [org.gradle.cache.internal.DefaultFileLockManager] Releasing lock on daemon addresses registry.
2026-03-30T18:12:13.717+0200 [DEBUG] [org.gradle.cache.internal.DefaultFileLockManager] Waiting to acquire shared lock on daemon addresses registry.
2026-03-30T18:12:13.717+0200 [DEBUG] [org.gradle.cache.internal.DefaultFileLockManager] Lock acquired on daemon addresses registry.
2026-03-30T18:12:13.717+0200 [DEBUG] [org.gradle.cache.internal.DefaultFileLockManager] Releasing lock on daemon addresses registry.
2026-03-30T18:12:13.718+0200 [DEBUG] [org.gradle.launcher.daemon.server.Daemon] Finished periodic daemon health check.
2026-03-30T18:12:23.726+0200 [DEBUG] [org.gradle.launcher.daemon.server.Daemon] Starting periodic daemon health check.
2026-03-30T18:12:23.728+0200 [DEBUG] [org.gradle.cache.internal.DefaultFileLockManager] Waiting to acquire shared lock on daemon addresses registry.
2026-03-30T18:12:23.728+0200 [DEBUG] [org.gradle.cache.internal.DefaultFileLockManager] Lock acquired on daemon addresses registry.
2026-03-30T18:12:23.737+0200 [DEBUG] [org.gradle.cache.internal.DefaultFileLockManager] Releasing lock on daemon addresses registry.
2026-03-30T18:12:23.740+0200 [DEBUG] [org.gradle.cache.internal.DefaultFileLockManager] Waiting to acquire shared lock on daemon addresses registry.
2026-03-30T18:12:23.740+0200 [DEBUG] [org.gradle.cache.internal.DefaultFileLockManager] Lock acquired on daemon addresses registry.
2026-03-30T18:12:23.740+0200 [DEBUG] [org.gradle.cache.internal.DefaultFileLockManager] Releasing lock on daemon addresses registry.
2026-03-30T18:12:23.741+0200 [DEBUG] [org.gradle.launcher.daemon.server.Daemon] Finished periodic daemon health check.
2026-03-30T18:12:33.721+0200 [DEBUG] [org.gradle.launcher.daemon.server.Daemon] Starting periodic daemon health check.
2026-03-30T18:12:33.723+0200 [DEBUG] [org.gradle.cache.internal.DefaultFileLockManager] Waiting to acquire shared lock on daemon addresses registry.
2026-03-30T18:12:33.723+0200 [DEBUG] [org.gradle.cache.internal.DefaultFileLockManager] Lock acquired on daemon addresses registry.
2026-03-30T18:12:33.723+0200 [DEBUG] [org.gradle.cache.internal.DefaultFileLockManager] Releasing lock on daemon addresses registry.
2026-03-30T18:12:33.725+0200 [DEBUG] [org.gradle.cache.internal.DefaultFileLockManager] Waiting to acquire shared lock on daemon addresses registry.
2026-03-30T18:12:33.726+0200 [DEBUG] [org.gradle.cache.internal.DefaultFileLockManager] Lock acquired on daemon addresses registry.
2026-03-30T18:12:33.726+0200 [DEBUG] [org.gradle.cache.internal.DefaultFileLockManager] Releasing lock on daemon addresses registry.
2026-03-30T18:12:33.727+0200 [DEBUG] [org.gradle.launcher.daemon.server.Daemon] Finished periodic daemon health check.
2026-03-30T18:12:43.713+0200 [DEBUG] [org.gradle.launcher.daemon.server.Daemon] Starting periodic daemon health check.
2026-03-30T18:12:43.715+0200 [DEBUG] [org.gradle.cache.internal.DefaultFileLockManager] Waiting to acquire shared lock on daemon addresses registry.
2026-03-30T18:12:43.715+0200 [DEBUG] [org.gradle.cache.internal.DefaultFileLockManager] Lock acquired on daemon addresses registry.
2026-03-30T18:12:43.716+0200 [DEBUG] [org.gradle.cache.internal.DefaultFileLockManager] Releasing lock on daemon addresses registry.
2026-03-30T18:12:43.719+0200 [DEBUG] [org.gradle.cache.internal.DefaultFileLockManager] Waiting to acquire shared lock on daemon addresses registry.
2026-03-30T18:12:43.719+0200 [DEBUG] [org.gradle.cache.internal.DefaultFileLockManager] Lock acquired on daemon addresses registry.
2026-03-30T18:12:43.720+0200 [DEBUG] [org.gradle.cache.internal.DefaultFileLockManager] Releasing lock on daemon addresses registry.
2026-03-30T18:12:43.720+0200 [DEBUG] [org.gradle.launcher.daemon.server.Daemon] Finished periodic daemon health check.
2026-03-30T18:12:53.715+0200 [DEBUG] [org.gradle.launcher.daemon.server.Daemon] Starting periodic daemon health check.
2026-03-30T18:12:53.722+0200 [DEBUG] [org.gradle.cache.internal.DefaultFileLockManager] Waiting to acquire shared lock on daemon addresses registry.
2026-03-30T18:12:53.723+0200 [DEBUG] [org.gradle.cache.internal.DefaultFileLockManager] Lock acquired on daemon addresses registry.
2026-03-30T18:12:53.726+0200 [DEBUG] [org.gradle.cache.internal.DefaultFileLockManager] Releasing lock on daemon addresses registry.
2026-03-30T18:12:53.734+0200 [DEBUG] [org.gradle.cache.internal.DefaultFileLockManager] Waiting to acquire shared lock on daemon addresses registry.
2026-03-30T18:12:53.735+0200 [DEBUG] [org.gradle.cache.internal.DefaultFileLockManager] Lock acquired on daemon addresses registry.
2026-03-30T18:12:53.736+0200 [DEBUG] [org.gradle.cache.internal.DefaultFileLockManager] Releasing lock on daemon addresses registry.
2026-03-30T18:12:53.738+0200 [DEBUG] [org.gradle.launcher.daemon.server.Daemon] Finished periodic daemon health check.
2026-03-30T18:13:03.721+0200 [DEBUG] [org.gradle.launcher.daemon.server.Daemon] Starting periodic daemon health check.
2026-03-30T18:13:03.722+0200 [DEBUG] [org.gradle.cache.internal.DefaultFileLockManager] Waiting to acquire shared lock on daemon addresses registry.
2026-03-30T18:13:03.723+0200 [DEBUG] [org.gradle.cache.internal.DefaultFileLockManager] Lock acquired on daemon addresses registry.
2026-03-30T18:13:03.723+0200 [DEBUG] [org.gradle.cache.internal.DefaultFileLockManager] Releasing lock on daemon addresses registry.
2026-03-30T18:13:03.724+0200 [DEBUG] [org.gradle.cache.internal.DefaultFileLockManager] Waiting to acquire shared lock on daemon addresses registry.
2026-03-30T18:13:03.724+0200 [DEBUG] [org.gradle.cache.internal.DefaultFileLockManager] Lock acquired on daemon addresses registry.
2026-03-30T18:13:03.725+0200 [DEBUG] [org.gradle.cache.internal.DefaultFileLockManager] Releasing lock on daemon addresses registry.
2026-03-30T18:13:03.725+0200 [DEBUG] [org.gradle.launcher.daemon.server.Daemon] Finished periodic daemon health check.
2026-03-30T18:13:13.720+0200 [DEBUG] [org.gradle.launcher.daemon.server.Daemon] Starting periodic daemon health check.
2026-03-30T18:13:13.722+0200 [DEBUG] [org.gradle.cache.internal.DefaultFileLockManager] Waiting to acquire shared lock on daemon addresses registry.
2026-03-30T18:13:13.722+0200 [DEBUG] [org.gradle.cache.internal.DefaultFileLockManager] Lock acquired on daemon addresses registry.
2026-03-30T18:13:13.723+0200 [DEBUG] [org.gradle.cache.internal.DefaultFileLockManager] Releasing lock on daemon addresses registry.
2026-03-30T18:13:13.725+0200 [DEBUG] [org.gradle.cache.internal.DefaultFileLockManager] Waiting to acquire shared lock on daemon addresses registry.
2026-03-30T18:13:13.725+0200 [DEBUG] [org.gradle.cache.internal.DefaultFileLockManager] Lock acquired on daemon addresses registry.
2026-03-30T18:13:13.726+0200 [DEBUG] [org.gradle.cache.internal.DefaultFileLockManager] Releasing lock on daemon addresses registry.
2026-03-30T18:13:13.726+0200 [DEBUG] [org.gradle.launcher.daemon.server.Daemon] Finished periodic daemon health check.
2026-03-30T18:13:23.708+0200 [DEBUG] [org.gradle.launcher.daemon.server.Daemon] Starting periodic daemon health check.
2026-03-30T18:13:23.710+0200 [DEBUG] [org.gradle.cache.internal.DefaultFileLockManager] Waiting to acquire shared lock on daemon addresses registry.
2026-03-30T18:13:23.711+0200 [DEBUG] [org.gradle.cache.internal.DefaultFileLockManager] Lock acquired on daemon addresses registry.
2026-03-30T18:13:23.711+0200 [DEBUG] [org.gradle.cache.internal.DefaultFileLockManager] Releasing lock on daemon addresses registry.
2026-03-30T18:13:23.713+0200 [DEBUG] [org.gradle.cache.internal.DefaultFileLockManager] Waiting to acquire shared lock on daemon addresses registry.
2026-03-30T18:13:23.713+0200 [DEBUG] [org.gradle.cache.internal.DefaultFileLockManager] Lock acquired on daemon addresses registry.
2026-03-30T18:13:23.713+0200 [DEBUG] [org.gradle.cache.internal.DefaultFileLockManager] Releasing lock on daemon addresses registry.
2026-03-30T18:13:23.714+0200 [DEBUG] [org.gradle.launcher.daemon.server.Daemon] Finished periodic daemon health check.
2026-03-30T18:13:33.719+0200 [DEBUG] [org.gradle.launcher.daemon.server.Daemon] Starting periodic daemon health check.
2026-03-30T18:13:33.721+0200 [DEBUG] [org.gradle.cache.internal.DefaultFileLockManager] Waiting to acquire shared lock on daemon addresses registry.
2026-03-30T18:13:33.721+0200 [DEBUG] [org.gradle.cache.internal.DefaultFileLockManager] Lock acquired on daemon addresses registry.
2026-03-30T18:13:33.722+0200 [DEBUG] [org.gradle.cache.internal.DefaultFileLockManager] Releasing lock on daemon addresses registry.
2026-03-30T18:13:33.724+0200 [DEBUG] [org.gradle.cache.internal.DefaultFileLockManager] Waiting to acquire shared lock on daemon addresses registry.
2026-03-30T18:13:33.725+0200 [DEBUG] [org.gradle.cache.internal.DefaultFileLockManager] Lock acquired on daemon addresses registry.
2026-03-30T18:13:33.725+0200 [DEBUG] [org.gradle.cache.internal.DefaultFileLockManager] Releasing lock on daemon addresses registry.
2026-03-30T18:13:33.726+0200 [DEBUG] [org.gradle.launcher.daemon.server.Daemon] Finished periodic daemon health check.
2026-03-30T18:13:43.713+0200 [DEBUG] [org.gradle.launcher.daemon.server.Daemon] Starting periodic daemon health check.
2026-03-30T18:13:43.714+0200 [DEBUG] [org.gradle.cache.internal.DefaultFileLockManager] Waiting to acquire shared lock on daemon addresses registry.
2026-03-30T18:13:43.715+0200 [DEBUG] [org.gradle.cache.internal.DefaultFileLockManager] Lock acquired on daemon addresses registry.
2026-03-30T18:13:43.715+0200 [DEBUG] [org.gradle.cache.internal.DefaultFileLockManager] Releasing lock on daemon addresses registry.
2026-03-30T18:13:43.716+0200 [DEBUG] [org.gradle.cache.internal.DefaultFileLockManager] Waiting to acquire shared lock on daemon addresses registry.
2026-03-30T18:13:43.716+0200 [DEBUG] [org.gradle.cache.internal.DefaultFileLockManager] Lock acquired on daemon addresses registry.
2026-03-30T18:13:43.717+0200 [DEBUG] [org.gradle.cache.internal.DefaultFileLockManager] Releasing lock on daemon addresses registry.
2026-03-30T18:13:43.717+0200 [DEBUG] [org.gradle.launcher.daemon.server.Daemon] Finished periodic daemon health check.
2026-03-30T18:13:53.712+0200 [DEBUG] [org.gradle.launcher.daemon.server.Daemon] Starting periodic daemon health check.
2026-03-30T18:13:53.716+0200 [DEBUG] [org.gradle.cache.internal.DefaultFileLockManager] Waiting to acquire shared lock on daemon addresses registry.
2026-03-30T18:13:53.716+0200 [DEBUG] [org.gradle.cache.internal.DefaultFileLockManager] Lock acquired on daemon addresses registry.
2026-03-30T18:13:53.717+0200 [DEBUG] [org.gradle.cache.internal.DefaultFileLockManager] Releasing lock on daemon addresses registry.
2026-03-30T18:13:53.722+0200 [DEBUG] [org.gradle.cache.internal.DefaultFileLockManager] Waiting to acquire shared lock on daemon addresses registry.
2026-03-30T18:13:53.722+0200 [DEBUG] [org.gradle.cache.internal.DefaultFileLockManager] Lock acquired on daemon addresses registry.
2026-03-30T18:13:53.723+0200 [DEBUG] [org.gradle.cache.internal.DefaultFileLockManager] Releasing lock on daemon addresses registry.
2026-03-30T18:13:53.725+0200 [DEBUG] [org.gradle.launcher.daemon.server.Daemon] Finished periodic daemon health check.
2026-03-30T18:14:03.721+0200 [DEBUG] [org.gradle.launcher.daemon.server.Daemon] Starting periodic daemon health check.
2026-03-30T18:14:03.723+0200 [DEBUG] [org.gradle.cache.internal.DefaultFileLockManager] Waiting to acquire shared lock on daemon addresses registry.
2026-03-30T18:14:03.723+0200 [DEBUG] [org.gradle.cache.internal.DefaultFileLockManager] Lock acquired on daemon addresses registry.
2026-03-30T18:14:03.723+0200 [DEBUG] [org.gradle.cache.internal.DefaultFileLockManager] Releasing lock on daemon addresses registry.
2026-03-30T18:14:03.724+0200 [DEBUG] [org.gradle.cache.internal.DefaultFileLockManager] Waiting to acquire shared lock on daemon addresses registry.
2026-03-30T18:14:03.724+0200 [DEBUG] [org.gradle.cache.internal.DefaultFileLockManager] Lock acquired on daemon addresses registry.
2026-03-30T18:14:03.725+0200 [DEBUG] [org.gradle.cache.internal.DefaultFileLockManager] Releasing lock on daemon addresses registry.
2026-03-30T18:14:03.725+0200 [DEBUG] [org.gradle.launcher.daemon.server.Daemon] Finished periodic daemon health check.
2026-03-30T18:14:13.720+0200 [DEBUG] [org.gradle.launcher.daemon.server.Daemon] Starting periodic daemon health check.
2026-03-30T18:14:13.723+0200 [DEBUG] [org.gradle.cache.internal.DefaultFileLockManager] Waiting to acquire shared lock on daemon addresses registry.
2026-03-30T18:14:13.723+0200 [DEBUG] [org.gradle.cache.internal.DefaultFileLockManager] Lock acquired on daemon addresses registry.
2026-03-30T18:14:13.723+0200 [DEBUG] [org.gradle.cache.internal.DefaultFileLockManager] Releasing lock on daemon addresses registry.
2026-03-30T18:14:13.726+0200 [DEBUG] [org.gradle.cache.internal.DefaultFileLockManager] Waiting to acquire shared lock on daemon addresses registry.
2026-03-30T18:14:13.726+0200 [DEBUG] [org.gradle.cache.internal.DefaultFileLockManager] Lock acquired on daemon addresses registry.
2026-03-30T18:14:13.727+0200 [DEBUG] [org.gradle.cache.internal.DefaultFileLockManager] Releasing lock on daemon addresses registry.
2026-03-30T18:14:13.727+0200 [DEBUG] [org.gradle.launcher.daemon.server.Daemon] Finished periodic daemon health check.
2026-03-30T18:14:23.711+0200 [DEBUG] [org.gradle.launcher.daemon.server.Daemon] Starting periodic daemon health check.
2026-03-30T18:14:23.713+0200 [DEBUG] [org.gradle.cache.internal.DefaultFileLockManager] Waiting to acquire shared lock on daemon addresses registry.
2026-03-30T18:14:23.713+0200 [DEBUG] [org.gradle.cache.internal.DefaultFileLockManager] Lock acquired on daemon addresses registry.
2026-03-30T18:14:23.714+0200 [DEBUG] [org.gradle.cache.internal.DefaultFileLockManager] Releasing lock on daemon addresses registry.
2026-03-30T18:14:23.715+0200 [DEBUG] [org.gradle.cache.internal.DefaultFileLockManager] Waiting to acquire shared lock on daemon addresses registry.
2026-03-30T18:14:23.716+0200 [DEBUG] [org.gradle.cache.internal.DefaultFileLockManager] Lock acquired on daemon addresses registry.
2026-03-30T18:14:23.716+0200 [DEBUG] [org.gradle.cache.internal.DefaultFileLockManager] Releasing lock on daemon addresses registry.
2026-03-30T18:14:23.716+0200 [DEBUG] [org.gradle.launcher.daemon.server.Daemon] Finished periodic daemon health check.
2026-03-30T18:14:33.713+0200 [DEBUG] [org.gradle.launcher.daemon.server.Daemon] Starting periodic daemon health check.
2026-03-30T18:14:33.716+0200 [DEBUG] [org.gradle.cache.internal.DefaultFileLockManager] Waiting to acquire shared lock on daemon addresses registry.
2026-03-30T18:14:33.717+0200 [DEBUG] [org.gradle.cache.internal.DefaultFileLockManager] Lock acquired on daemon addresses registry.
2026-03-30T18:14:33.717+0200 [DEBUG] [org.gradle.cache.internal.DefaultFileLockManager] Releasing lock on daemon addresses registry.
2026-03-30T18:14:33.719+0200 [DEBUG] [org.gradle.cache.internal.DefaultFileLockManager] Waiting to acquire shared lock on daemon addresses registry.
2026-03-30T18:14:33.719+0200 [DEBUG] [org.gradle.cache.internal.DefaultFileLockManager] Lock acquired on daemon addresses registry.
2026-03-30T18:14:33.720+0200 [DEBUG] [org.gradle.cache.internal.DefaultFileLockManager] Releasing lock on daemon addresses registry.
2026-03-30T18:14:33.722+0200 [DEBUG] [org.gradle.launcher.daemon.server.Daemon] Finished periodic daemon health check.
2026-03-30T18:14:43.715+0200 [DEBUG] [org.gradle.launcher.daemon.server.Daemon] Starting periodic daemon health check.
2026-03-30T18:14:43.720+0200 [DEBUG] [org.gradle.cache.internal.DefaultFileLockManager] Waiting to acquire shared lock on daemon addresses registry.
2026-03-30T18:14:43.721+0200 [DEBUG] [org.gradle.cache.internal.DefaultFileLockManager] Lock acquired on daemon addresses registry.
2026-03-30T18:14:43.722+0200 [DEBUG] [org.gradle.cache.internal.DefaultFileLockManager] Releasing lock on daemon addresses registry.
2026-03-30T18:14:43.727+0200 [DEBUG] [org.gradle.cache.internal.DefaultFileLockManager] Waiting to acquire shared lock on daemon addresses registry.
2026-03-30T18:14:43.728+0200 [DEBUG] [org.gradle.cache.internal.DefaultFileLockManager] Lock acquired on daemon addresses registry.
2026-03-30T18:14:43.729+0200 [DEBUG] [org.gradle.cache.internal.DefaultFileLockManager] Releasing lock on daemon addresses registry.
2026-03-30T18:14:43.730+0200 [DEBUG] [org.gradle.launcher.daemon.server.Daemon] Finished periodic daemon health check.
2026-03-30T18:14:53.719+0200 [DEBUG] [org.gradle.launcher.daemon.server.Daemon] Starting periodic daemon health check.
2026-03-30T18:14:53.721+0200 [DEBUG] [org.gradle.cache.internal.DefaultFileLockManager] Waiting to acquire shared lock on daemon addresses registry.
2026-03-30T18:14:53.722+0200 [DEBUG] [org.gradle.cache.internal.DefaultFileLockManager] Lock acquired on daemon addresses registry.
2026-03-30T18:14:53.722+0200 [DEBUG] [org.gradle.cache.internal.DefaultFileLockManager] Releasing lock on daemon addresses registry.
2026-03-30T18:14:53.723+0200 [DEBUG] [org.gradle.cache.internal.DefaultFileLockManager] Waiting to acquire shared lock on daemon addresses registry.
2026-03-30T18:14:53.723+0200 [DEBUG] [org.gradle.cache.internal.DefaultFileLockManager] Lock acquired on daemon addresses registry.
2026-03-30T18:14:53.724+0200 [DEBUG] [org.gradle.cache.internal.DefaultFileLockManager] Releasing lock on daemon addresses registry.
2026-03-30T18:14:53.724+0200 [DEBUG] [org.gradle.launcher.daemon.server.Daemon] Finished periodic daemon health check.
2026-03-30T18:15:03.719+0200 [DEBUG] [org.gradle.launcher.daemon.server.Daemon] Starting periodic daemon health check.
2026-03-30T18:15:03.721+0200 [DEBUG] [org.gradle.cache.internal.DefaultFileLockManager] Waiting to acquire shared lock on daemon addresses registry.
2026-03-30T18:15:03.721+0200 [DEBUG] [org.gradle.cache.internal.DefaultFileLockManager] Lock acquired on daemon addresses registry.
2026-03-30T18:15:03.721+0200 [DEBUG] [org.gradle.cache.internal.DefaultFileLockManager] Releasing lock on daemon addresses registry.
2026-03-30T18:15:03.723+0200 [DEBUG] [org.gradle.cache.internal.DefaultFileLockManager] Waiting to acquire shared lock on daemon addresses registry.
2026-03-30T18:15:03.723+0200 [DEBUG] [org.gradle.cache.internal.DefaultFileLockManager] Lock acquired on daemon addresses registry.
2026-03-30T18:15:03.723+0200 [DEBUG] [org.gradle.cache.internal.DefaultFileLockManager] Releasing lock on daemon addresses registry.
2026-03-30T18:15:03.724+0200 [DEBUG] [org.gradle.launcher.daemon.server.Daemon] Finished periodic daemon health check.
2026-03-30T18:15:13.714+0200 [DEBUG] [org.gradle.launcher.daemon.server.Daemon] Starting periodic daemon health check.
2026-03-30T18:15:13.716+0200 [DEBUG] [org.gradle.cache.internal.DefaultFileLockManager] Waiting to acquire shared lock on daemon addresses registry.
2026-03-30T18:15:13.717+0200 [DEBUG] [org.gradle.cache.internal.DefaultFileLockManager] Lock acquired on daemon addresses registry.
2026-03-30T18:15:13.717+0200 [DEBUG] [org.gradle.cache.internal.DefaultFileLockManager] Releasing lock on daemon addresses registry.
2026-03-30T18:15:13.719+0200 [DEBUG] [org.gradle.cache.internal.DefaultFileLockManager] Waiting to acquire shared lock on daemon addresses registry.
2026-03-30T18:15:13.719+0200 [DEBUG] [org.gradle.cache.internal.DefaultFileLockManager] Lock acquired on daemon addresses registry.
2026-03-30T18:15:13.720+0200 [DEBUG] [org.gradle.cache.internal.DefaultFileLockManager] Releasing lock on daemon addresses registry.
2026-03-30T18:15:13.720+0200 [DEBUG] [org.gradle.launcher.daemon.server.Daemon] Finished periodic daemon health check.
2026-03-30T18:15:23.716+0200 [DEBUG] [org.gradle.launcher.daemon.server.Daemon] Starting periodic daemon health check.
2026-03-30T18:15:23.718+0200 [DEBUG] [org.gradle.cache.internal.DefaultFileLockManager] Waiting to acquire shared lock on daemon addresses registry.
2026-03-30T18:15:23.718+0200 [DEBUG] [org.gradle.cache.internal.DefaultFileLockManager] Lock acquired on daemon addresses registry.
2026-03-30T18:15:23.719+0200 [DEBUG] [org.gradle.cache.internal.DefaultFileLockManager] Releasing lock on daemon addresses registry.
2026-03-30T18:15:23.721+0200 [DEBUG] [org.gradle.cache.internal.DefaultFileLockManager] Waiting to acquire shared lock on daemon addresses registry.
2026-03-30T18:15:23.721+0200 [DEBUG] [org.gradle.cache.internal.DefaultFileLockManager] Lock acquired on daemon addresses registry.
2026-03-30T18:15:23.722+0200 [DEBUG] [org.gradle.cache.internal.DefaultFileLockManager] Releasing lock on daemon addresses registry.
2026-03-30T18:15:23.722+0200 [DEBUG] [org.gradle.launcher.daemon.server.Daemon] Finished periodic daemon health check.
2026-03-30T18:15:33.718+0200 [DEBUG] [org.gradle.launcher.daemon.server.Daemon] Starting periodic daemon health check.
2026-03-30T18:15:33.721+0200 [DEBUG] [org.gradle.cache.internal.DefaultFileLockManager] Waiting to acquire shared lock on daemon addresses registry.
2026-03-30T18:15:33.721+0200 [DEBUG] [org.gradle.cache.internal.DefaultFileLockManager] Lock acquired on daemon addresses registry.
2026-03-30T18:15:33.722+0200 [DEBUG] [org.gradle.cache.internal.DefaultFileLockManager] Releasing lock on daemon addresses registry.
2026-03-30T18:15:33.729+0200 [DEBUG] [org.gradle.cache.internal.DefaultFileLockManager] Waiting to acquire shared lock on daemon addresses registry.
2026-03-30T18:15:33.730+0200 [DEBUG] [org.gradle.cache.internal.DefaultFileLockManager] Lock acquired on daemon addresses registry.
2026-03-30T18:15:33.731+0200 [DEBUG] [org.gradle.cache.internal.DefaultFileLockManager] Releasing lock on daemon addresses registry.
2026-03-30T18:15:33.734+0200 [DEBUG] [org.gradle.launcher.daemon.server.Daemon] Finished periodic daemon health check.
2026-03-30T18:15:43.710+0200 [DEBUG] [org.gradle.launcher.daemon.server.Daemon] Starting periodic daemon health check.
2026-03-30T18:15:43.715+0200 [DEBUG] [org.gradle.cache.internal.DefaultFileLockManager] Waiting to acquire shared lock on daemon addresses registry.
2026-03-30T18:15:43.715+0200 [DEBUG] [org.gradle.cache.internal.DefaultFileLockManager] Lock acquired on daemon addresses registry.
2026-03-30T18:15:43.717+0200 [DEBUG] [org.gradle.cache.internal.DefaultFileLockManager] Releasing lock on daemon addresses registry.
2026-03-30T18:15:43.724+0200 [DEBUG] [org.gradle.cache.internal.DefaultFileLockManager] Waiting to acquire shared lock on daemon addresses registry.
2026-03-30T18:15:43.725+0200 [DEBUG] [org.gradle.cache.internal.DefaultFileLockManager] Lock acquired on daemon addresses registry.
2026-03-30T18:15:43.728+0200 [DEBUG] [org.gradle.cache.internal.DefaultFileLockManager] Releasing lock on daemon addresses registry.
2026-03-30T18:15:43.730+0200 [DEBUG] [org.gradle.launcher.daemon.server.Daemon] Finished periodic daemon health check.
2026-03-30T18:15:53.712+0200 [DEBUG] [org.gradle.launcher.daemon.server.Daemon] Starting periodic daemon health check.
2026-03-30T18:15:53.717+0200 [DEBUG] [org.gradle.cache.internal.DefaultFileLockManager] Waiting to acquire shared lock on daemon addresses registry.
2026-03-30T18:15:53.717+0200 [DEBUG] [org.gradle.cache.internal.DefaultFileLockManager] Lock acquired on daemon addresses registry.
2026-03-30T18:15:53.718+0200 [DEBUG] [org.gradle.cache.internal.DefaultFileLockManager] Releasing lock on daemon addresses registry.
2026-03-30T18:15:53.732+0200 [DEBUG] [org.gradle.cache.internal.DefaultFileLockManager] Waiting to acquire shared lock on daemon addresses registry.
2026-03-30T18:15:53.734+0200 [DEBUG] [org.gradle.cache.internal.DefaultFileLockManager] Lock acquired on daemon addresses registry.
2026-03-30T18:15:53.736+0200 [DEBUG] [org.gradle.cache.internal.DefaultFileLockManager] Releasing lock on daemon addresses registry.
2026-03-30T18:15:53.738+0200 [DEBUG] [org.gradle.launcher.daemon.server.Daemon] Finished periodic daemon health check.
2026-03-30T18:16:03.718+0200 [DEBUG] [org.gradle.launcher.daemon.server.Daemon] Starting periodic daemon health check.
2026-03-30T18:16:03.721+0200 [DEBUG] [org.gradle.cache.internal.DefaultFileLockManager] Waiting to acquire shared lock on daemon addresses registry.
2026-03-30T18:16:03.721+0200 [DEBUG] [org.gradle.cache.internal.DefaultFileLockManager] Lock acquired on daemon addresses registry.
2026-03-30T18:16:03.721+0200 [DEBUG] [org.gradle.cache.internal.DefaultFileLockManager] Releasing lock on daemon addresses registry.
2026-03-30T18:16:03.723+0200 [DEBUG] [org.gradle.cache.internal.DefaultFileLockManager] Waiting to acquire shared lock on daemon addresses registry.
2026-03-30T18:16:03.723+0200 [DEBUG] [org.gradle.cache.internal.DefaultFileLockManager] Lock acquired on daemon addresses registry.
2026-03-30T18:16:03.723+0200 [DEBUG] [org.gradle.cache.internal.DefaultFileLockManager] Releasing lock on daemon addresses registry.
2026-03-30T18:16:03.724+0200 [DEBUG] [org.gradle.launcher.daemon.server.Daemon] Finished periodic daemon health check.
2026-03-30T18:16:13.716+0200 [DEBUG] [org.gradle.launcher.daemon.server.Daemon] Starting periodic daemon health check.
2026-03-30T18:16:13.717+0200 [DEBUG] [org.gradle.cache.internal.DefaultFileLockManager] Waiting to acquire shared lock on daemon addresses registry.
2026-03-30T18:16:13.717+0200 [DEBUG] [org.gradle.cache.internal.DefaultFileLockManager] Lock acquired on daemon addresses registry.
2026-03-30T18:16:13.718+0200 [DEBUG] [org.gradle.cache.internal.DefaultFileLockManager] Releasing lock on daemon addresses registry.
2026-03-30T18:16:13.720+0200 [DEBUG] [org.gradle.cache.internal.DefaultFileLockManager] Waiting to acquire shared lock on daemon addresses registry.
2026-03-30T18:16:13.720+0200 [DEBUG] [org.gradle.cache.internal.DefaultFileLockManager] Lock acquired on daemon addresses registry.
2026-03-30T18:16:13.720+0200 [DEBUG] [org.gradle.cache.internal.DefaultFileLockManager] Releasing lock on daemon addresses registry.
2026-03-30T18:16:13.721+0200 [DEBUG] [org.gradle.launcher.daemon.server.Daemon] Finished periodic daemon health check.
2026-03-30T18:16:23.712+0200 [DEBUG] [org.gradle.launcher.daemon.server.Daemon] Starting periodic daemon health check.
2026-03-30T18:16:23.715+0200 [DEBUG] [org.gradle.cache.internal.DefaultFileLockManager] Waiting to acquire shared lock on daemon addresses registry.
2026-03-30T18:16:23.715+0200 [DEBUG] [org.gradle.cache.internal.DefaultFileLockManager] Lock acquired on daemon addresses registry.
2026-03-30T18:16:23.716+0200 [DEBUG] [org.gradle.cache.internal.DefaultFileLockManager] Releasing lock on daemon addresses registry.
2026-03-30T18:16:23.720+0200 [DEBUG] [org.gradle.cache.internal.DefaultFileLockManager] Waiting to acquire shared lock on daemon addresses registry.
2026-03-30T18:16:23.721+0200 [DEBUG] [org.gradle.cache.internal.DefaultFileLockManager] Lock acquired on daemon addresses registry.
2026-03-30T18:16:23.721+0200 [DEBUG] [org.gradle.cache.internal.DefaultFileLockManager] Releasing lock on daemon addresses registry.
2026-03-30T18:16:23.723+0200 [DEBUG] [org.gradle.launcher.daemon.server.Daemon] Finished periodic daemon health check.
2026-03-30T18:16:33.712+0200 [DEBUG] [org.gradle.launcher.daemon.server.Daemon] Starting periodic daemon health check.
2026-03-30T18:16:33.714+0200 [DEBUG] [org.gradle.cache.internal.DefaultFileLockManager] Waiting to acquire shared lock on daemon addresses registry.
2026-03-30T18:16:33.714+0200 [DEBUG] [org.gradle.cache.internal.DefaultFileLockManager] Lock acquired on daemon addresses registry.
2026-03-30T18:16:33.714+0200 [DEBUG] [org.gradle.cache.internal.DefaultFileLockManager] Releasing lock on daemon addresses registry.
2026-03-30T18:16:33.716+0200 [DEBUG] [org.gradle.cache.internal.DefaultFileLockManager] Waiting to acquire shared lock on daemon addresses registry.
2026-03-30T18:16:33.716+0200 [DEBUG] [org.gradle.cache.internal.DefaultFileLockManager] Lock acquired on daemon addresses registry.
2026-03-30T18:16:33.716+0200 [DEBUG] [org.gradle.cache.internal.DefaultFileLockManager] Releasing lock on daemon addresses registry.
2026-03-30T18:16:33.717+0200 [DEBUG] [org.gradle.launcher.daemon.server.Daemon] Finished periodic daemon health check.
2026-03-30T18:16:43.722+0200 [DEBUG] [org.gradle.launcher.daemon.server.Daemon] Starting periodic daemon health check.
2026-03-30T18:16:43.723+0200 [DEBUG] [org.gradle.cache.internal.DefaultFileLockManager] Waiting to acquire shared lock on daemon addresses registry.
2026-03-30T18:16:43.723+0200 [DEBUG] [org.gradle.cache.internal.DefaultFileLockManager] Lock acquired on daemon addresses registry.
2026-03-30T18:16:43.723+0200 [DEBUG] [org.gradle.cache.internal.DefaultFileLockManager] Releasing lock on daemon addresses registry.
2026-03-30T18:16:43.724+0200 [DEBUG] [org.gradle.cache.internal.DefaultFileLockManager] Waiting to acquire shared lock on daemon addresses registry.
2026-03-30T18:16:43.725+0200 [DEBUG] [org.gradle.cache.internal.DefaultFileLockManager] Lock acquired on daemon addresses registry.
2026-03-30T18:16:43.725+0200 [DEBUG] [org.gradle.cache.internal.DefaultFileLockManager] Releasing lock on daemon addresses registry.
2026-03-30T18:16:43.725+0200 [DEBUG] [org.gradle.launcher.daemon.server.Daemon] Finished periodic daemon health check.
2026-03-30T18:16:53.707+0200 [DEBUG] [org.gradle.launcher.daemon.server.Daemon] Starting periodic daemon health check.
2026-03-30T18:16:53.709+0200 [DEBUG] [org.gradle.cache.internal.DefaultFileLockManager] Waiting to acquire shared lock on daemon addresses registry.
2026-03-30T18:16:53.709+0200 [DEBUG] [org.gradle.cache.internal.DefaultFileLockManager] Lock acquired on daemon addresses registry.
2026-03-30T18:16:53.709+0200 [DEBUG] [org.gradle.cache.internal.DefaultFileLockManager] Releasing lock on daemon addresses registry.
2026-03-30T18:16:53.710+0200 [DEBUG] [org.gradle.cache.internal.DefaultFileLockManager] Waiting to acquire shared lock on daemon addresses registry.
2026-03-30T18:16:53.711+0200 [DEBUG] [org.gradle.cache.internal.DefaultFileLockManager] Lock acquired on daemon addresses registry.
2026-03-30T18:16:53.711+0200 [DEBUG] [org.gradle.cache.internal.DefaultFileLockManager] Releasing lock on daemon addresses registry.
2026-03-30T18:16:53.711+0200 [DEBUG] [org.gradle.launcher.daemon.server.Daemon] Finished periodic daemon health check.
2026-03-30T18:17:03.716+0200 [DEBUG] [org.gradle.launcher.daemon.server.Daemon] Starting periodic daemon health check.
2026-03-30T18:17:03.717+0200 [DEBUG] [org.gradle.cache.internal.DefaultFileLockManager] Waiting to acquire shared lock on daemon addresses registry.
2026-03-30T18:17:03.717+0200 [DEBUG] [org.gradle.cache.internal.DefaultFileLockManager] Lock acquired on daemon addresses registry.
2026-03-30T18:17:03.717+0200 [DEBUG] [org.gradle.cache.internal.DefaultFileLockManager] Releasing lock on daemon addresses registry.
2026-03-30T18:17:03.719+0200 [DEBUG] [org.gradle.cache.internal.DefaultFileLockManager] Waiting to acquire shared lock on daemon addresses registry.
2026-03-30T18:17:03.719+0200 [DEBUG] [org.gradle.cache.internal.DefaultFileLockManager] Lock acquired on daemon addresses registry.
2026-03-30T18:17:03.719+0200 [DEBUG] [org.gradle.cache.internal.DefaultFileLockManager] Releasing lock on daemon addresses registry.
2026-03-30T18:17:03.719+0200 [DEBUG] [org.gradle.launcher.daemon.server.Daemon] Finished periodic daemon health check.
2026-03-30T18:17:13.709+0200 [DEBUG] [org.gradle.launcher.daemon.server.Daemon] Starting periodic daemon health check.
2026-03-30T18:17:13.710+0200 [DEBUG] [org.gradle.cache.internal.DefaultFileLockManager] Waiting to acquire shared lock on daemon addresses registry.
2026-03-30T18:17:13.710+0200 [DEBUG] [org.gradle.cache.internal.DefaultFileLockManager] Lock acquired on daemon addresses registry.
2026-03-30T18:17:13.711+0200 [DEBUG] [org.gradle.cache.internal.DefaultFileLockManager] Releasing lock on daemon addresses registry.
2026-03-30T18:17:13.712+0200 [DEBUG] [org.gradle.cache.internal.DefaultFileLockManager] Waiting to acquire shared lock on daemon addresses registry.
2026-03-30T18:17:13.712+0200 [DEBUG] [org.gradle.cache.internal.DefaultFileLockManager] Lock acquired on daemon addresses registry.
2026-03-30T18:17:13.712+0200 [DEBUG] [org.gradle.cache.internal.DefaultFileLockManager] Releasing lock on daemon addresses registry.
2026-03-30T18:17:13.713+0200 [DEBUG] [org.gradle.launcher.daemon.server.Daemon] Finished periodic daemon health check.
2026-03-30T18:17:23.710+0200 [DEBUG] [org.gradle.launcher.daemon.server.Daemon] Starting periodic daemon health check.
2026-03-30T18:17:23.711+0200 [DEBUG] [org.gradle.cache.internal.DefaultFileLockManager] Waiting to acquire shared lock on daemon addresses registry.
2026-03-30T18:17:23.712+0200 [DEBUG] [org.gradle.cache.internal.DefaultFileLockManager] Lock acquired on daemon addresses registry.
2026-03-30T18:17:23.712+0200 [DEBUG] [org.gradle.cache.internal.DefaultFileLockManager] Releasing lock on daemon addresses registry.
2026-03-30T18:17:23.713+0200 [DEBUG] [org.gradle.cache.internal.DefaultFileLockManager] Waiting to acquire shared lock on daemon addresses registry.
2026-03-30T18:17:23.714+0200 [DEBUG] [org.gradle.cache.internal.DefaultFileLockManager] Lock acquired on daemon addresses registry.
2026-03-30T18:17:23.714+0200 [DEBUG] [org.gradle.cache.internal.DefaultFileLockManager] Releasing lock on daemon addresses registry.
2026-03-30T18:17:23.714+0200 [DEBUG] [org.gradle.launcher.daemon.server.Daemon] Finished periodic daemon health check.
2026-03-30T18:17:33.716+0200 [DEBUG] [org.gradle.launcher.daemon.server.Daemon] Starting periodic daemon health check.
2026-03-30T18:17:33.718+0200 [DEBUG] [org.gradle.cache.internal.DefaultFileLockManager] Waiting to acquire shared lock on daemon addresses registry.
2026-03-30T18:17:33.718+0200 [DEBUG] [org.gradle.cache.internal.DefaultFileLockManager] Lock acquired on daemon addresses registry.
2026-03-30T18:17:33.718+0200 [DEBUG] [org.gradle.cache.internal.DefaultFileLockManager] Releasing lock on daemon addresses registry.
2026-03-30T18:17:33.719+0200 [DEBUG] [org.gradle.cache.internal.DefaultFileLockManager] Waiting to acquire shared lock on daemon addresses registry.
2026-03-30T18:17:33.720+0200 [DEBUG] [org.gradle.cache.internal.DefaultFileLockManager] Lock acquired on daemon addresses registry.
2026-03-30T18:17:33.720+0200 [DEBUG] [org.gradle.cache.internal.DefaultFileLockManager] Releasing lock on daemon addresses registry.
2026-03-30T18:17:33.720+0200 [DEBUG] [org.gradle.launcher.daemon.server.Daemon] Finished periodic daemon health check.
2026-03-30T18:17:43.713+0200 [DEBUG] [org.gradle.launcher.daemon.server.Daemon] Starting periodic daemon health check.
2026-03-30T18:17:43.714+0200 [DEBUG] [org.gradle.cache.internal.DefaultFileLockManager] Waiting to acquire shared lock on daemon addresses registry.
2026-03-30T18:17:43.714+0200 [DEBUG] [org.gradle.cache.internal.DefaultFileLockManager] Lock acquired on daemon addresses registry.
2026-03-30T18:17:43.715+0200 [DEBUG] [org.gradle.cache.internal.DefaultFileLockManager] Releasing lock on daemon addresses registry.
2026-03-30T18:17:43.716+0200 [DEBUG] [org.gradle.cache.internal.DefaultFileLockManager] Waiting to acquire shared lock on daemon addresses registry.
2026-03-30T18:17:43.717+0200 [DEBUG] [org.gradle.cache.internal.DefaultFileLockManager] Lock acquired on daemon addresses registry.
2026-03-30T18:17:43.717+0200 [DEBUG] [org.gradle.cache.internal.DefaultFileLockManager] Releasing lock on daemon addresses registry.
2026-03-30T18:17:43.717+0200 [DEBUG] [org.gradle.launcher.daemon.server.Daemon] Finished periodic daemon health check.
2026-03-30T18:17:53.712+0200 [DEBUG] [org.gradle.launcher.daemon.server.Daemon] Starting periodic daemon health check.
2026-03-30T18:17:53.713+0200 [DEBUG] [org.gradle.cache.internal.DefaultFileLockManager] Waiting to acquire shared lock on daemon addresses registry.
2026-03-30T18:17:53.713+0200 [DEBUG] [org.gradle.cache.internal.DefaultFileLockManager] Lock acquired on daemon addresses registry.
2026-03-30T18:17:53.713+0200 [DEBUG] [org.gradle.cache.internal.DefaultFileLockManager] Releasing lock on daemon addresses registry.
2026-03-30T18:17:53.715+0200 [DEBUG] [org.gradle.cache.internal.DefaultFileLockManager] Waiting to acquire shared lock on daemon addresses registry.
2026-03-30T18:17:53.715+0200 [DEBUG] [org.gradle.cache.internal.DefaultFileLockManager] Lock acquired on daemon addresses registry.
2026-03-30T18:17:53.715+0200 [DEBUG] [org.gradle.cache.internal.DefaultFileLockManager] Releasing lock on daemon addresses registry.
2026-03-30T18:17:53.716+0200 [DEBUG] [org.gradle.launcher.daemon.server.Daemon] Finished periodic daemon health check.
2026-03-30T18:18:03.719+0200 [DEBUG] [org.gradle.launcher.daemon.server.Daemon] Starting periodic daemon health check.
2026-03-30T18:18:03.721+0200 [DEBUG] [org.gradle.cache.internal.DefaultFileLockManager] Waiting to acquire shared lock on daemon addresses registry.
2026-03-30T18:18:03.721+0200 [DEBUG] [org.gradle.cache.internal.DefaultFileLockManager] Lock acquired on daemon addresses registry.
2026-03-30T18:18:03.721+0200 [DEBUG] [org.gradle.cache.internal.DefaultFileLockManager] Releasing lock on daemon addresses registry.
2026-03-30T18:18:03.723+0200 [DEBUG] [org.gradle.cache.internal.DefaultFileLockManager] Waiting to acquire shared lock on daemon addresses registry.
2026-03-30T18:18:03.723+0200 [DEBUG] [org.gradle.cache.internal.DefaultFileLockManager] Lock acquired on daemon addresses registry.
2026-03-30T18:18:03.723+0200 [DEBUG] [org.gradle.cache.internal.DefaultFileLockManager] Releasing lock on daemon addresses registry.
2026-03-30T18:18:03.723+0200 [DEBUG] [org.gradle.launcher.daemon.server.Daemon] Finished periodic daemon health check.
2026-03-30T18:18:13.708+0200 [DEBUG] [org.gradle.launcher.daemon.server.Daemon] Starting periodic daemon health check.
2026-03-30T18:18:13.709+0200 [DEBUG] [org.gradle.cache.internal.DefaultFileLockManager] Waiting to acquire shared lock on daemon addresses registry.
2026-03-30T18:18:13.710+0200 [DEBUG] [org.gradle.cache.internal.DefaultFileLockManager] Lock acquired on daemon addresses registry.
2026-03-30T18:18:13.710+0200 [DEBUG] [org.gradle.cache.internal.DefaultFileLockManager] Releasing lock on daemon addresses registry.
2026-03-30T18:18:13.711+0200 [DEBUG] [org.gradle.cache.internal.DefaultFileLockManager] Waiting to acquire shared lock on daemon addresses registry.
2026-03-30T18:18:13.711+0200 [DEBUG] [org.gradle.cache.internal.DefaultFileLockManager] Lock acquired on daemon addresses registry.
2026-03-30T18:18:13.711+0200 [DEBUG] [org.gradle.cache.internal.DefaultFileLockManager] Releasing lock on daemon addresses registry.
2026-03-30T18:18:13.712+0200 [DEBUG] [org.gradle.launcher.daemon.server.Daemon] Finished periodic daemon health check.
2026-03-30T18:18:23.714+0200 [DEBUG] [org.gradle.launcher.daemon.server.Daemon] Starting periodic daemon health check.
2026-03-30T18:18:23.715+0200 [DEBUG] [org.gradle.cache.internal.DefaultFileLockManager] Waiting to acquire shared lock on daemon addresses registry.
2026-03-30T18:18:23.716+0200 [DEBUG] [org.gradle.cache.internal.DefaultFileLockManager] Lock acquired on daemon addresses registry.
2026-03-30T18:18:23.716+0200 [DEBUG] [org.gradle.cache.internal.DefaultFileLockManager] Releasing lock on daemon addresses registry.
2026-03-30T18:18:23.717+0200 [DEBUG] [org.gradle.cache.internal.DefaultFileLockManager] Waiting to acquire shared lock on daemon addresses registry.
2026-03-30T18:18:23.717+0200 [DEBUG] [org.gradle.cache.internal.DefaultFileLockManager] Lock acquired on daemon addresses registry.
2026-03-30T18:18:23.718+0200 [DEBUG] [org.gradle.cache.internal.DefaultFileLockManager] Releasing lock on daemon addresses registry.
2026-03-30T18:18:23.718+0200 [DEBUG] [org.gradle.launcher.daemon.server.Daemon] Finished periodic daemon health check.
2026-03-30T18:18:33.711+0200 [DEBUG] [org.gradle.launcher.daemon.server.Daemon] Starting periodic daemon health check.
2026-03-30T18:18:33.713+0200 [DEBUG] [org.gradle.cache.internal.DefaultFileLockManager] Waiting to acquire shared lock on daemon addresses registry.
2026-03-30T18:18:33.713+0200 [DEBUG] [org.gradle.cache.internal.DefaultFileLockManager] Lock acquired on daemon addresses registry.
2026-03-30T18:18:33.713+0200 [DEBUG] [org.gradle.cache.internal.DefaultFileLockManager] Releasing lock on daemon addresses registry.
2026-03-30T18:18:33.714+0200 [DEBUG] [org.gradle.cache.internal.DefaultFileLockManager] Waiting to acquire shared lock on daemon addresses registry.
2026-03-30T18:18:33.714+0200 [DEBUG] [org.gradle.cache.internal.DefaultFileLockManager] Lock acquired on daemon addresses registry.
2026-03-30T18:18:33.715+0200 [DEBUG] [org.gradle.cache.internal.DefaultFileLockManager] Releasing lock on daemon addresses registry.
2026-03-30T18:18:33.715+0200 [DEBUG] [org.gradle.launcher.daemon.server.Daemon] Finished periodic daemon health check.
2026-03-30T18:18:43.711+0200 [DEBUG] [org.gradle.launcher.daemon.server.Daemon] Starting periodic daemon health check.
2026-03-30T18:18:43.713+0200 [DEBUG] [org.gradle.cache.internal.DefaultFileLockManager] Waiting to acquire shared lock on daemon addresses registry.
2026-03-30T18:18:43.713+0200 [DEBUG] [org.gradle.cache.internal.DefaultFileLockManager] Lock acquired on daemon addresses registry.
2026-03-30T18:18:43.714+0200 [DEBUG] [org.gradle.cache.internal.DefaultFileLockManager] Releasing lock on daemon addresses registry.
2026-03-30T18:18:43.715+0200 [DEBUG] [org.gradle.cache.internal.DefaultFileLockManager] Waiting to acquire shared lock on daemon addresses registry.
2026-03-30T18:18:43.716+0200 [DEBUG] [org.gradle.cache.internal.DefaultFileLockManager] Lock acquired on daemon addresses registry.
2026-03-30T18:18:43.716+0200 [DEBUG] [org.gradle.cache.internal.DefaultFileLockManager] Releasing lock on daemon addresses registry.
2026-03-30T18:18:43.717+0200 [DEBUG] [org.gradle.launcher.daemon.server.Daemon] Finished periodic daemon health check.
2026-03-30T18:18:53.721+0200 [DEBUG] [org.gradle.launcher.daemon.server.Daemon] Starting periodic daemon health check.
2026-03-30T18:18:53.723+0200 [DEBUG] [org.gradle.cache.internal.DefaultFileLockManager] Waiting to acquire shared lock on daemon addresses registry.
2026-03-30T18:18:53.723+0200 [DEBUG] [org.gradle.cache.internal.DefaultFileLockManager] Lock acquired on daemon addresses registry.
2026-03-30T18:18:53.723+0200 [DEBUG] [org.gradle.cache.internal.DefaultFileLockManager] Releasing lock on daemon addresses registry.
2026-03-30T18:18:53.725+0200 [DEBUG] [org.gradle.cache.internal.DefaultFileLockManager] Waiting to acquire shared lock on daemon addresses registry.
2026-03-30T18:18:53.725+0200 [DEBUG] [org.gradle.cache.internal.DefaultFileLockManager] Lock acquired on daemon addresses registry.
2026-03-30T18:18:53.726+0200 [DEBUG] [org.gradle.cache.internal.DefaultFileLockManager] Releasing lock on daemon addresses registry.
2026-03-30T18:18:53.727+0200 [DEBUG] [org.gradle.launcher.daemon.server.Daemon] Finished periodic daemon health check.
2026-03-30T18:19:03.719+0200 [DEBUG] [org.gradle.launcher.daemon.server.Daemon] Starting periodic daemon health check.
2026-03-30T18:19:03.720+0200 [DEBUG] [org.gradle.cache.internal.DefaultFileLockManager] Waiting to acquire shared lock on daemon addresses registry.
2026-03-30T18:19:03.720+0200 [DEBUG] [org.gradle.cache.internal.DefaultFileLockManager] Lock acquired on daemon addresses registry.
2026-03-30T18:19:03.720+0200 [DEBUG] [org.gradle.cache.internal.DefaultFileLockManager] Releasing lock on daemon addresses registry.
2026-03-30T18:19:03.722+0200 [DEBUG] [org.gradle.cache.internal.DefaultFileLockManager] Waiting to acquire shared lock on daemon addresses registry.
2026-03-30T18:19:03.722+0200 [DEBUG] [org.gradle.cache.internal.DefaultFileLockManager] Lock acquired on daemon addresses registry.
2026-03-30T18:19:03.722+0200 [DEBUG] [org.gradle.cache.internal.DefaultFileLockManager] Releasing lock on daemon addresses registry.
2026-03-30T18:19:03.723+0200 [DEBUG] [org.gradle.launcher.daemon.server.Daemon] Finished periodic daemon health check.
2026-03-30T18:19:13.714+0200 [DEBUG] [org.gradle.launcher.daemon.server.Daemon] Starting periodic daemon health check.
2026-03-30T18:19:13.715+0200 [DEBUG] [org.gradle.cache.internal.DefaultFileLockManager] Waiting to acquire shared lock on daemon addresses registry.
2026-03-30T18:19:13.715+0200 [DEBUG] [org.gradle.cache.internal.DefaultFileLockManager] Lock acquired on daemon addresses registry.
2026-03-30T18:19:13.715+0200 [DEBUG] [org.gradle.cache.internal.DefaultFileLockManager] Releasing lock on daemon addresses registry.
2026-03-30T18:19:13.717+0200 [DEBUG] [org.gradle.cache.internal.DefaultFileLockManager] Waiting to acquire shared lock on daemon addresses registry.
2026-03-30T18:19:13.717+0200 [DEBUG] [org.gradle.cache.internal.DefaultFileLockManager] Lock acquired on daemon addresses registry.
2026-03-30T18:19:13.717+0200 [DEBUG] [org.gradle.cache.internal.DefaultFileLockManager] Releasing lock on daemon addresses registry.
2026-03-30T18:19:13.718+0200 [DEBUG] [org.gradle.launcher.daemon.server.Daemon] Finished periodic daemon health check.
2026-03-30T18:19:23.709+0200 [DEBUG] [org.gradle.launcher.daemon.server.Daemon] Starting periodic daemon health check.
2026-03-30T18:19:23.710+0200 [DEBUG] [org.gradle.cache.internal.DefaultFileLockManager] Waiting to acquire shared lock on daemon addresses registry.
2026-03-30T18:19:23.714+0200 [DEBUG] [org.gradle.cache.internal.DefaultFileLockManager] Lock acquired on daemon addresses registry.
2026-03-30T18:19:23.715+0200 [DEBUG] [org.gradle.cache.internal.DefaultFileLockManager] Releasing lock on daemon addresses registry.
2026-03-30T18:19:23.716+0200 [DEBUG] [org.gradle.cache.internal.DefaultFileLockManager] Waiting to acquire shared lock on daemon addresses registry.
2026-03-30T18:19:23.716+0200 [DEBUG] [org.gradle.cache.internal.DefaultFileLockManager] Lock acquired on daemon addresses registry.
2026-03-30T18:19:23.717+0200 [DEBUG] [org.gradle.cache.internal.DefaultFileLockManager] Releasing lock on daemon addresses registry.
2026-03-30T18:19:23.717+0200 [DEBUG] [org.gradle.launcher.daemon.server.Daemon] Finished periodic daemon health check.
2026-03-30T18:19:35.270+0200 [DEBUG] [org.gradle.launcher.daemon.server.Daemon] Starting periodic daemon health check.
2026-03-30T18:19:35.272+0200 [DEBUG] [org.gradle.cache.internal.DefaultFileLockManager] Waiting to acquire shared lock on daemon addresses registry.
2026-03-30T18:19:35.272+0200 [DEBUG] [org.gradle.cache.internal.DefaultFileLockManager] Lock acquired on daemon addresses registry.
2026-03-30T18:19:35.272+0200 [DEBUG] [org.gradle.cache.internal.DefaultFileLockManager] Releasing lock on daemon addresses registry.
2026-03-30T18:19:35.274+0200 [DEBUG] [org.gradle.cache.internal.DefaultFileLockManager] Waiting to acquire shared lock on daemon addresses registry.
2026-03-30T18:19:35.274+0200 [DEBUG] [org.gradle.cache.internal.DefaultFileLockManager] Lock acquired on daemon addresses registry.
2026-03-30T18:19:35.274+0200 [DEBUG] [org.gradle.cache.internal.DefaultFileLockManager] Releasing lock on daemon addresses registry.
2026-03-30T18:19:35.274+0200 [DEBUG] [org.gradle.launcher.daemon.server.Daemon] Finished periodic daemon health check.
2026-03-30T18:19:45.268+0200 [DEBUG] [org.gradle.launcher.daemon.server.Daemon] Starting periodic daemon health check.
2026-03-30T18:19:45.270+0200 [DEBUG] [org.gradle.cache.internal.DefaultFileLockManager] Waiting to acquire shared lock on daemon addresses registry.
2026-03-30T18:19:45.271+0200 [DEBUG] [org.gradle.cache.internal.DefaultFileLockManager] Lock acquired on daemon addresses registry.
2026-03-30T18:19:45.271+0200 [DEBUG] [org.gradle.cache.internal.DefaultFileLockManager] Releasing lock on daemon addresses registry.
2026-03-30T18:19:45.273+0200 [DEBUG] [org.gradle.cache.internal.DefaultFileLockManager] Waiting to acquire shared lock on daemon addresses registry.
2026-03-30T18:19:45.273+0200 [DEBUG] [org.gradle.cache.internal.DefaultFileLockManager] Lock acquired on daemon addresses registry.
2026-03-30T18:19:45.274+0200 [DEBUG] [org.gradle.cache.internal.DefaultFileLockManager] Releasing lock on daemon addresses registry.
2026-03-30T18:19:45.274+0200 [DEBUG] [org.gradle.launcher.daemon.server.Daemon] Finished periodic daemon health check.
2026-03-30T18:19:55.268+0200 [DEBUG] [org.gradle.launcher.daemon.server.Daemon] Starting periodic daemon health check.
2026-03-30T18:19:55.270+0200 [DEBUG] [org.gradle.cache.internal.DefaultFileLockManager] Waiting to acquire shared lock on daemon addresses registry.
2026-03-30T18:19:55.270+0200 [DEBUG] [org.gradle.cache.internal.DefaultFileLockManager] Lock acquired on daemon addresses registry.
2026-03-30T18:19:55.270+0200 [DEBUG] [org.gradle.cache.internal.DefaultFileLockManager] Releasing lock on daemon addresses registry.
2026-03-30T18:19:55.272+0200 [DEBUG] [org.gradle.cache.internal.DefaultFileLockManager] Waiting to acquire shared lock on daemon addresses registry.
2026-03-30T18:19:55.272+0200 [DEBUG] [org.gradle.cache.internal.DefaultFileLockManager] Lock acquired on daemon addresses registry.
2026-03-30T18:19:55.273+0200 [DEBUG] [org.gradle.cache.internal.DefaultFileLockManager] Releasing lock on daemon addresses registry.
2026-03-30T18:19:55.273+0200 [DEBUG] [org.gradle.launcher.daemon.server.Daemon] Finished periodic daemon health check.
2026-03-30T18:20:05.266+0200 [DEBUG] [org.gradle.launcher.daemon.server.Daemon] Starting periodic daemon health check.
2026-03-30T18:20:05.272+0200 [DEBUG] [org.gradle.cache.internal.DefaultFileLockManager] Waiting to acquire shared lock on daemon addresses registry.
2026-03-30T18:20:05.273+0200 [DEBUG] [org.gradle.cache.internal.DefaultFileLockManager] Lock acquired on daemon addresses registry.
2026-03-30T18:20:05.274+0200 [DEBUG] [org.gradle.cache.internal.DefaultFileLockManager] Releasing lock on daemon addresses registry.
2026-03-30T18:20:05.283+0200 [DEBUG] [org.gradle.cache.internal.DefaultFileLockManager] Waiting to acquire shared lock on daemon addresses registry.
2026-03-30T18:20:05.284+0200 [DEBUG] [org.gradle.cache.internal.DefaultFileLockManager] Lock acquired on daemon addresses registry.
2026-03-30T18:20:05.285+0200 [DEBUG] [org.gradle.cache.internal.DefaultFileLockManager] Releasing lock on daemon addresses registry.
2026-03-30T18:20:05.287+0200 [DEBUG] [org.gradle.launcher.daemon.server.Daemon] Finished periodic daemon health check.
2026-03-30T18:20:15.272+0200 [DEBUG] [org.gradle.launcher.daemon.server.Daemon] Starting periodic daemon health check.
2026-03-30T18:20:15.273+0200 [DEBUG] [org.gradle.cache.internal.DefaultFileLockManager] Waiting to acquire shared lock on daemon addresses registry.
2026-03-30T18:20:15.273+0200 [DEBUG] [org.gradle.cache.internal.DefaultFileLockManager] Lock acquired on daemon addresses registry.
2026-03-30T18:20:15.274+0200 [DEBUG] [org.gradle.cache.internal.DefaultFileLockManager] Releasing lock on daemon addresses registry.
2026-03-30T18:20:15.276+0200 [DEBUG] [org.gradle.cache.internal.DefaultFileLockManager] Waiting to acquire shared lock on daemon addresses registry.
2026-03-30T18:20:15.276+0200 [DEBUG] [org.gradle.cache.internal.DefaultFileLockManager] Lock acquired on daemon addresses registry.
2026-03-30T18:20:15.276+0200 [DEBUG] [org.gradle.cache.internal.DefaultFileLockManager] Releasing lock on daemon addresses registry.
2026-03-30T18:20:15.278+0200 [DEBUG] [org.gradle.launcher.daemon.server.Daemon] Finished periodic daemon health check.
2026-03-30T18:20:25.267+0200 [DEBUG] [org.gradle.launcher.daemon.server.Daemon] Starting periodic daemon health check.
2026-03-30T18:20:25.270+0200 [DEBUG] [org.gradle.cache.internal.DefaultFileLockManager] Waiting to acquire shared lock on daemon addresses registry.
2026-03-30T18:20:25.270+0200 [DEBUG] [org.gradle.cache.internal.DefaultFileLockManager] Lock acquired on daemon addresses registry.
2026-03-30T18:20:25.271+0200 [DEBUG] [org.gradle.cache.internal.DefaultFileLockManager] Releasing lock on daemon addresses registry.
2026-03-30T18:20:25.275+0200 [DEBUG] [org.gradle.cache.internal.DefaultFileLockManager] Waiting to acquire shared lock on daemon addresses registry.
2026-03-30T18:20:25.275+0200 [DEBUG] [org.gradle.cache.internal.DefaultFileLockManager] Lock acquired on daemon addresses registry.
2026-03-30T18:20:25.276+0200 [DEBUG] [org.gradle.cache.internal.DefaultFileLockManager] Releasing lock on daemon addresses registry.
2026-03-30T18:20:25.277+0200 [DEBUG] [org.gradle.launcher.daemon.server.Daemon] Finished periodic daemon health check.
2026-03-30T18:20:35.271+0200 [DEBUG] [org.gradle.launcher.daemon.server.Daemon] Starting periodic daemon health check.
2026-03-30T18:20:35.273+0200 [DEBUG] [org.gradle.cache.internal.DefaultFileLockManager] Waiting to acquire shared lock on daemon addresses registry.
2026-03-30T18:20:35.273+0200 [DEBUG] [org.gradle.cache.internal.DefaultFileLockManager] Lock acquired on daemon addresses registry.
2026-03-30T18:20:35.273+0200 [DEBUG] [org.gradle.cache.internal.DefaultFileLockManager] Releasing lock on daemon addresses registry.
2026-03-30T18:20:35.275+0200 [DEBUG] [org.gradle.cache.internal.DefaultFileLockManager] Waiting to acquire shared lock on daemon addresses registry.
2026-03-30T18:20:35.275+0200 [DEBUG] [org.gradle.cache.internal.DefaultFileLockManager] Lock acquired on daemon addresses registry.
2026-03-30T18:20:35.275+0200 [DEBUG] [org.gradle.cache.internal.DefaultFileLockManager] Releasing lock on daemon addresses registry.
2026-03-30T18:20:35.276+0200 [DEBUG] [org.gradle.launcher.daemon.server.Daemon] Finished periodic daemon health check.
2026-03-30T18:20:45.269+0200 [DEBUG] [org.gradle.launcher.daemon.server.Daemon] Starting periodic daemon health check.
2026-03-30T18:20:45.273+0200 [DEBUG] [org.gradle.cache.internal.DefaultFileLockManager] Waiting to acquire shared lock on daemon addresses registry.
2026-03-30T18:20:45.273+0200 [DEBUG] [org.gradle.cache.internal.DefaultFileLockManager] Lock acquired on daemon addresses registry.
2026-03-30T18:20:45.275+0200 [DEBUG] [org.gradle.cache.internal.DefaultFileLockManager] Releasing lock on daemon addresses registry.
2026-03-30T18:20:45.282+0200 [DEBUG] [org.gradle.cache.internal.DefaultFileLockManager] Waiting to acquire shared lock on daemon addresses registry.
2026-03-30T18:20:45.282+0200 [DEBUG] [org.gradle.cache.internal.DefaultFileLockManager] Lock acquired on daemon addresses registry.
2026-03-30T18:20:45.284+0200 [DEBUG] [org.gradle.cache.internal.DefaultFileLockManager] Releasing lock on daemon addresses registry.
2026-03-30T18:20:45.285+0200 [DEBUG] [org.gradle.launcher.daemon.server.Daemon] Finished periodic daemon health check.
2026-03-30T18:20:55.268+0200 [DEBUG] [org.gradle.launcher.daemon.server.Daemon] Starting periodic daemon health check.
2026-03-30T18:20:55.271+0200 [DEBUG] [org.gradle.cache.internal.DefaultFileLockManager] Waiting to acquire shared lock on daemon addresses registry.
2026-03-30T18:20:55.271+0200 [DEBUG] [org.gradle.cache.internal.DefaultFileLockManager] Lock acquired on daemon addresses registry.
2026-03-30T18:20:55.272+0200 [DEBUG] [org.gradle.cache.internal.DefaultFileLockManager] Releasing lock on daemon addresses registry.
2026-03-30T18:20:55.274+0200 [DEBUG] [org.gradle.cache.internal.DefaultFileLockManager] Waiting to acquire shared lock on daemon addresses registry.
2026-03-30T18:20:55.274+0200 [DEBUG] [org.gradle.cache.internal.DefaultFileLockManager] Lock acquired on daemon addresses registry.
2026-03-30T18:20:55.275+0200 [DEBUG] [org.gradle.cache.internal.DefaultFileLockManager] Releasing lock on daemon addresses registry.
2026-03-30T18:20:55.276+0200 [DEBUG] [org.gradle.launcher.daemon.server.Daemon] Finished periodic daemon health check.
2026-03-30T18:21:05.274+0200 [DEBUG] [org.gradle.launcher.daemon.server.Daemon] Starting periodic daemon health check.
2026-03-30T18:21:05.275+0200 [DEBUG] [org.gradle.cache.internal.DefaultFileLockManager] Waiting to acquire shared lock on daemon addresses registry.
2026-03-30T18:21:05.275+0200 [DEBUG] [org.gradle.cache.internal.DefaultFileLockManager] Lock acquired on daemon addresses registry.
2026-03-30T18:21:05.276+0200 [DEBUG] [org.gradle.cache.internal.DefaultFileLockManager] Releasing lock on daemon addresses registry.
2026-03-30T18:21:05.277+0200 [DEBUG] [org.gradle.cache.internal.DefaultFileLockManager] Waiting to acquire shared lock on daemon addresses registry.
2026-03-30T18:21:05.277+0200 [DEBUG] [org.gradle.cache.internal.DefaultFileLockManager] Lock acquired on daemon addresses registry.
2026-03-30T18:21:05.278+0200 [DEBUG] [org.gradle.cache.internal.DefaultFileLockManager] Releasing lock on daemon addresses registry.
2026-03-30T18:21:05.278+0200 [DEBUG] [org.gradle.launcher.daemon.server.Daemon] Finished periodic daemon health check.
2026-03-30T18:21:15.267+0200 [DEBUG] [org.gradle.launcher.daemon.server.Daemon] Starting periodic daemon health check.
2026-03-30T18:21:15.268+0200 [DEBUG] [org.gradle.cache.internal.DefaultFileLockManager] Waiting to acquire shared lock on daemon addresses registry.
2026-03-30T18:21:15.269+0200 [DEBUG] [org.gradle.cache.internal.DefaultFileLockManager] Lock acquired on daemon addresses registry.
2026-03-30T18:21:15.271+0200 [DEBUG] [org.gradle.cache.internal.DefaultFileLockManager] Releasing lock on daemon addresses registry.
2026-03-30T18:21:15.278+0200 [DEBUG] [org.gradle.cache.internal.DefaultFileLockManager] Waiting to acquire shared lock on daemon addresses registry.
2026-03-30T18:21:15.278+0200 [DEBUG] [org.gradle.cache.internal.DefaultFileLockManager] Lock acquired on daemon addresses registry.
2026-03-30T18:21:15.279+0200 [DEBUG] [org.gradle.cache.internal.DefaultFileLockManager] Releasing lock on daemon addresses registry.
2026-03-30T18:21:15.279+0200 [DEBUG] [org.gradle.launcher.daemon.server.Daemon] Finished periodic daemon health check.
2026-03-30T18:21:25.273+0200 [DEBUG] [org.gradle.launcher.daemon.server.Daemon] Starting periodic daemon health check.
2026-03-30T18:21:25.276+0200 [DEBUG] [org.gradle.cache.internal.DefaultFileLockManager] Waiting to acquire shared lock on daemon addresses registry.
2026-03-30T18:21:25.276+0200 [DEBUG] [org.gradle.cache.internal.DefaultFileLockManager] Lock acquired on daemon addresses registry.
2026-03-30T18:21:25.276+0200 [DEBUG] [org.gradle.cache.internal.DefaultFileLockManager] Releasing lock on daemon addresses registry.
2026-03-30T18:21:25.279+0200 [DEBUG] [org.gradle.cache.internal.DefaultFileLockManager] Waiting to acquire shared lock on daemon addresses registry.
2026-03-30T18:21:25.280+0200 [DEBUG] [org.gradle.cache.internal.DefaultFileLockManager] Lock acquired on daemon addresses registry.
2026-03-30T18:21:25.280+0200 [DEBUG] [org.gradle.cache.internal.DefaultFileLockManager] Releasing lock on daemon addresses registry.
2026-03-30T18:21:25.280+0200 [DEBUG] [org.gradle.launcher.daemon.server.Daemon] Finished periodic daemon health check.
2026-03-30T18:21:35.273+0200 [DEBUG] [org.gradle.launcher.daemon.server.Daemon] Starting periodic daemon health check.
2026-03-30T18:21:35.275+0200 [DEBUG] [org.gradle.cache.internal.DefaultFileLockManager] Waiting to acquire shared lock on daemon addresses registry.
2026-03-30T18:21:35.275+0200 [DEBUG] [org.gradle.cache.internal.DefaultFileLockManager] Lock acquired on daemon addresses registry.
2026-03-30T18:21:35.276+0200 [DEBUG] [org.gradle.cache.internal.DefaultFileLockManager] Releasing lock on daemon addresses registry.
2026-03-30T18:21:35.278+0200 [DEBUG] [org.gradle.cache.internal.DefaultFileLockManager] Waiting to acquire shared lock on daemon addresses registry.
2026-03-30T18:21:35.278+0200 [DEBUG] [org.gradle.cache.internal.DefaultFileLockManager] Lock acquired on daemon addresses registry.
2026-03-30T18:21:35.278+0200 [DEBUG] [org.gradle.cache.internal.DefaultFileLockManager] Releasing lock on daemon addresses registry.
2026-03-30T18:21:35.279+0200 [DEBUG] [org.gradle.launcher.daemon.server.Daemon] Finished periodic daemon health check.
2026-03-30T18:21:45.264+0200 [DEBUG] [org.gradle.launcher.daemon.server.Daemon] Starting periodic daemon health check.
2026-03-30T18:21:45.265+0200 [DEBUG] [org.gradle.cache.internal.DefaultFileLockManager] Waiting to acquire shared lock on daemon addresses registry.
2026-03-30T18:21:45.265+0200 [DEBUG] [org.gradle.cache.internal.DefaultFileLockManager] Lock acquired on daemon addresses registry.
2026-03-30T18:21:45.266+0200 [DEBUG] [org.gradle.cache.internal.DefaultFileLockManager] Releasing lock on daemon addresses registry.
2026-03-30T18:21:45.267+0200 [DEBUG] [org.gradle.cache.internal.DefaultFileLockManager] Waiting to acquire shared lock on daemon addresses registry.
2026-03-30T18:21:45.267+0200 [DEBUG] [org.gradle.cache.internal.DefaultFileLockManager] Lock acquired on daemon addresses registry.
2026-03-30T18:21:45.267+0200 [DEBUG] [org.gradle.cache.internal.DefaultFileLockManager] Releasing lock on daemon addresses registry.
2026-03-30T18:21:45.268+0200 [DEBUG] [org.gradle.launcher.daemon.server.Daemon] Finished periodic daemon health check.
2026-03-30T18:21:55.276+0200 [DEBUG] [org.gradle.launcher.daemon.server.Daemon] Starting periodic daemon health check.
2026-03-30T18:21:55.277+0200 [DEBUG] [org.gradle.cache.internal.DefaultFileLockManager] Waiting to acquire shared lock on daemon addresses registry.
2026-03-30T18:21:55.277+0200 [DEBUG] [org.gradle.cache.internal.DefaultFileLockManager] Lock acquired on daemon addresses registry.
2026-03-30T18:21:55.278+0200 [DEBUG] [org.gradle.cache.internal.DefaultFileLockManager] Releasing lock on daemon addresses registry.
2026-03-30T18:21:55.279+0200 [DEBUG] [org.gradle.cache.internal.DefaultFileLockManager] Waiting to acquire shared lock on daemon addresses registry.
2026-03-30T18:21:55.279+0200 [DEBUG] [org.gradle.cache.internal.DefaultFileLockManager] Lock acquired on daemon addresses registry.
2026-03-30T18:21:55.279+0200 [DEBUG] [org.gradle.cache.internal.DefaultFileLockManager] Releasing lock on daemon addresses registry.
2026-03-30T18:21:55.280+0200 [DEBUG] [org.gradle.launcher.daemon.server.Daemon] Finished periodic daemon health check.
2026-03-30T18:22:05.265+0200 [DEBUG] [org.gradle.launcher.daemon.server.Daemon] Starting periodic daemon health check.
2026-03-30T18:22:05.266+0200 [DEBUG] [org.gradle.cache.internal.DefaultFileLockManager] Waiting to acquire shared lock on daemon addresses registry.
2026-03-30T18:22:05.266+0200 [DEBUG] [org.gradle.cache.internal.DefaultFileLockManager] Lock acquired on daemon addresses registry.
2026-03-30T18:22:05.267+0200 [DEBUG] [org.gradle.cache.internal.DefaultFileLockManager] Releasing lock on daemon addresses registry.
2026-03-30T18:22:05.268+0200 [DEBUG] [org.gradle.cache.internal.DefaultFileLockManager] Waiting to acquire shared lock on daemon addresses registry.
2026-03-30T18:22:05.268+0200 [DEBUG] [org.gradle.cache.internal.DefaultFileLockManager] Lock acquired on daemon addresses registry.
2026-03-30T18:22:05.269+0200 [DEBUG] [org.gradle.cache.internal.DefaultFileLockManager] Releasing lock on daemon addresses registry.
2026-03-30T18:22:05.269+0200 [DEBUG] [org.gradle.launcher.daemon.server.Daemon] Finished periodic daemon health check.
2026-03-30T18:22:15.263+0200 [DEBUG] [org.gradle.launcher.daemon.server.Daemon] Starting periodic daemon health check.
2026-03-30T18:22:15.264+0200 [DEBUG] [org.gradle.cache.internal.DefaultFileLockManager] Waiting to acquire shared lock on daemon addresses registry.
2026-03-30T18:22:15.264+0200 [DEBUG] [org.gradle.cache.internal.DefaultFileLockManager] Lock acquired on daemon addresses registry.
2026-03-30T18:22:15.265+0200 [DEBUG] [org.gradle.cache.internal.DefaultFileLockManager] Releasing lock on daemon addresses registry.
2026-03-30T18:22:15.266+0200 [DEBUG] [org.gradle.cache.internal.DefaultFileLockManager] Waiting to acquire shared lock on daemon addresses registry.
2026-03-30T18:22:15.266+0200 [DEBUG] [org.gradle.cache.internal.DefaultFileLockManager] Lock acquired on daemon addresses registry.
2026-03-30T18:22:15.267+0200 [DEBUG] [org.gradle.cache.internal.DefaultFileLockManager] Releasing lock on daemon addresses registry.
2026-03-30T18:22:15.267+0200 [DEBUG] [org.gradle.launcher.daemon.server.Daemon] Finished periodic daemon health check.
2026-03-30T18:22:25.279+0200 [DEBUG] [org.gradle.launcher.daemon.server.Daemon] Starting periodic daemon health check.
2026-03-30T18:22:25.280+0200 [DEBUG] [org.gradle.cache.internal.DefaultFileLockManager] Waiting to acquire shared lock on daemon addresses registry.
2026-03-30T18:22:25.281+0200 [DEBUG] [org.gradle.cache.internal.DefaultFileLockManager] Lock acquired on daemon addresses registry.
2026-03-30T18:22:25.281+0200 [DEBUG] [org.gradle.cache.internal.DefaultFileLockManager] Releasing lock on daemon addresses registry.
2026-03-30T18:22:25.283+0200 [DEBUG] [org.gradle.cache.internal.DefaultFileLockManager] Waiting to acquire shared lock on daemon addresses registry.
2026-03-30T18:22:25.283+0200 [DEBUG] [org.gradle.cache.internal.DefaultFileLockManager] Lock acquired on daemon addresses registry.
2026-03-30T18:22:25.284+0200 [DEBUG] [org.gradle.cache.internal.DefaultFileLockManager] Releasing lock on daemon addresses registry.
2026-03-30T18:22:25.285+0200 [DEBUG] [org.gradle.launcher.daemon.server.Daemon] Finished periodic daemon health check.
2026-03-30T18:22:35.305+0200 [DEBUG] [org.gradle.launcher.daemon.server.Daemon] Starting periodic daemon health check.
2026-03-30T18:22:35.319+0200 [DEBUG] [org.gradle.cache.internal.DefaultFileLockManager] Waiting to acquire shared lock on daemon addresses registry.
2026-03-30T18:22:35.319+0200 [DEBUG] [org.gradle.cache.internal.DefaultFileLockManager] Lock acquired on daemon addresses registry.
2026-03-30T18:22:35.320+0200 [DEBUG] [org.gradle.cache.internal.DefaultFileLockManager] Releasing lock on daemon addresses registry.
2026-03-30T18:22:35.321+0200 [DEBUG] [org.gradle.cache.internal.DefaultFileLockManager] Waiting to acquire shared lock on daemon addresses registry.
2026-03-30T18:22:35.321+0200 [DEBUG] [org.gradle.cache.internal.DefaultFileLockManager] Lock acquired on daemon addresses registry.
2026-03-30T18:22:35.322+0200 [DEBUG] [org.gradle.cache.internal.DefaultFileLockManager] Releasing lock on daemon addresses registry.
2026-03-30T18:22:35.322+0200 [DEBUG] [org.gradle.launcher.daemon.server.Daemon] Finished periodic daemon health check.
2026-03-30T18:22:45.274+0200 [DEBUG] [org.gradle.launcher.daemon.server.Daemon] Starting periodic daemon health check.
2026-03-30T18:22:45.277+0200 [DEBUG] [org.gradle.cache.internal.DefaultFileLockManager] Waiting to acquire shared lock on daemon addresses registry.
2026-03-30T18:22:45.277+0200 [DEBUG] [org.gradle.cache.internal.DefaultFileLockManager] Lock acquired on daemon addresses registry.
2026-03-30T18:22:45.277+0200 [DEBUG] [org.gradle.cache.internal.DefaultFileLockManager] Releasing lock on daemon addresses registry.
2026-03-30T18:22:45.280+0200 [DEBUG] [org.gradle.cache.internal.DefaultFileLockManager] Waiting to acquire shared lock on daemon addresses registry.
2026-03-30T18:22:45.281+0200 [DEBUG] [org.gradle.cache.internal.DefaultFileLockManager] Lock acquired on daemon addresses registry.
2026-03-30T18:22:45.281+0200 [DEBUG] [org.gradle.cache.internal.DefaultFileLockManager] Releasing lock on daemon addresses registry.
2026-03-30T18:22:45.282+0200 [DEBUG] [org.gradle.launcher.daemon.server.Daemon] Finished periodic daemon health check.
2026-03-30T18:22:55.264+0200 [DEBUG] [org.gradle.launcher.daemon.server.Daemon] Starting periodic daemon health check.
2026-03-30T18:22:55.268+0200 [DEBUG] [org.gradle.cache.internal.DefaultFileLockManager] Waiting to acquire shared lock on daemon addresses registry.
2026-03-30T18:22:55.269+0200 [DEBUG] [org.gradle.cache.internal.DefaultFileLockManager] Lock acquired on daemon addresses registry.
2026-03-30T18:22:55.269+0200 [DEBUG] [org.gradle.cache.internal.DefaultFileLockManager] Releasing lock on daemon addresses registry.
2026-03-30T18:22:55.271+0200 [DEBUG] [org.gradle.cache.internal.DefaultFileLockManager] Waiting to acquire shared lock on daemon addresses registry.
2026-03-30T18:22:55.271+0200 [DEBUG] [org.gradle.cache.internal.DefaultFileLockManager] Lock acquired on daemon addresses registry.
2026-03-30T18:22:55.271+0200 [DEBUG] [org.gradle.cache.internal.DefaultFileLockManager] Releasing lock on daemon addresses registry.
2026-03-30T18:22:55.272+0200 [DEBUG] [org.gradle.launcher.daemon.server.Daemon] Finished periodic daemon health check.
2026-03-30T18:23:05.269+0200 [DEBUG] [org.gradle.launcher.daemon.server.Daemon] Starting periodic daemon health check.
2026-03-30T18:23:05.270+0200 [DEBUG] [org.gradle.cache.internal.DefaultFileLockManager] Waiting to acquire shared lock on daemon addresses registry.
2026-03-30T18:23:05.270+0200 [DEBUG] [org.gradle.cache.internal.DefaultFileLockManager] Lock acquired on daemon addresses registry.
2026-03-30T18:23:05.271+0200 [DEBUG] [org.gradle.cache.internal.DefaultFileLockManager] Releasing lock on daemon addresses registry.
2026-03-30T18:23:05.297+0200 [DEBUG] [org.gradle.cache.internal.DefaultFileLockManager] Waiting to acquire shared lock on daemon addresses registry.
2026-03-30T18:23:05.297+0200 [DEBUG] [org.gradle.cache.internal.DefaultFileLockManager] Lock acquired on daemon addresses registry.
2026-03-30T18:23:05.297+0200 [DEBUG] [org.gradle.cache.internal.DefaultFileLockManager] Releasing lock on daemon addresses registry.
2026-03-30T18:23:05.298+0200 [DEBUG] [org.gradle.launcher.daemon.server.Daemon] Finished periodic daemon health check.
2026-03-30T18:23:15.265+0200 [DEBUG] [org.gradle.launcher.daemon.server.Daemon] Starting periodic daemon health check.
2026-03-30T18:23:15.270+0200 [DEBUG] [org.gradle.cache.internal.DefaultFileLockManager] Waiting to acquire shared lock on daemon addresses registry.
2026-03-30T18:23:15.271+0200 [DEBUG] [org.gradle.cache.internal.DefaultFileLockManager] Lock acquired on daemon addresses registry.
2026-03-30T18:23:15.272+0200 [DEBUG] [org.gradle.cache.internal.DefaultFileLockManager] Releasing lock on daemon addresses registry.
2026-03-30T18:23:15.276+0200 [DEBUG] [org.gradle.cache.internal.DefaultFileLockManager] Waiting to acquire shared lock on daemon addresses registry.
2026-03-30T18:23:15.277+0200 [DEBUG] [org.gradle.cache.internal.DefaultFileLockManager] Lock acquired on daemon addresses registry.
2026-03-30T18:23:15.277+0200 [DEBUG] [org.gradle.cache.internal.DefaultFileLockManager] Releasing lock on daemon addresses registry.
2026-03-30T18:23:15.278+0200 [DEBUG] [org.gradle.launcher.daemon.server.Daemon] Finished periodic daemon health check.
2026-03-30T18:23:25.273+0200 [DEBUG] [org.gradle.launcher.daemon.server.Daemon] Starting periodic daemon health check.
2026-03-30T18:23:25.275+0200 [DEBUG] [org.gradle.cache.internal.DefaultFileLockManager] Waiting to acquire shared lock on daemon addresses registry.
2026-03-30T18:23:25.275+0200 [DEBUG] [org.gradle.cache.internal.DefaultFileLockManager] Lock acquired on daemon addresses registry.
2026-03-30T18:23:25.276+0200 [DEBUG] [org.gradle.cache.internal.DefaultFileLockManager] Releasing lock on daemon addresses registry.
2026-03-30T18:23:25.277+0200 [DEBUG] [org.gradle.cache.internal.DefaultFileLockManager] Waiting to acquire shared lock on daemon addresses registry.
2026-03-30T18:23:25.277+0200 [DEBUG] [org.gradle.cache.internal.DefaultFileLockManager] Lock acquired on daemon addresses registry.
2026-03-30T18:23:25.277+0200 [DEBUG] [org.gradle.cache.internal.DefaultFileLockManager] Releasing lock on daemon addresses registry.
2026-03-30T18:23:25.278+0200 [DEBUG] [org.gradle.launcher.daemon.server.Daemon] Finished periodic daemon health check.
2026-03-30T18:23:35.267+0200 [DEBUG] [org.gradle.launcher.daemon.server.Daemon] Starting periodic daemon health check.
2026-03-30T18:23:35.269+0200 [DEBUG] [org.gradle.cache.internal.DefaultFileLockManager] Waiting to acquire shared lock on daemon addresses registry.
2026-03-30T18:23:35.270+0200 [DEBUG] [org.gradle.cache.internal.DefaultFileLockManager] Lock acquired on daemon addresses registry.
2026-03-30T18:23:35.270+0200 [DEBUG] [org.gradle.cache.internal.DefaultFileLockManager] Releasing lock on daemon addresses registry.
2026-03-30T18:23:35.271+0200 [DEBUG] [org.gradle.cache.internal.DefaultFileLockManager] Waiting to acquire shared lock on daemon addresses registry.
2026-03-30T18:23:35.272+0200 [DEBUG] [org.gradle.cache.internal.DefaultFileLockManager] Lock acquired on daemon addresses registry.
2026-03-30T18:23:35.272+0200 [DEBUG] [org.gradle.cache.internal.DefaultFileLockManager] Releasing lock on daemon addresses registry.
2026-03-30T18:23:35.272+0200 [DEBUG] [org.gradle.launcher.daemon.server.Daemon] Finished periodic daemon health check.
2026-03-30T18:23:45.273+0200 [DEBUG] [org.gradle.launcher.daemon.server.Daemon] Starting periodic daemon health check.
2026-03-30T18:23:45.274+0200 [DEBUG] [org.gradle.cache.internal.DefaultFileLockManager] Waiting to acquire shared lock on daemon addresses registry.
2026-03-30T18:23:45.275+0200 [DEBUG] [org.gradle.cache.internal.DefaultFileLockManager] Lock acquired on daemon addresses registry.
2026-03-30T18:23:45.276+0200 [DEBUG] [org.gradle.cache.internal.DefaultFileLockManager] Releasing lock on daemon addresses registry.
2026-03-30T18:23:45.278+0200 [DEBUG] [org.gradle.cache.internal.DefaultFileLockManager] Waiting to acquire shared lock on daemon addresses registry.
2026-03-30T18:23:45.278+0200 [DEBUG] [org.gradle.cache.internal.DefaultFileLockManager] Lock acquired on daemon addresses registry.
2026-03-30T18:23:45.278+0200 [DEBUG] [org.gradle.cache.internal.DefaultFileLockManager] Releasing lock on daemon addresses registry.
2026-03-30T18:23:45.279+0200 [DEBUG] [org.gradle.launcher.daemon.server.Daemon] Finished periodic daemon health check.
2026-03-30T18:23:55.270+0200 [DEBUG] [org.gradle.launcher.daemon.server.Daemon] Starting periodic daemon health check.
2026-03-30T18:23:55.271+0200 [DEBUG] [org.gradle.cache.internal.DefaultFileLockManager] Waiting to acquire shared lock on daemon addresses registry.
2026-03-30T18:23:55.271+0200 [DEBUG] [org.gradle.cache.internal.DefaultFileLockManager] Lock acquired on daemon addresses registry.
2026-03-30T18:23:55.271+0200 [DEBUG] [org.gradle.cache.internal.DefaultFileLockManager] Releasing lock on daemon addresses registry.
2026-03-30T18:23:55.272+0200 [DEBUG] [org.gradle.cache.internal.DefaultFileLockManager] Waiting to acquire shared lock on daemon addresses registry.
2026-03-30T18:23:55.273+0200 [DEBUG] [org.gradle.cache.internal.DefaultFileLockManager] Lock acquired on daemon addresses registry.
2026-03-30T18:23:55.273+0200 [DEBUG] [org.gradle.cache.internal.DefaultFileLockManager] Releasing lock on daemon addresses registry.
2026-03-30T18:23:55.273+0200 [DEBUG] [org.gradle.launcher.daemon.server.Daemon] Finished periodic daemon health check.
2026-03-30T18:24:05.271+0200 [DEBUG] [org.gradle.launcher.daemon.server.Daemon] Starting periodic daemon health check.
2026-03-30T18:24:05.272+0200 [DEBUG] [org.gradle.cache.internal.DefaultFileLockManager] Waiting to acquire shared lock on daemon addresses registry.
2026-03-30T18:24:05.273+0200 [DEBUG] [org.gradle.cache.internal.DefaultFileLockManager] Lock acquired on daemon addresses registry.
2026-03-30T18:24:05.273+0200 [DEBUG] [org.gradle.cache.internal.DefaultFileLockManager] Releasing lock on daemon addresses registry.
2026-03-30T18:24:05.275+0200 [DEBUG] [org.gradle.cache.internal.DefaultFileLockManager] Waiting to acquire shared lock on daemon addresses registry.
2026-03-30T18:24:05.275+0200 [DEBUG] [org.gradle.cache.internal.DefaultFileLockManager] Lock acquired on daemon addresses registry.
2026-03-30T18:24:05.276+0200 [DEBUG] [org.gradle.cache.internal.DefaultFileLockManager] Releasing lock on daemon addresses registry.
2026-03-30T18:24:05.276+0200 [DEBUG] [org.gradle.launcher.daemon.server.Daemon] Finished periodic daemon health check.
2026-03-30T18:24:15.263+0200 [DEBUG] [org.gradle.launcher.daemon.server.Daemon] Starting periodic daemon health check.
2026-03-30T18:24:15.265+0200 [DEBUG] [org.gradle.cache.internal.DefaultFileLockManager] Waiting to acquire shared lock on daemon addresses registry.
2026-03-30T18:24:15.265+0200 [DEBUG] [org.gradle.cache.internal.DefaultFileLockManager] Lock acquired on daemon addresses registry.
2026-03-30T18:24:15.266+0200 [DEBUG] [org.gradle.cache.internal.DefaultFileLockManager] Releasing lock on daemon addresses registry.
2026-03-30T18:24:15.267+0200 [DEBUG] [org.gradle.cache.internal.DefaultFileLockManager] Waiting to acquire shared lock on daemon addresses registry.
2026-03-30T18:24:15.268+0200 [DEBUG] [org.gradle.cache.internal.DefaultFileLockManager] Lock acquired on daemon addresses registry.
2026-03-30T18:24:15.268+0200 [DEBUG] [org.gradle.cache.internal.DefaultFileLockManager] Releasing lock on daemon addresses registry.
2026-03-30T18:24:15.269+0200 [DEBUG] [org.gradle.launcher.daemon.server.Daemon] Finished periodic daemon health check.
2026-03-30T18:24:25.272+0200 [DEBUG] [org.gradle.launcher.daemon.server.Daemon] Starting periodic daemon health check.
2026-03-30T18:24:25.274+0200 [DEBUG] [org.gradle.cache.internal.DefaultFileLockManager] Waiting to acquire shared lock on daemon addresses registry.
2026-03-30T18:24:25.274+0200 [DEBUG] [org.gradle.cache.internal.DefaultFileLockManager] Lock acquired on daemon addresses registry.
2026-03-30T18:24:25.280+0200 [DEBUG] [org.gradle.cache.internal.DefaultFileLockManager] Releasing lock on daemon addresses registry.
2026-03-30T18:24:25.283+0200 [DEBUG] [org.gradle.cache.internal.DefaultFileLockManager] Waiting to acquire shared lock on daemon addresses registry.
2026-03-30T18:24:25.284+0200 [DEBUG] [org.gradle.cache.internal.DefaultFileLockManager] Lock acquired on daemon addresses registry.
2026-03-30T18:24:25.284+0200 [DEBUG] [org.gradle.cache.internal.DefaultFileLockManager] Releasing lock on daemon addresses registry.
2026-03-30T18:24:25.285+0200 [DEBUG] [org.gradle.launcher.daemon.server.Daemon] Finished periodic daemon health check.
2026-03-30T18:24:35.305+0200 [DEBUG] [org.gradle.launcher.daemon.server.Daemon] Starting periodic daemon health check.
2026-03-30T18:24:35.307+0200 [DEBUG] [org.gradle.cache.internal.DefaultFileLockManager] Waiting to acquire shared lock on daemon addresses registry.
2026-03-30T18:24:35.307+0200 [DEBUG] [org.gradle.cache.internal.DefaultFileLockManager] Lock acquired on daemon addresses registry.
2026-03-30T18:24:35.308+0200 [DEBUG] [org.gradle.cache.internal.DefaultFileLockManager] Releasing lock on daemon addresses registry.
2026-03-30T18:24:35.320+0200 [DEBUG] [org.gradle.cache.internal.DefaultFileLockManager] Waiting to acquire shared lock on daemon addresses registry.
2026-03-30T18:24:35.320+0200 [DEBUG] [org.gradle.cache.internal.DefaultFileLockManager] Lock acquired on daemon addresses registry.
2026-03-30T18:24:35.326+0200 [DEBUG] [org.gradle.cache.internal.DefaultFileLockManager] Releasing lock on daemon addresses registry.
2026-03-30T18:24:35.332+0200 [DEBUG] [org.gradle.launcher.daemon.server.Daemon] Finished periodic daemon health check.
2026-03-30T18:24:45.276+0200 [DEBUG] [org.gradle.launcher.daemon.server.Daemon] Starting periodic daemon health check.
2026-03-30T18:24:45.278+0200 [DEBUG] [org.gradle.cache.internal.DefaultFileLockManager] Waiting to acquire shared lock on daemon addresses registry.
2026-03-30T18:24:45.278+0200 [DEBUG] [org.gradle.cache.internal.DefaultFileLockManager] Lock acquired on daemon addresses registry.
2026-03-30T18:24:45.278+0200 [DEBUG] [org.gradle.cache.internal.DefaultFileLockManager] Releasing lock on daemon addresses registry.
2026-03-30T18:24:45.279+0200 [DEBUG] [org.gradle.cache.internal.DefaultFileLockManager] Waiting to acquire shared lock on daemon addresses registry.
2026-03-30T18:24:45.280+0200 [DEBUG] [org.gradle.cache.internal.DefaultFileLockManager] Lock acquired on daemon addresses registry.
2026-03-30T18:24:45.280+0200 [DEBUG] [org.gradle.cache.internal.DefaultFileLockManager] Releasing lock on daemon addresses registry.
2026-03-30T18:24:45.280+0200 [DEBUG] [org.gradle.launcher.daemon.server.Daemon] Finished periodic daemon health check.
2026-03-30T18:24:55.277+0200 [DEBUG] [org.gradle.launcher.daemon.server.Daemon] Starting periodic daemon health check.
2026-03-30T18:24:55.279+0200 [DEBUG] [org.gradle.cache.internal.DefaultFileLockManager] Waiting to acquire shared lock on daemon addresses registry.
2026-03-30T18:24:55.279+0200 [DEBUG] [org.gradle.cache.internal.DefaultFileLockManager] Lock acquired on daemon addresses registry.
2026-03-30T18:24:55.279+0200 [DEBUG] [org.gradle.cache.internal.DefaultFileLockManager] Releasing lock on daemon addresses registry.
2026-03-30T18:24:55.281+0200 [DEBUG] [org.gradle.cache.internal.DefaultFileLockManager] Waiting to acquire shared lock on daemon addresses registry.
2026-03-30T18:24:55.281+0200 [DEBUG] [org.gradle.cache.internal.DefaultFileLockManager] Lock acquired on daemon addresses registry.
2026-03-30T18:24:55.282+0200 [DEBUG] [org.gradle.cache.internal.DefaultFileLockManager] Releasing lock on daemon addresses registry.
2026-03-30T18:24:55.282+0200 [DEBUG] [org.gradle.launcher.daemon.server.Daemon] Finished periodic daemon health check.
2026-03-30T18:25:02.648+0200 [DEBUG] [org.gradle.internal.remote.internal.inet.TcpIncomingConnector] Accepted connection from /127.0.0.1:55497 to /127.0.0.1:54505.
2026-03-30T18:25:02.661+0200 [DEBUG] [org.gradle.launcher.daemon.server.SynchronizedDispatchConnection] thread 80: received class org.gradle.launcher.daemon.protocol.StopWhenIdle
2026-03-30T18:25:02.662+0200 [DEBUG] [org.gradle.launcher.daemon.server.DefaultDaemonConnection] thread 80: Received non-IO message from client: StopWhenIdle[id=4dca0025-d4d7-4f64-a600-892fc5257ff9]
2026-03-30T18:25:02.663+0200 [INFO] [org.gradle.launcher.daemon.server.DefaultIncomingConnectionHandler] Received command: StopWhenIdle[id=4dca0025-d4d7-4f64-a600-892fc5257ff9].
2026-03-30T18:25:02.663+0200 [DEBUG] [org.gradle.launcher.daemon.server.DefaultIncomingConnectionHandler] Starting executing command: StopWhenIdle[id=4dca0025-d4d7-4f64-a600-892fc5257ff9] with connection: socket connection from /127.0.0.1:54505 to /127.0.0.1:55497.
2026-03-30T18:25:02.664+0200 [DEBUG] [org.gradle.launcher.daemon.server.DaemonRegistryUpdater] Storing daemon stop event: stop command received
2026-03-30T18:25:02.665+0200 [DEBUG] [org.gradle.launcher.daemon.registry.PersistentDaemonRegistry] Storing daemon stop event with timestamp 1774887902665
2026-03-30T18:25:02.668+0200 [DEBUG] [org.gradle.cache.internal.DefaultFileLockManager] Waiting to acquire exclusive lock on daemon addresses registry.
2026-03-30T18:25:02.669+0200 [DEBUG] [org.gradle.cache.internal.DefaultFileLockManager] Lock acquired on daemon addresses registry.
2026-03-30T18:25:02.671+0200 [DEBUG] [org.gradle.cache.internal.DefaultFileLockManager] Releasing lock on daemon addresses registry.
2026-03-30T18:25:02.672+0200 [LIFECYCLE] [org.gradle.launcher.daemon.server.DaemonStateCoordinator] Daemon will be stopped at the end of the build stop command received
2026-03-30T18:25:02.672+0200 [DEBUG] [org.gradle.launcher.daemon.server.DaemonStateCoordinator] Marking daemon stopped due to stop command received. The daemon is not running a build
2026-03-30T18:25:02.672+0200 [DEBUG] [org.gradle.launcher.daemon.server.SynchronizedDispatchConnection] thread 79: dispatching Success[value=null]
2026-03-30T18:25:02.673+0200 [DEBUG] [org.gradle.launcher.daemon.server.SynchronizedDispatchConnection] thread 80: received class org.gradle.launcher.daemon.protocol.Finished
2026-03-30T18:25:02.673+0200 [DEBUG] [org.gradle.launcher.daemon.server.DefaultDaemonConnection] thread 80: Received non-IO message from client: org.gradle.launcher.daemon.protocol.Finished@9fc3603
2026-03-30T18:25:02.672+0200 [DEBUG] [org.gradle.launcher.daemon.server.DaemonStateCoordinator] daemon has stopped.
2026-03-30T18:25:02.673+0200 [DEBUG] [org.gradle.launcher.daemon.server.DefaultIncomingConnectionHandler] Finishing executing command: StopWhenIdle[id=4dca0025-d4d7-4f64-a600-892fc5257ff9]
2026-03-30T18:25:02.674+0200 [DEBUG] [org.gradle.internal.remote.internal.inet.SocketConnection] Discarding EOFException: java.io.EOFException
2026-03-30T18:25:02.675+0200 [DEBUG] [org.gradle.launcher.daemon.server.SynchronizedDispatchConnection] thread 80: received null
2026-03-30T18:25:02.675+0200 [DEBUG] [org.gradle.launcher.daemon.server.DefaultDaemonConnection] thread 80: Received end-of-input from client.
2026-03-30T18:25:02.675+0200 [WARN] [org.gradle.launcher.daemon.server.DefaultIncomingConnectionHandler] Timed out waiting for finished message from client socket connection from /127.0.0.1:54505 to /127.0.0.1:55497. Discarding connection.
2026-03-30T18:25:02.675+0200 [DEBUG] [org.gradle.launcher.daemon.server.SynchronizedDispatchConnection] thread 79: stopping connection
2026-03-30T18:25:02.676+0200 [DEBUG] [org.gradle.launcher.daemon.server.SynchronizedDispatchConnection] thread 79: stopping connection
2026-03-30T18:25:02.677+0200 [DEBUG] [org.gradle.launcher.daemon.server.Daemon] stop() called on daemon
2026-03-30T18:25:02.677+0200 [INFO] [org.gradle.launcher.daemon.server.Daemon] Stop requested. Daemon is removing its presence from the registry...
2026-03-30T18:25:02.677+0200 [DEBUG] [org.gradle.launcher.daemon.server.DaemonRegistryUpdater] Removing our presence to clients, eg. removing this address from the registry: [1c43fb53-c27f-467c-804b-9ea57b8922fe port:54505, addresses:[localhost/127.0.0.1]]
2026-03-30T18:25:02.677+0200 [DEBUG] [org.gradle.launcher.daemon.registry.PersistentDaemonRegistry] Removing daemon address: [1c43fb53-c27f-467c-804b-9ea57b8922fe port:54505, addresses:[localhost/127.0.0.1]]
2026-03-30T18:25:02.680+0200 [DEBUG] [org.gradle.cache.internal.DefaultFileLockManager] Waiting to acquire exclusive lock on daemon addresses registry.
2026-03-30T18:25:02.680+0200 [DEBUG] [org.gradle.cache.internal.DefaultFileLockManager] Lock acquired on daemon addresses registry.
2026-03-30T18:25:02.681+0200 [DEBUG] [org.gradle.cache.internal.DefaultFileLockManager] Releasing lock on daemon addresses registry.
2026-03-30T18:25:02.682+0200 [DEBUG] [org.gradle.launcher.daemon.server.DaemonRegistryUpdater] Address removed from registry.
2026-03-30T18:25:02.695+0200 [DEBUG] [org.gradle.cache.internal.LockOnDemandCrossProcessCacheAccess] Releasing file lock for jars (C:\Users\Luciano Muratore\Documents\ChordSeqAI\caches\jars-9)
2026-03-30T18:25:02.695+0200 [DEBUG] [org.gradle.cache.internal.DefaultFileLockManager] Releasing lock on jars (C:\Users\Luciano Muratore\Documents\ChordSeqAI\caches\jars-9).
2026-03-30T18:25:02.696+0200 [DEBUG] [org.gradle.cache.internal.DefaultCacheCleanupExecutor] jars (C:\Users\Luciano Muratore\Documents\ChordSeqAI\caches\jars-9) has last been fully cleaned up 0 hours ago
2026-03-30T18:25:02.696+0200 [DEBUG] [org.gradle.cache.internal.DefaultCacheCleanupExecutor] Skipping cleanup for jars (C:\Users\Luciano Muratore\Documents\ChordSeqAI\caches\jars-9) as it is not yet due
2026-03-30T18:25:02.697+0200 [DEBUG] [org.gradle.cache.internal.LockOnDemandCrossProcessCacheAccess] Releasing file lock for file content cache (C:\Users\Luciano Muratore\Documents\ChordSeqAI\caches\9.3.0\fileContent)
2026-03-30T18:25:02.698+0200 [DEBUG] [org.gradle.cache.internal.DefaultFileLockManager] Releasing lock on file content cache (C:\Users\Luciano Muratore\Documents\ChordSeqAI\caches\9.3.0\fileContent).
2026-03-30T18:25:02.700+0200 [DEBUG] [org.gradle.internal.watch.vfs.impl.WatchingVirtualFileSystem] Closing VFS, dropping state
2026-03-30T18:25:02.718+0200 [DEBUG] [org.gradle.internal.watch.registry.impl.DefaultFileWatcherRegistry] Finished listening to file system change events
2026-03-30T18:25:02.718+0200 [DEBUG] [org.gradle.cache.internal.LockOnDemandCrossProcessCacheAccess] Releasing file lock for Generated Gradle JARs cache (C:\Users\Luciano Muratore\Documents\ChordSeqAI\caches\9.3.0\generated-gradle-jars)
2026-03-30T18:25:02.720+0200 [DEBUG] [org.gradle.cache.internal.DefaultFileLockManager] Releasing lock on Generated Gradle JARs cache (C:\Users\Luciano Muratore\Documents\ChordSeqAI\caches\9.3.0\generated-gradle-jars).
2026-03-30T18:25:02.726+0200 [DEBUG] [org.gradle.cache.internal.LockOnDemandCrossProcessCacheAccess] Releasing file lock for artifact cache (C:\Users\Luciano Muratore\Documents\ChordSeqAI\caches\modules-2)
2026-03-30T18:25:02.729+0200 [DEBUG] [org.gradle.cache.internal.btree.BTreePersistentIndexedCache] Closing cache module-artifact.bin (C:\Users\Luciano Muratore\Documents\ChordSeqAI\caches\modules-2\metadata-2.107\module-artifact.bin)
2026-03-30T18:25:02.730+0200 [DEBUG] [org.gradle.cache.internal.btree.BTreePersistentIndexedCache] Closing cache module-metadata.bin (C:\Users\Luciano Muratore\Documents\ChordSeqAI\caches\modules-2\metadata-2.107\module-metadata.bin)
2026-03-30T18:25:02.730+0200 [DEBUG] [org.gradle.cache.internal.DefaultFileLockManager] Releasing lock on artifact cache (C:\Users\Luciano Muratore\Documents\ChordSeqAI\caches\modules-2).
2026-03-30T18:25:02.731+0200 [DEBUG] [org.gradle.cache.internal.DefaultCacheCleanupExecutor] artifact cache (C:\Users\Luciano Muratore\Documents\ChordSeqAI\caches\modules-2) has last been fully cleaned up 0 hours ago
2026-03-30T18:25:02.731+0200 [DEBUG] [org.gradle.cache.internal.DefaultCacheCleanupExecutor] Skipping cleanup for artifact cache (C:\Users\Luciano Muratore\Documents\ChordSeqAI\caches\modules-2) as it is not yet due
2026-03-30T18:25:02.731+0200 [DEBUG] [org.gradle.cache.internal.LockOnDemandCrossProcessCacheAccess] Releasing file lock for cache directory 4a8a8a9da36debfa6fac09d10434881c (C:\Users\Luciano Muratore\Documents\ChordSeqAI\caches\9.3.0\groovy-dsl\4a8a8a9da36debfa6fac09d10434881c)
2026-03-30T18:25:02.731+0200 [DEBUG] [org.gradle.cache.internal.DefaultFileLockManager] Releasing lock on cache directory 4a8a8a9da36debfa6fac09d10434881c (C:\Users\Luciano Muratore\Documents\ChordSeqAI\caches\9.3.0\groovy-dsl\4a8a8a9da36debfa6fac09d10434881c).
2026-03-30T18:25:02.732+0200 [DEBUG] [org.gradle.cache.internal.LockOnDemandCrossProcessCacheAccess] Releasing file lock for cache directory e6fc7fdcc67155bd14270a103312dcff (C:\Users\Luciano Muratore\Documents\ChordSeqAI\caches\9.3.0\groovy-dsl\e6fc7fdcc67155bd14270a103312dcff)
2026-03-30T18:25:02.733+0200 [DEBUG] [org.gradle.cache.internal.DefaultFileLockManager] Releasing lock on cache directory e6fc7fdcc67155bd14270a103312dcff (C:\Users\Luciano Muratore\Documents\ChordSeqAI\caches\9.3.0\groovy-dsl\e6fc7fdcc67155bd14270a103312dcff).
2026-03-30T18:25:02.734+0200 [DEBUG] [org.gradle.cache.internal.LockOnDemandCrossProcessCacheAccess] Releasing file lock for cache directory aad039fc234dbf385c2c60803f099414 (C:\Users\Luciano Muratore\Documents\ChordSeqAI\caches\9.3.0\groovy-dsl\aad039fc234dbf385c2c60803f099414)
2026-03-30T18:25:02.734+0200 [DEBUG] [org.gradle.cache.internal.DefaultFileLockManager] Releasing lock on cache directory aad039fc234dbf385c2c60803f099414 (C:\Users\Luciano Muratore\Documents\ChordSeqAI\caches\9.3.0\groovy-dsl\aad039fc234dbf385c2c60803f099414).
2026-03-30T18:25:02.737+0200 [DEBUG] [org.gradle.cache.internal.LockOnDemandCrossProcessCacheAccess] Releasing file lock for cache directory 9cbacdf203fa89f108b6bc24f2a057a7 (C:\Users\Luciano Muratore\Documents\ChordSeqAI\caches\9.3.0\groovy-dsl\9cbacdf203fa89f108b6bc24f2a057a7)
2026-03-30T18:25:02.738+0200 [DEBUG] [org.gradle.cache.internal.DefaultFileLockManager] Releasing lock on cache directory 9cbacdf203fa89f108b6bc24f2a057a7 (C:\Users\Luciano Muratore\Documents\ChordSeqAI\caches\9.3.0\groovy-dsl\9cbacdf203fa89f108b6bc24f2a057a7).
2026-03-30T18:25:02.738+0200 [DEBUG] [org.gradle.cache.internal.LockOnDemandCrossProcessCacheAccess] Releasing file lock for cache directory 8bb4937c910780f7b1581d5f950e3623 (C:\Users\Luciano Muratore\Documents\ChordSeqAI\caches\9.3.0\groovy-dsl\8bb4937c910780f7b1581d5f950e3623)
2026-03-30T18:25:02.739+0200 [DEBUG] [org.gradle.cache.internal.DefaultFileLockManager] Releasing lock on cache directory 8bb4937c910780f7b1581d5f950e3623 (C:\Users\Luciano Muratore\Documents\ChordSeqAI\caches\9.3.0\groovy-dsl\8bb4937c910780f7b1581d5f950e3623).
2026-03-30T18:25:02.739+0200 [DEBUG] [org.gradle.cache.internal.LockOnDemandCrossProcessCacheAccess] Releasing file lock for cache directory 3246a8f1fc80dce0799ff0654df0a2da (C:\Users\Luciano Muratore\Documents\ChordSeqAI\caches\9.3.0\groovy-dsl\3246a8f1fc80dce0799ff0654df0a2da)
2026-03-30T18:25:02.739+0200 [DEBUG] [org.gradle.cache.internal.DefaultFileLockManager] Releasing lock on cache directory 3246a8f1fc80dce0799ff0654df0a2da (C:\Users\Luciano Muratore\Documents\ChordSeqAI\caches\9.3.0\groovy-dsl\3246a8f1fc80dce0799ff0654df0a2da).
2026-03-30T18:25:02.740+0200 [DEBUG] [org.gradle.cache.internal.LockOnDemandCrossProcessCacheAccess] Releasing file lock for cache directory 67535674d35016a84b11090ebbb3c35b (C:\Users\Luciano Muratore\Documents\ChordSeqAI\caches\9.3.0\groovy-dsl\67535674d35016a84b11090ebbb3c35b)
2026-03-30T18:25:02.740+0200 [DEBUG] [org.gradle.cache.internal.DefaultFileLockManager] Releasing lock on cache directory 67535674d35016a84b11090ebbb3c35b (C:\Users\Luciano Muratore\Documents\ChordSeqAI\caches\9.3.0\groovy-dsl\67535674d35016a84b11090ebbb3c35b).
2026-03-30T18:25:02.741+0200 [DEBUG] [org.gradle.cache.internal.LockOnDemandCrossProcessCacheAccess] Releasing file lock for cache directory cabdf5aacdf5b4214ab58143eccdc19f (C:\Users\Luciano Muratore\Documents\ChordSeqAI\caches\9.3.0\groovy-dsl\cabdf5aacdf5b4214ab58143eccdc19f)
2026-03-30T18:25:02.741+0200 [DEBUG] [org.gradle.cache.internal.DefaultFileLockManager] Releasing lock on cache directory cabdf5aacdf5b4214ab58143eccdc19f (C:\Users\Luciano Muratore\Documents\ChordSeqAI\caches\9.3.0\groovy-dsl\cabdf5aacdf5b4214ab58143eccdc19f).
2026-03-30T18:25:02.741+0200 [DEBUG] [org.gradle.cache.internal.LockOnDemandCrossProcessCacheAccess] Releasing file lock for cache directory dc82d174708ae5020e57456940a39104 (C:\Users\Luciano Muratore\Documents\ChordSeqAI\caches\9.3.0\groovy-dsl\dc82d174708ae5020e57456940a39104)
2026-03-30T18:25:02.742+0200 [DEBUG] [org.gradle.cache.internal.DefaultFileLockManager] Releasing lock on cache directory dc82d174708ae5020e57456940a39104 (C:\Users\Luciano Muratore\Documents\ChordSeqAI\caches\9.3.0\groovy-dsl\dc82d174708ae5020e57456940a39104).
2026-03-30T18:25:02.743+0200 [DEBUG] [org.gradle.cache.internal.LockOnDemandCrossProcessCacheAccess] Releasing file lock for cache directory 167a7034b322af77d554ec1117de4ac5 (C:\Users\Luciano Muratore\Documents\ChordSeqAI\caches\9.3.0\groovy-dsl\167a7034b322af77d554ec1117de4ac5)
2026-03-30T18:25:02.743+0200 [DEBUG] [org.gradle.cache.internal.DefaultFileLockManager] Releasing lock on cache directory 167a7034b322af77d554ec1117de4ac5 (C:\Users\Luciano Muratore\Documents\ChordSeqAI\caches\9.3.0\groovy-dsl\167a7034b322af77d554ec1117de4ac5).
2026-03-30T18:25:02.744+0200 [DEBUG] [org.gradle.cache.internal.DefaultCacheCleanupExecutor] groovy-dsl (C:\Users\Luciano Muratore\Documents\ChordSeqAI\caches\9.3.0\groovy-dsl) has last been fully cleaned up 0 hours ago
2026-03-30T18:25:02.744+0200 [DEBUG] [org.gradle.cache.internal.DefaultCacheCleanupExecutor] Skipping cleanup for groovy-dsl (C:\Users\Luciano Muratore\Documents\ChordSeqAI\caches\9.3.0\groovy-dsl) as it is not yet due
2026-03-30T18:25:02.744+0200 [DEBUG] [org.gradle.cache.internal.DefaultCacheCoordinator] Cache groovy-dsl (C:\Users\Luciano Muratore\Documents\ChordSeqAI\caches\9.3.0\groovy-dsl) was closed 0 times.
2026-03-30T18:25:02.745+0200 [DEBUG] [org.gradle.cache.internal.LockOnDemandCrossProcessCacheAccess] Releasing file lock for cache directory df6cb8e620e0b3b2f032d916e03932d9 (C:\Users\Luciano Muratore\Documents\ChordSeqAI\caches\9.3.0\transforms\df6cb8e620e0b3b2f032d916e03932d9)
2026-03-30T18:25:02.745+0200 [DEBUG] [org.gradle.cache.internal.DefaultFileLockManager] Releasing lock on cache directory df6cb8e620e0b3b2f032d916e03932d9 (C:\Users\Luciano Muratore\Documents\ChordSeqAI\caches\9.3.0\transforms\df6cb8e620e0b3b2f032d916e03932d9).
2026-03-30T18:25:02.745+0200 [DEBUG] [org.gradle.cache.internal.LockOnDemandCrossProcessCacheAccess] Releasing file lock for cache directory dfb13af42737097fe4f2389446b4fc36 (C:\Users\Luciano Muratore\Documents\ChordSeqAI\caches\9.3.0\transforms\dfb13af42737097fe4f2389446b4fc36)
2026-03-30T18:25:02.745+0200 [DEBUG] [org.gradle.cache.internal.DefaultFileLockManager] Releasing lock on cache directory dfb13af42737097fe4f2389446b4fc36 (C:\Users\Luciano Muratore\Documents\ChordSeqAI\caches\9.3.0\transforms\dfb13af42737097fe4f2389446b4fc36).
2026-03-30T18:25:02.746+0200 [DEBUG] [org.gradle.cache.internal.LockOnDemandCrossProcessCacheAccess] Releasing file lock for cache directory 0481bf283e291b6134e58080a0e839a5 (C:\Users\Luciano Muratore\Documents\ChordSeqAI\caches\9.3.0\transforms\0481bf283e291b6134e58080a0e839a5)
2026-03-30T18:25:02.746+0200 [DEBUG] [org.gradle.cache.internal.DefaultFileLockManager] Releasing lock on cache directory 0481bf283e291b6134e58080a0e839a5 (C:\Users\Luciano Muratore\Documents\ChordSeqAI\caches\9.3.0\transforms\0481bf283e291b6134e58080a0e839a5).
2026-03-30T18:25:02.747+0200 [DEBUG] [org.gradle.cache.internal.LockOnDemandCrossProcessCacheAccess] Releasing file lock for cache directory b3af0a6e66814d79ac87c672c4499f83 (C:\Users\Luciano Muratore\Documents\ChordSeqAI\caches\9.3.0\transforms\b3af0a6e66814d79ac87c672c4499f83)
2026-03-30T18:25:02.747+0200 [DEBUG] [org.gradle.cache.internal.DefaultFileLockManager] Releasing lock on cache directory b3af0a6e66814d79ac87c672c4499f83 (C:\Users\Luciano Muratore\Documents\ChordSeqAI\caches\9.3.0\transforms\b3af0a6e66814d79ac87c672c4499f83).
2026-03-30T18:25:02.748+0200 [DEBUG] [org.gradle.cache.internal.LockOnDemandCrossProcessCacheAccess] Releasing file lock for cache directory dd9bc799f2aa2fad54b853158e847bda (C:\Users\Luciano Muratore\Documents\ChordSeqAI\caches\9.3.0\transforms\dd9bc799f2aa2fad54b853158e847bda)
2026-03-30T18:25:02.748+0200 [DEBUG] [org.gradle.cache.internal.DefaultFileLockManager] Releasing lock on cache directory dd9bc799f2aa2fad54b853158e847bda (C:\Users\Luciano Muratore\Documents\ChordSeqAI\caches\9.3.0\transforms\dd9bc799f2aa2fad54b853158e847bda).
2026-03-30T18:25:02.748+0200 [DEBUG] [org.gradle.cache.internal.LockOnDemandCrossProcessCacheAccess] Releasing file lock for cache directory b0588f2b59d015103fd39943cf128e67 (C:\Users\Luciano Muratore\Documents\ChordSeqAI\caches\9.3.0\transforms\b0588f2b59d015103fd39943cf128e67)
2026-03-30T18:25:02.748+0200 [DEBUG] [org.gradle.cache.internal.DefaultFileLockManager] Releasing lock on cache directory b0588f2b59d015103fd39943cf128e67 (C:\Users\Luciano Muratore\Documents\ChordSeqAI\caches\9.3.0\transforms\b0588f2b59d015103fd39943cf128e67).
2026-03-30T18:25:02.749+0200 [DEBUG] [org.gradle.cache.internal.LockOnDemandCrossProcessCacheAccess] Releasing file lock for cache directory 890779c07a06fae7ea991ad3aee18902 (C:\Users\Luciano Muratore\Documents\ChordSeqAI\caches\9.3.0\transforms\890779c07a06fae7ea991ad3aee18902)
2026-03-30T18:25:02.749+0200 [DEBUG] [org.gradle.cache.internal.DefaultFileLockManager] Releasing lock on cache directory 890779c07a06fae7ea991ad3aee18902 (C:\Users\Luciano Muratore\Documents\ChordSeqAI\caches\9.3.0\transforms\890779c07a06fae7ea991ad3aee18902).
2026-03-30T18:25:02.751+0200 [DEBUG] [org.gradle.cache.internal.LockOnDemandCrossProcessCacheAccess] Releasing file lock for cache directory bcf289cbdaecd23a3ff946d861e01293 (C:\Users\Luciano Muratore\Documents\ChordSeqAI\caches\9.3.0\transforms\bcf289cbdaecd23a3ff946d861e01293)
2026-03-30T18:25:02.751+0200 [DEBUG] [org.gradle.cache.internal.DefaultFileLockManager] Releasing lock on cache directory bcf289cbdaecd23a3ff946d861e01293 (C:\Users\Luciano Muratore\Documents\ChordSeqAI\caches\9.3.0\transforms\bcf289cbdaecd23a3ff946d861e01293).
2026-03-30T18:25:02.755+0200 [DEBUG] [org.gradle.cache.internal.LockOnDemandCrossProcessCacheAccess] Releasing file lock for cache directory 5bac475589687a2cac8fdce7387c80f6 (C:\Users\Luciano Muratore\Documents\ChordSeqAI\caches\9.3.0\transforms\5bac475589687a2cac8fdce7387c80f6)
2026-03-30T18:25:02.755+0200 [DEBUG] [org.gradle.cache.internal.DefaultFileLockManager] Releasing lock on cache directory 5bac475589687a2cac8fdce7387c80f6 (C:\Users\Luciano Muratore\Documents\ChordSeqAI\caches\9.3.0\transforms\5bac475589687a2cac8fdce7387c80f6).
2026-03-30T18:25:02.756+0200 [DEBUG] [org.gradle.cache.internal.LockOnDemandCrossProcessCacheAccess] Releasing file lock for cache directory e7e80c783c909f255d779e7f41a2dbc5 (C:\Users\Luciano Muratore\Documents\ChordSeqAI\caches\9.3.0\transforms\e7e80c783c909f255d779e7f41a2dbc5)
2026-03-30T18:25:02.756+0200 [DEBUG] [org.gradle.cache.internal.DefaultFileLockManager] Releasing lock on cache directory e7e80c783c909f255d779e7f41a2dbc5 (C:\Users\Luciano Muratore\Documents\ChordSeqAI\caches\9.3.0\transforms\e7e80c783c909f255d779e7f41a2dbc5).
2026-03-30T18:25:02.757+0200 [DEBUG] [org.gradle.cache.internal.LockOnDemandCrossProcessCacheAccess] Releasing file lock for cache directory 896b29c4e3fd4e296a701b54a2615901 (C:\Users\Luciano Muratore\Documents\ChordSeqAI\caches\9.3.0\transforms\896b29c4e3fd4e296a701b54a2615901)
2026-03-30T18:25:02.757+0200 [DEBUG] [org.gradle.cache.internal.DefaultFileLockManager] Releasing lock on cache directory 896b29c4e3fd4e296a701b54a2615901 (C:\Users\Luciano Muratore\Documents\ChordSeqAI\caches\9.3.0\transforms\896b29c4e3fd4e296a701b54a2615901).
2026-03-30T18:25:02.758+0200 [DEBUG] [org.gradle.cache.internal.LockOnDemandCrossProcessCacheAccess] Releasing file lock for cache directory 21ac161fd8641b6d76bde5057f78682f (C:\Users\Luciano Muratore\Documents\ChordSeqAI\caches\9.3.0\transforms\21ac161fd8641b6d76bde5057f78682f)
2026-03-30T18:25:02.759+0200 [DEBUG] [org.gradle.cache.internal.DefaultFileLockManager] Releasing lock on cache directory 21ac161fd8641b6d76bde5057f78682f (C:\Users\Luciano Muratore\Documents\ChordSeqAI\caches\9.3.0\transforms\21ac161fd8641b6d76bde5057f78682f).
2026-03-30T18:25:02.759+0200 [DEBUG] [org.gradle.cache.internal.LockOnDemandCrossProcessCacheAccess] Releasing file lock for cache directory aaaa5829a4ccf9e34717740e8d63cde8 (C:\Users\Luciano Muratore\Documents\ChordSeqAI\caches\9.3.0\transforms\aaaa5829a4ccf9e34717740e8d63cde8)
2026-03-30T18:25:02.759+0200 [DEBUG] [org.gradle.cache.internal.DefaultFileLockManager] Releasing lock on cache directory aaaa5829a4ccf9e34717740e8d63cde8 (C:\Users\Luciano Muratore\Documents\ChordSeqAI\caches\9.3.0\transforms\aaaa5829a4ccf9e34717740e8d63cde8).
2026-03-30T18:25:02.760+0200 [DEBUG] [org.gradle.cache.internal.LockOnDemandCrossProcessCacheAccess] Releasing file lock for cache directory 492d9f273b6508adf0e0c09bab89f000 (C:\Users\Luciano Muratore\Documents\ChordSeqAI\caches\9.3.0\transforms\492d9f273b6508adf0e0c09bab89f000)
2026-03-30T18:25:02.760+0200 [DEBUG] [org.gradle.cache.internal.DefaultFileLockManager] Releasing lock on cache directory 492d9f273b6508adf0e0c09bab89f000 (C:\Users\Luciano Muratore\Documents\ChordSeqAI\caches\9.3.0\transforms\492d9f273b6508adf0e0c09bab89f000).
2026-03-30T18:25:02.760+0200 [DEBUG] [org.gradle.cache.internal.LockOnDemandCrossProcessCacheAccess] Releasing file lock for cache directory e331ecd8b13f35b2b5ec119677361d11 (C:\Users\Luciano Muratore\Documents\ChordSeqAI\caches\9.3.0\transforms\e331ecd8b13f35b2b5ec119677361d11)
2026-03-30T18:25:02.760+0200 [DEBUG] [org.gradle.cache.internal.DefaultFileLockManager] Releasing lock on cache directory e331ecd8b13f35b2b5ec119677361d11 (C:\Users\Luciano Muratore\Documents\ChordSeqAI\caches\9.3.0\transforms\e331ecd8b13f35b2b5ec119677361d11).
2026-03-30T18:25:02.761+0200 [DEBUG] [org.gradle.cache.internal.LockOnDemandCrossProcessCacheAccess] Releasing file lock for cache directory 0f5dfa975cd3cfd584dbb4e9eb775bda (C:\Users\Luciano Muratore\Documents\ChordSeqAI\caches\9.3.0\transforms\0f5dfa975cd3cfd584dbb4e9eb775bda)
2026-03-30T18:25:02.761+0200 [DEBUG] [org.gradle.cache.internal.DefaultFileLockManager] Releasing lock on cache directory 0f5dfa975cd3cfd584dbb4e9eb775bda (C:\Users\Luciano Muratore\Documents\ChordSeqAI\caches\9.3.0\transforms\0f5dfa975cd3cfd584dbb4e9eb775bda).
2026-03-30T18:25:02.761+0200 [DEBUG] [org.gradle.cache.internal.LockOnDemandCrossProcessCacheAccess] Releasing file lock for cache directory 83a0f1587f49977e89af3a38df71deef (C:\Users\Luciano Muratore\Documents\ChordSeqAI\caches\9.3.0\transforms\83a0f1587f49977e89af3a38df71deef)
2026-03-30T18:25:02.761+0200 [DEBUG] [org.gradle.cache.internal.DefaultFileLockManager] Releasing lock on cache directory 83a0f1587f49977e89af3a38df71deef (C:\Users\Luciano Muratore\Documents\ChordSeqAI\caches\9.3.0\transforms\83a0f1587f49977e89af3a38df71deef).
2026-03-30T18:25:02.762+0200 [DEBUG] [org.gradle.cache.internal.LockOnDemandCrossProcessCacheAccess] Releasing file lock for cache directory ff61d34333c0f04af5243245ff99d935 (C:\Users\Luciano Muratore\Documents\ChordSeqAI\caches\9.3.0\transforms\ff61d34333c0f04af5243245ff99d935)
2026-03-30T18:25:02.762+0200 [DEBUG] [org.gradle.cache.internal.DefaultFileLockManager] Releasing lock on cache directory ff61d34333c0f04af5243245ff99d935 (C:\Users\Luciano Muratore\Documents\ChordSeqAI\caches\9.3.0\transforms\ff61d34333c0f04af5243245ff99d935).
2026-03-30T18:25:02.762+0200 [DEBUG] [org.gradle.cache.internal.LockOnDemandCrossProcessCacheAccess] Releasing file lock for cache directory 6d3982bf937794772c108d2076e01a49 (C:\Users\Luciano Muratore\Documents\ChordSeqAI\caches\9.3.0\transforms\6d3982bf937794772c108d2076e01a49)
2026-03-30T18:25:02.762+0200 [DEBUG] [org.gradle.cache.internal.DefaultFileLockManager] Releasing lock on cache directory 6d3982bf937794772c108d2076e01a49 (C:\Users\Luciano Muratore\Documents\ChordSeqAI\caches\9.3.0\transforms\6d3982bf937794772c108d2076e01a49).
2026-03-30T18:25:02.762+0200 [DEBUG] [org.gradle.cache.internal.LockOnDemandCrossProcessCacheAccess] Releasing file lock for cache directory b8d70bcbfbdf1e60d75ebe988c1d8b32 (C:\Users\Luciano Muratore\Documents\ChordSeqAI\caches\9.3.0\transforms\b8d70bcbfbdf1e60d75ebe988c1d8b32)
2026-03-30T18:25:02.763+0200 [DEBUG] [org.gradle.cache.internal.DefaultFileLockManager] Releasing lock on cache directory b8d70bcbfbdf1e60d75ebe988c1d8b32 (C:\Users\Luciano Muratore\Documents\ChordSeqAI\caches\9.3.0\transforms\b8d70bcbfbdf1e60d75ebe988c1d8b32).
2026-03-30T18:25:02.763+0200 [DEBUG] [org.gradle.cache.internal.LockOnDemandCrossProcessCacheAccess] Releasing file lock for cache directory b0eb1eb4c1cfd00ebbef8414c71106cf (C:\Users\Luciano Muratore\Documents\ChordSeqAI\caches\9.3.0\transforms\b0eb1eb4c1cfd00ebbef8414c71106cf)
2026-03-30T18:25:02.763+0200 [DEBUG] [org.gradle.cache.internal.DefaultFileLockManager] Releasing lock on cache directory b0eb1eb4c1cfd00ebbef8414c71106cf (C:\Users\Luciano Muratore\Documents\ChordSeqAI\caches\9.3.0\transforms\b0eb1eb4c1cfd00ebbef8414c71106cf).
2026-03-30T18:25:02.764+0200 [DEBUG] [org.gradle.cache.internal.LockOnDemandCrossProcessCacheAccess] Releasing file lock for cache directory 302fa2c85cdc610e1bf02e6979d061f9 (C:\Users\Luciano Muratore\Documents\ChordSeqAI\caches\9.3.0\transforms\302fa2c85cdc610e1bf02e6979d061f9)
2026-03-30T18:25:02.765+0200 [DEBUG] [org.gradle.cache.internal.DefaultFileLockManager] Releasing lock on cache directory 302fa2c85cdc610e1bf02e6979d061f9 (C:\Users\Luciano Muratore\Documents\ChordSeqAI\caches\9.3.0\transforms\302fa2c85cdc610e1bf02e6979d061f9).
2026-03-30T18:25:02.765+0200 [DEBUG] [org.gradle.cache.internal.LockOnDemandCrossProcessCacheAccess] Releasing file lock for cache directory 02b9ab11ee8936e1d4fd59b5d42b4947 (C:\Users\Luciano Muratore\Documents\ChordSeqAI\caches\9.3.0\transforms\02b9ab11ee8936e1d4fd59b5d42b4947)
2026-03-30T18:25:02.765+0200 [DEBUG] [org.gradle.cache.internal.DefaultFileLockManager] Releasing lock on cache directory 02b9ab11ee8936e1d4fd59b5d42b4947 (C:\Users\Luciano Muratore\Documents\ChordSeqAI\caches\9.3.0\transforms\02b9ab11ee8936e1d4fd59b5d42b4947).
2026-03-30T18:25:02.766+0200 [DEBUG] [org.gradle.cache.internal.LockOnDemandCrossProcessCacheAccess] Releasing file lock for cache directory 38acb45a79d27b4fa7d09933abdf4953 (C:\Users\Luciano Muratore\Documents\ChordSeqAI\caches\9.3.0\transforms\38acb45a79d27b4fa7d09933abdf4953)
2026-03-30T18:25:02.766+0200 [DEBUG] [org.gradle.cache.internal.DefaultFileLockManager] Releasing lock on cache directory 38acb45a79d27b4fa7d09933abdf4953 (C:\Users\Luciano Muratore\Documents\ChordSeqAI\caches\9.3.0\transforms\38acb45a79d27b4fa7d09933abdf4953).
2026-03-30T18:25:02.767+0200 [DEBUG] [org.gradle.cache.internal.LockOnDemandCrossProcessCacheAccess] Releasing file lock for cache directory e20531a474f86cc9cc04c1615cdb4e3f (C:\Users\Luciano Muratore\Documents\ChordSeqAI\caches\9.3.0\transforms\e20531a474f86cc9cc04c1615cdb4e3f)
2026-03-30T18:25:02.767+0200 [DEBUG] [org.gradle.cache.internal.DefaultFileLockManager] Releasing lock on cache directory e20531a474f86cc9cc04c1615cdb4e3f (C:\Users\Luciano Muratore\Documents\ChordSeqAI\caches\9.3.0\transforms\e20531a474f86cc9cc04c1615cdb4e3f).
2026-03-30T18:25:02.770+0200 [DEBUG] [org.gradle.cache.internal.LockOnDemandCrossProcessCacheAccess] Releasing file lock for cache directory d6d74a0efadaf5f53372ec2ae572ff19 (C:\Users\Luciano Muratore\Documents\ChordSeqAI\caches\9.3.0\transforms\d6d74a0efadaf5f53372ec2ae572ff19)
2026-03-30T18:25:02.770+0200 [DEBUG] [org.gradle.cache.internal.DefaultFileLockManager] Releasing lock on cache directory d6d74a0efadaf5f53372ec2ae572ff19 (C:\Users\Luciano Muratore\Documents\ChordSeqAI\caches\9.3.0\transforms\d6d74a0efadaf5f53372ec2ae572ff19).
2026-03-30T18:25:02.776+0200 [DEBUG] [org.gradle.cache.internal.LockOnDemandCrossProcessCacheAccess] Releasing file lock for cache directory 4373f0ba8c9256d1aa9e92bb7e23423b (C:\Users\Luciano Muratore\Documents\ChordSeqAI\caches\9.3.0\transforms\4373f0ba8c9256d1aa9e92bb7e23423b)
2026-03-30T18:25:02.776+0200 [DEBUG] [org.gradle.cache.internal.DefaultFileLockManager] Releasing lock on cache directory 4373f0ba8c9256d1aa9e92bb7e23423b (C:\Users\Luciano Muratore\Documents\ChordSeqAI\caches\9.3.0\transforms\4373f0ba8c9256d1aa9e92bb7e23423b).
2026-03-30T18:25:02.777+0200 [DEBUG] [org.gradle.cache.internal.LockOnDemandCrossProcessCacheAccess] Releasing file lock for cache directory 3f839b1f8e9c66c9d6000e7959422874 (C:\Users\Luciano Muratore\Documents\ChordSeqAI\caches\9.3.0\transforms\3f839b1f8e9c66c9d6000e7959422874)
2026-03-30T18:25:02.777+0200 [DEBUG] [org.gradle.cache.internal.DefaultFileLockManager] Releasing lock on cache directory 3f839b1f8e9c66c9d6000e7959422874 (C:\Users\Luciano Muratore\Documents\ChordSeqAI\caches\9.3.0\transforms\3f839b1f8e9c66c9d6000e7959422874).
2026-03-30T18:25:02.778+0200 [DEBUG] [org.gradle.cache.internal.LockOnDemandCrossProcessCacheAccess] Releasing file lock for cache directory 2328055f7c19688d4755be968aad7f6b (C:\Users\Luciano Muratore\Documents\ChordSeqAI\caches\9.3.0\transforms\2328055f7c19688d4755be968aad7f6b)
2026-03-30T18:25:02.778+0200 [DEBUG] [org.gradle.cache.internal.DefaultFileLockManager] Releasing lock on cache directory 2328055f7c19688d4755be968aad7f6b (C:\Users\Luciano Muratore\Documents\ChordSeqAI\caches\9.3.0\transforms\2328055f7c19688d4755be968aad7f6b).
2026-03-30T18:25:02.779+0200 [DEBUG] [org.gradle.cache.internal.LockOnDemandCrossProcessCacheAccess] Releasing file lock for cache directory 476813ccb560ca50d2aa0c63b0095ac3 (C:\Users\Luciano Muratore\Documents\ChordSeqAI\caches\9.3.0\transforms\476813ccb560ca50d2aa0c63b0095ac3)
2026-03-30T18:25:02.779+0200 [DEBUG] [org.gradle.cache.internal.DefaultFileLockManager] Releasing lock on cache directory 476813ccb560ca50d2aa0c63b0095ac3 (C:\Users\Luciano Muratore\Documents\ChordSeqAI\caches\9.3.0\transforms\476813ccb560ca50d2aa0c63b0095ac3).
2026-03-30T18:25:02.780+0200 [DEBUG] [org.gradle.cache.internal.LockOnDemandCrossProcessCacheAccess] Releasing file lock for cache directory 9462af678dd109796652b3978227e6b7 (C:\Users\Luciano Muratore\Documents\ChordSeqAI\caches\9.3.0\transforms\9462af678dd109796652b3978227e6b7)
2026-03-30T18:25:02.780+0200 [DEBUG] [org.gradle.cache.internal.DefaultFileLockManager] Releasing lock on cache directory 9462af678dd109796652b3978227e6b7 (C:\Users\Luciano Muratore\Documents\ChordSeqAI\caches\9.3.0\transforms\9462af678dd109796652b3978227e6b7).
2026-03-30T18:25:02.780+0200 [DEBUG] [org.gradle.cache.internal.LockOnDemandCrossProcessCacheAccess] Releasing file lock for cache directory 7319ebc84d7a05f3fc145efac564b9a4 (C:\Users\Luciano Muratore\Documents\ChordSeqAI\caches\9.3.0\transforms\7319ebc84d7a05f3fc145efac564b9a4)
2026-03-30T18:25:02.780+0200 [DEBUG] [org.gradle.cache.internal.DefaultFileLockManager] Releasing lock on cache directory 7319ebc84d7a05f3fc145efac564b9a4 (C:\Users\Luciano Muratore\Documents\ChordSeqAI\caches\9.3.0\transforms\7319ebc84d7a05f3fc145efac564b9a4).
2026-03-30T18:25:02.781+0200 [DEBUG] [org.gradle.cache.internal.LockOnDemandCrossProcessCacheAccess] Releasing file lock for cache directory ea244d78246e37480e83758b4c51c2e7 (C:\Users\Luciano Muratore\Documents\ChordSeqAI\caches\9.3.0\transforms\ea244d78246e37480e83758b4c51c2e7)
2026-03-30T18:25:02.781+0200 [DEBUG] [org.gradle.cache.internal.DefaultFileLockManager] Releasing lock on cache directory ea244d78246e37480e83758b4c51c2e7 (C:\Users\Luciano Muratore\Documents\ChordSeqAI\caches\9.3.0\transforms\ea244d78246e37480e83758b4c51c2e7).
2026-03-30T18:25:02.782+0200 [DEBUG] [org.gradle.cache.internal.LockOnDemandCrossProcessCacheAccess] Releasing file lock for cache directory c8e985cdf05a22235218765cbcdb4e6c (C:\Users\Luciano Muratore\Documents\ChordSeqAI\caches\9.3.0\transforms\c8e985cdf05a22235218765cbcdb4e6c)
2026-03-30T18:25:02.782+0200 [DEBUG] [org.gradle.cache.internal.DefaultFileLockManager] Releasing lock on cache directory c8e985cdf05a22235218765cbcdb4e6c (C:\Users\Luciano Muratore\Documents\ChordSeqAI\caches\9.3.0\transforms\c8e985cdf05a22235218765cbcdb4e6c).
2026-03-30T18:25:02.800+0200 [DEBUG] [org.gradle.cache.internal.LockOnDemandCrossProcessCacheAccess] Releasing file lock for cache directory 8e1cfb9aa80fe6c6f6ff71f4ff18a280 (C:\Users\Luciano Muratore\Documents\ChordSeqAI\caches\9.3.0\transforms\8e1cfb9aa80fe6c6f6ff71f4ff18a280)
2026-03-30T18:25:02.801+0200 [DEBUG] [org.gradle.cache.internal.DefaultFileLockManager] Releasing lock on cache directory 8e1cfb9aa80fe6c6f6ff71f4ff18a280 (C:\Users\Luciano Muratore\Documents\ChordSeqAI\caches\9.3.0\transforms\8e1cfb9aa80fe6c6f6ff71f4ff18a280).
2026-03-30T18:25:02.805+0200 [DEBUG] [org.gradle.cache.internal.LockOnDemandCrossProcessCacheAccess] Releasing file lock for cache directory a44037a7ac2eec83400ff2b8bb407287 (C:\Users\Luciano Muratore\Documents\ChordSeqAI\caches\9.3.0\transforms\a44037a7ac2eec83400ff2b8bb407287)
2026-03-30T18:25:02.805+0200 [DEBUG] [org.gradle.cache.internal.DefaultFileLockManager] Releasing lock on cache directory a44037a7ac2eec83400ff2b8bb407287 (C:\Users\Luciano Muratore\Documents\ChordSeqAI\caches\9.3.0\transforms\a44037a7ac2eec83400ff2b8bb407287).
2026-03-30T18:25:02.808+0200 [DEBUG] [org.gradle.cache.internal.LockOnDemandCrossProcessCacheAccess] Releasing file lock for cache directory 910b0deba1c2f23d0286b3f98210e699 (C:\Users\Luciano Muratore\Documents\ChordSeqAI\caches\9.3.0\transforms\910b0deba1c2f23d0286b3f98210e699)
2026-03-30T18:25:02.808+0200 [DEBUG] [org.gradle.cache.internal.DefaultFileLockManager] Releasing lock on cache directory 910b0deba1c2f23d0286b3f98210e699 (C:\Users\Luciano Muratore\Documents\ChordSeqAI\caches\9.3.0\transforms\910b0deba1c2f23d0286b3f98210e699).
2026-03-30T18:25:02.809+0200 [DEBUG] [org.gradle.cache.internal.LockOnDemandCrossProcessCacheAccess] Releasing file lock for cache directory e884402acd4381de17d497fc422af06b (C:\Users\Luciano Muratore\Documents\ChordSeqAI\caches\9.3.0\transforms\e884402acd4381de17d497fc422af06b)
2026-03-30T18:25:02.809+0200 [DEBUG] [org.gradle.cache.internal.DefaultFileLockManager] Releasing lock on cache directory e884402acd4381de17d497fc422af06b (C:\Users\Luciano Muratore\Documents\ChordSeqAI\caches\9.3.0\transforms\e884402acd4381de17d497fc422af06b).
2026-03-30T18:25:02.812+0200 [DEBUG] [org.gradle.cache.internal.LockOnDemandCrossProcessCacheAccess] Releasing file lock for cache directory 6d2312eb5e78a73bf6ea06e641b3f183 (C:\Users\Luciano Muratore\Documents\ChordSeqAI\caches\9.3.0\transforms\6d2312eb5e78a73bf6ea06e641b3f183)
2026-03-30T18:25:02.812+0200 [DEBUG] [org.gradle.cache.internal.DefaultFileLockManager] Releasing lock on cache directory 6d2312eb5e78a73bf6ea06e641b3f183 (C:\Users\Luciano Muratore\Documents\ChordSeqAI\caches\9.3.0\transforms\6d2312eb5e78a73bf6ea06e641b3f183).
2026-03-30T18:25:02.815+0200 [DEBUG] [org.gradle.cache.internal.LockOnDemandCrossProcessCacheAccess] Releasing file lock for cache directory dad3bb07232778bcc7422587e6c71823 (C:\Users\Luciano Muratore\Documents\ChordSeqAI\caches\9.3.0\transforms\dad3bb07232778bcc7422587e6c71823)
2026-03-30T18:25:02.815+0200 [DEBUG] [org.gradle.cache.internal.DefaultFileLockManager] Releasing lock on cache directory dad3bb07232778bcc7422587e6c71823 (C:\Users\Luciano Muratore\Documents\ChordSeqAI\caches\9.3.0\transforms\dad3bb07232778bcc7422587e6c71823).
2026-03-30T18:25:02.816+0200 [DEBUG] [org.gradle.cache.internal.LockOnDemandCrossProcessCacheAccess] Releasing file lock for cache directory 037fcb0cc2eb336c5ee097a71c4a9929 (C:\Users\Luciano Muratore\Documents\ChordSeqAI\caches\9.3.0\transforms\037fcb0cc2eb336c5ee097a71c4a9929)
2026-03-30T18:25:02.816+0200 [DEBUG] [org.gradle.cache.internal.DefaultFileLockManager] Releasing lock on cache directory 037fcb0cc2eb336c5ee097a71c4a9929 (C:\Users\Luciano Muratore\Documents\ChordSeqAI\caches\9.3.0\transforms\037fcb0cc2eb336c5ee097a71c4a9929).
2026-03-30T18:25:02.817+0200 [DEBUG] [org.gradle.cache.internal.LockOnDemandCrossProcessCacheAccess] Releasing file lock for cache directory 7cb9cf615302a21b88289bafe18f780c (C:\Users\Luciano Muratore\Documents\ChordSeqAI\caches\9.3.0\transforms\7cb9cf615302a21b88289bafe18f780c)
2026-03-30T18:25:02.817+0200 [DEBUG] [org.gradle.cache.internal.DefaultFileLockManager] Releasing lock on cache directory 7cb9cf615302a21b88289bafe18f780c (C:\Users\Luciano Muratore\Documents\ChordSeqAI\caches\9.3.0\transforms\7cb9cf615302a21b88289bafe18f780c).
2026-03-30T18:25:02.818+0200 [DEBUG] [org.gradle.cache.internal.LockOnDemandCrossProcessCacheAccess] Releasing file lock for cache directory 19369d54bc78e66f63a8eadf3e5466c9 (C:\Users\Luciano Muratore\Documents\ChordSeqAI\caches\9.3.0\transforms\19369d54bc78e66f63a8eadf3e5466c9)
2026-03-30T18:25:02.818+0200 [DEBUG] [org.gradle.cache.internal.DefaultFileLockManager] Releasing lock on cache directory 19369d54bc78e66f63a8eadf3e5466c9 (C:\Users\Luciano Muratore\Documents\ChordSeqAI\caches\9.3.0\transforms\19369d54bc78e66f63a8eadf3e5466c9).
2026-03-30T18:25:02.828+0200 [DEBUG] [org.gradle.cache.internal.LockOnDemandCrossProcessCacheAccess] Releasing file lock for cache directory d0ce1313afe1197779195919ad831267 (C:\Users\Luciano Muratore\Documents\ChordSeqAI\caches\9.3.0\transforms\d0ce1313afe1197779195919ad831267)
2026-03-30T18:25:02.828+0200 [DEBUG] [org.gradle.cache.internal.DefaultFileLockManager] Releasing lock on cache directory d0ce1313afe1197779195919ad831267 (C:\Users\Luciano Muratore\Documents\ChordSeqAI\caches\9.3.0\transforms\d0ce1313afe1197779195919ad831267).
2026-03-30T18:25:02.831+0200 [DEBUG] [org.gradle.cache.internal.LockOnDemandCrossProcessCacheAccess] Releasing file lock for cache directory 5b8542deee89233627d6d64771701dfd (C:\Users\Luciano Muratore\Documents\ChordSeqAI\caches\9.3.0\transforms\5b8542deee89233627d6d64771701dfd)
2026-03-30T18:25:02.832+0200 [DEBUG] [org.gradle.cache.internal.DefaultFileLockManager] Releasing lock on cache directory 5b8542deee89233627d6d64771701dfd (C:\Users\Luciano Muratore\Documents\ChordSeqAI\caches\9.3.0\transforms\5b8542deee89233627d6d64771701dfd).
2026-03-30T18:25:02.834+0200 [DEBUG] [org.gradle.cache.internal.LockOnDemandCrossProcessCacheAccess] Releasing file lock for cache directory 8e1d8dc3d2f661a7790ff9507bedc9f5 (C:\Users\Luciano Muratore\Documents\ChordSeqAI\caches\9.3.0\transforms\8e1d8dc3d2f661a7790ff9507bedc9f5)
2026-03-30T18:25:02.837+0200 [DEBUG] [org.gradle.cache.internal.DefaultFileLockManager] Releasing lock on cache directory 8e1d8dc3d2f661a7790ff9507bedc9f5 (C:\Users\Luciano Muratore\Documents\ChordSeqAI\caches\9.3.0\transforms\8e1d8dc3d2f661a7790ff9507bedc9f5).
2026-03-30T18:25:02.840+0200 [DEBUG] [org.gradle.cache.internal.LockOnDemandCrossProcessCacheAccess] Releasing file lock for cache directory 7c84760fd51147a047fc3d3ea70e3f91 (C:\Users\Luciano Muratore\Documents\ChordSeqAI\caches\9.3.0\transforms\7c84760fd51147a047fc3d3ea70e3f91)
2026-03-30T18:25:02.841+0200 [DEBUG] [org.gradle.cache.internal.DefaultFileLockManager] Releasing lock on cache directory 7c84760fd51147a047fc3d3ea70e3f91 (C:\Users\Luciano Muratore\Documents\ChordSeqAI\caches\9.3.0\transforms\7c84760fd51147a047fc3d3ea70e3f91).
2026-03-30T18:25:02.842+0200 [DEBUG] [org.gradle.cache.internal.LockOnDemandCrossProcessCacheAccess] Releasing file lock for cache directory 8545ceab45489e487486827a937e671b (C:\Users\Luciano Muratore\Documents\ChordSeqAI\caches\9.3.0\transforms\8545ceab45489e487486827a937e671b)
2026-03-30T18:25:02.843+0200 [DEBUG] [org.gradle.cache.internal.DefaultFileLockManager] Releasing lock on cache directory 8545ceab45489e487486827a937e671b (C:\Users\Luciano Muratore\Documents\ChordSeqAI\caches\9.3.0\transforms\8545ceab45489e487486827a937e671b).
2026-03-30T18:25:02.843+0200 [DEBUG] [org.gradle.cache.internal.LockOnDemandCrossProcessCacheAccess] Releasing file lock for cache directory efb3b56337cfb2e1632dfac36a5e7e9f (C:\Users\Luciano Muratore\Documents\ChordSeqAI\caches\9.3.0\transforms\efb3b56337cfb2e1632dfac36a5e7e9f)
2026-03-30T18:25:02.843+0200 [DEBUG] [org.gradle.cache.internal.DefaultFileLockManager] Releasing lock on cache directory efb3b56337cfb2e1632dfac36a5e7e9f (C:\Users\Luciano Muratore\Documents\ChordSeqAI\caches\9.3.0\transforms\efb3b56337cfb2e1632dfac36a5e7e9f).
2026-03-30T18:25:02.844+0200 [DEBUG] [org.gradle.cache.internal.LockOnDemandCrossProcessCacheAccess] Releasing file lock for cache directory c5695da36670e491f87f2f57b765cb84 (C:\Users\Luciano Muratore\Documents\ChordSeqAI\caches\9.3.0\transforms\c5695da36670e491f87f2f57b765cb84)
2026-03-30T18:25:02.844+0200 [DEBUG] [org.gradle.cache.internal.DefaultFileLockManager] Releasing lock on cache directory c5695da36670e491f87f2f57b765cb84 (C:\Users\Luciano Muratore\Documents\ChordSeqAI\caches\9.3.0\transforms\c5695da36670e491f87f2f57b765cb84).
2026-03-30T18:25:02.845+0200 [DEBUG] [org.gradle.cache.internal.LockOnDemandCrossProcessCacheAccess] Releasing file lock for cache directory 594ede57440733b8675a1f776becdecb (C:\Users\Luciano Muratore\Documents\ChordSeqAI\caches\9.3.0\transforms\594ede57440733b8675a1f776becdecb)
2026-03-30T18:25:02.845+0200 [DEBUG] [org.gradle.cache.internal.DefaultFileLockManager] Releasing lock on cache directory 594ede57440733b8675a1f776becdecb (C:\Users\Luciano Muratore\Documents\ChordSeqAI\caches\9.3.0\transforms\594ede57440733b8675a1f776becdecb).
2026-03-30T18:25:02.846+0200 [DEBUG] [org.gradle.cache.internal.LockOnDemandCrossProcessCacheAccess] Releasing file lock for cache directory 33541fa7d08f039c0bf148d5421c6128 (C:\Users\Luciano Muratore\Documents\ChordSeqAI\caches\9.3.0\transforms\33541fa7d08f039c0bf148d5421c6128)
2026-03-30T18:25:02.847+0200 [DEBUG] [org.gradle.cache.internal.DefaultFileLockManager] Releasing lock on cache directory 33541fa7d08f039c0bf148d5421c6128 (C:\Users\Luciano Muratore\Documents\ChordSeqAI\caches\9.3.0\transforms\33541fa7d08f039c0bf148d5421c6128).
2026-03-30T18:25:02.847+0200 [DEBUG] [org.gradle.cache.internal.LockOnDemandCrossProcessCacheAccess] Releasing file lock for cache directory 832d7b6bd1117d637fc90c7e63eaa094 (C:\Users\Luciano Muratore\Documents\ChordSeqAI\caches\9.3.0\transforms\832d7b6bd1117d637fc90c7e63eaa094)
2026-03-30T18:25:02.848+0200 [DEBUG] [org.gradle.cache.internal.DefaultFileLockManager] Releasing lock on cache directory 832d7b6bd1117d637fc90c7e63eaa094 (C:\Users\Luciano Muratore\Documents\ChordSeqAI\caches\9.3.0\transforms\832d7b6bd1117d637fc90c7e63eaa094).
2026-03-30T18:25:02.848+0200 [DEBUG] [org.gradle.cache.internal.LockOnDemandCrossProcessCacheAccess] Releasing file lock for cache directory 65b1dcfd84755ec124d7bc337d49d0ae (C:\Users\Luciano Muratore\Documents\ChordSeqAI\caches\9.3.0\transforms\65b1dcfd84755ec124d7bc337d49d0ae)
2026-03-30T18:25:02.849+0200 [DEBUG] [org.gradle.cache.internal.DefaultFileLockManager] Releasing lock on cache directory 65b1dcfd84755ec124d7bc337d49d0ae (C:\Users\Luciano Muratore\Documents\ChordSeqAI\caches\9.3.0\transforms\65b1dcfd84755ec124d7bc337d49d0ae).
2026-03-30T18:25:02.850+0200 [DEBUG] [org.gradle.cache.internal.LockOnDemandCrossProcessCacheAccess] Releasing file lock for cache directory 784bdd78eefa9edd3b5320e885904acd (C:\Users\Luciano Muratore\Documents\ChordSeqAI\caches\9.3.0\transforms\784bdd78eefa9edd3b5320e885904acd)
2026-03-30T18:25:02.850+0200 [DEBUG] [org.gradle.cache.internal.DefaultFileLockManager] Releasing lock on cache directory 784bdd78eefa9edd3b5320e885904acd (C:\Users\Luciano Muratore\Documents\ChordSeqAI\caches\9.3.0\transforms\784bdd78eefa9edd3b5320e885904acd).
2026-03-30T18:25:02.854+0200 [DEBUG] [org.gradle.cache.internal.LockOnDemandCrossProcessCacheAccess] Releasing file lock for cache directory bcc26f81d1218296e3905650f545cb99 (C:\Users\Luciano Muratore\Documents\ChordSeqAI\caches\9.3.0\transforms\bcc26f81d1218296e3905650f545cb99)
2026-03-30T18:25:02.854+0200 [DEBUG] [org.gradle.cache.internal.DefaultFileLockManager] Releasing lock on cache directory bcc26f81d1218296e3905650f545cb99 (C:\Users\Luciano Muratore\Documents\ChordSeqAI\caches\9.3.0\transforms\bcc26f81d1218296e3905650f545cb99).
2026-03-30T18:25:02.855+0200 [DEBUG] [org.gradle.cache.internal.LockOnDemandCrossProcessCacheAccess] Releasing file lock for cache directory 959aac770041ed948e1ed1be73e47d0c (C:\Users\Luciano Muratore\Documents\ChordSeqAI\caches\9.3.0\transforms\959aac770041ed948e1ed1be73e47d0c)
2026-03-30T18:25:02.855+0200 [DEBUG] [org.gradle.cache.internal.DefaultFileLockManager] Releasing lock on cache directory 959aac770041ed948e1ed1be73e47d0c (C:\Users\Luciano Muratore\Documents\ChordSeqAI\caches\9.3.0\transforms\959aac770041ed948e1ed1be73e47d0c).
2026-03-30T18:25:02.856+0200 [DEBUG] [org.gradle.cache.internal.LockOnDemandCrossProcessCacheAccess] Releasing file lock for cache directory 0ba28a8c1cb046a47e3773eca2211ad7 (C:\Users\Luciano Muratore\Documents\ChordSeqAI\caches\9.3.0\transforms\0ba28a8c1cb046a47e3773eca2211ad7)
2026-03-30T18:25:02.856+0200 [DEBUG] [org.gradle.cache.internal.DefaultFileLockManager] Releasing lock on cache directory 0ba28a8c1cb046a47e3773eca2211ad7 (C:\Users\Luciano Muratore\Documents\ChordSeqAI\caches\9.3.0\transforms\0ba28a8c1cb046a47e3773eca2211ad7).
2026-03-30T18:25:02.857+0200 [DEBUG] [org.gradle.cache.internal.LockOnDemandCrossProcessCacheAccess] Releasing file lock for cache directory 6247ddc784548f636b9806730c749eeb (C:\Users\Luciano Muratore\Documents\ChordSeqAI\caches\9.3.0\transforms\6247ddc784548f636b9806730c749eeb)
2026-03-30T18:25:02.857+0200 [DEBUG] [org.gradle.cache.internal.DefaultFileLockManager] Releasing lock on cache directory 6247ddc784548f636b9806730c749eeb (C:\Users\Luciano Muratore\Documents\ChordSeqAI\caches\9.3.0\transforms\6247ddc784548f636b9806730c749eeb).
2026-03-30T18:25:02.857+0200 [DEBUG] [org.gradle.cache.internal.LockOnDemandCrossProcessCacheAccess] Releasing file lock for cache directory 9c08965729f25eda3094894b4391f5eb (C:\Users\Luciano Muratore\Documents\ChordSeqAI\caches\9.3.0\transforms\9c08965729f25eda3094894b4391f5eb)
2026-03-30T18:25:02.857+0200 [DEBUG] [org.gradle.cache.internal.DefaultFileLockManager] Releasing lock on cache directory 9c08965729f25eda3094894b4391f5eb (C:\Users\Luciano Muratore\Documents\ChordSeqAI\caches\9.3.0\transforms\9c08965729f25eda3094894b4391f5eb).
2026-03-30T18:25:02.858+0200 [DEBUG] [org.gradle.cache.internal.LockOnDemandCrossProcessCacheAccess] Releasing file lock for cache directory 8c51542f259791f005676083f68f00f7 (C:\Users\Luciano Muratore\Documents\ChordSeqAI\caches\9.3.0\transforms\8c51542f259791f005676083f68f00f7)
2026-03-30T18:25:02.858+0200 [DEBUG] [org.gradle.cache.internal.DefaultFileLockManager] Releasing lock on cache directory 8c51542f259791f005676083f68f00f7 (C:\Users\Luciano Muratore\Documents\ChordSeqAI\caches\9.3.0\transforms\8c51542f259791f005676083f68f00f7).
2026-03-30T18:25:02.859+0200 [DEBUG] [org.gradle.cache.internal.LockOnDemandCrossProcessCacheAccess] Releasing file lock for cache directory c6e741f3488487f159eac83493b9285b (C:\Users\Luciano Muratore\Documents\ChordSeqAI\caches\9.3.0\transforms\c6e741f3488487f159eac83493b9285b)
2026-03-30T18:25:02.859+0200 [DEBUG] [org.gradle.cache.internal.DefaultFileLockManager] Releasing lock on cache directory c6e741f3488487f159eac83493b9285b (C:\Users\Luciano Muratore\Documents\ChordSeqAI\caches\9.3.0\transforms\c6e741f3488487f159eac83493b9285b).
2026-03-30T18:25:02.859+0200 [DEBUG] [org.gradle.cache.internal.LockOnDemandCrossProcessCacheAccess] Releasing file lock for cache directory 0d47645fc0d123ac4e8331486559e755 (C:\Users\Luciano Muratore\Documents\ChordSeqAI\caches\9.3.0\transforms\0d47645fc0d123ac4e8331486559e755)
2026-03-30T18:25:02.859+0200 [DEBUG] [org.gradle.cache.internal.DefaultFileLockManager] Releasing lock on cache directory 0d47645fc0d123ac4e8331486559e755 (C:\Users\Luciano Muratore\Documents\ChordSeqAI\caches\9.3.0\transforms\0d47645fc0d123ac4e8331486559e755).
2026-03-30T18:25:02.860+0200 [DEBUG] [org.gradle.cache.internal.LockOnDemandCrossProcessCacheAccess] Releasing file lock for cache directory 06e5caaf9ea68c9b232bca96db49908b (C:\Users\Luciano Muratore\Documents\ChordSeqAI\caches\9.3.0\transforms\06e5caaf9ea68c9b232bca96db49908b)
2026-03-30T18:25:02.860+0200 [DEBUG] [org.gradle.cache.internal.DefaultFileLockManager] Releasing lock on cache directory 06e5caaf9ea68c9b232bca96db49908b (C:\Users\Luciano Muratore\Documents\ChordSeqAI\caches\9.3.0\transforms\06e5caaf9ea68c9b232bca96db49908b).
2026-03-30T18:25:02.861+0200 [DEBUG] [org.gradle.cache.internal.LockOnDemandCrossProcessCacheAccess] Releasing file lock for cache directory 3bc47bce2ac4ecefdfbf2e57e0192f69 (C:\Users\Luciano Muratore\Documents\ChordSeqAI\caches\9.3.0\transforms\3bc47bce2ac4ecefdfbf2e57e0192f69)
2026-03-30T18:25:02.861+0200 [DEBUG] [org.gradle.cache.internal.DefaultFileLockManager] Releasing lock on cache directory 3bc47bce2ac4ecefdfbf2e57e0192f69 (C:\Users\Luciano Muratore\Documents\ChordSeqAI\caches\9.3.0\transforms\3bc47bce2ac4ecefdfbf2e57e0192f69).
2026-03-30T18:25:02.862+0200 [DEBUG] [org.gradle.cache.internal.LockOnDemandCrossProcessCacheAccess] Releasing file lock for cache directory a02b772c0132baf1ab3813ca07e9c73a (C:\Users\Luciano Muratore\Documents\ChordSeqAI\caches\9.3.0\transforms\a02b772c0132baf1ab3813ca07e9c73a)
2026-03-30T18:25:02.862+0200 [DEBUG] [org.gradle.cache.internal.DefaultFileLockManager] Releasing lock on cache directory a02b772c0132baf1ab3813ca07e9c73a (C:\Users\Luciano Muratore\Documents\ChordSeqAI\caches\9.3.0\transforms\a02b772c0132baf1ab3813ca07e9c73a).
2026-03-30T18:25:02.863+0200 [DEBUG] [org.gradle.cache.internal.LockOnDemandCrossProcessCacheAccess] Releasing file lock for cache directory cbfe6d1a98ee14e5b35b1b5d0b10cd46 (C:\Users\Luciano Muratore\Documents\ChordSeqAI\caches\9.3.0\transforms\cbfe6d1a98ee14e5b35b1b5d0b10cd46)
2026-03-30T18:25:02.863+0200 [DEBUG] [org.gradle.cache.internal.DefaultFileLockManager] Releasing lock on cache directory cbfe6d1a98ee14e5b35b1b5d0b10cd46 (C:\Users\Luciano Muratore\Documents\ChordSeqAI\caches\9.3.0\transforms\cbfe6d1a98ee14e5b35b1b5d0b10cd46).
2026-03-30T18:25:02.864+0200 [DEBUG] [org.gradle.cache.internal.LockOnDemandCrossProcessCacheAccess] Releasing file lock for cache directory 24f2ceeb2d78746e1926fcbdba9af397 (C:\Users\Luciano Muratore\Documents\ChordSeqAI\caches\9.3.0\transforms\24f2ceeb2d78746e1926fcbdba9af397)
2026-03-30T18:25:02.864+0200 [DEBUG] [org.gradle.cache.internal.DefaultFileLockManager] Releasing lock on cache directory 24f2ceeb2d78746e1926fcbdba9af397 (C:\Users\Luciano Muratore\Documents\ChordSeqAI\caches\9.3.0\transforms\24f2ceeb2d78746e1926fcbdba9af397).
2026-03-30T18:25:02.865+0200 [DEBUG] [org.gradle.cache.internal.LockOnDemandCrossProcessCacheAccess] Releasing file lock for cache directory 9b866edf25bd223aefdb2e4b37ec72b6 (C:\Users\Luciano Muratore\Documents\ChordSeqAI\caches\9.3.0\transforms\9b866edf25bd223aefdb2e4b37ec72b6)
2026-03-30T18:25:02.865+0200 [DEBUG] [org.gradle.cache.internal.DefaultFileLockManager] Releasing lock on cache directory 9b866edf25bd223aefdb2e4b37ec72b6 (C:\Users\Luciano Muratore\Documents\ChordSeqAI\caches\9.3.0\transforms\9b866edf25bd223aefdb2e4b37ec72b6).
2026-03-30T18:25:02.866+0200 [DEBUG] [org.gradle.cache.internal.LockOnDemandCrossProcessCacheAccess] Releasing file lock for cache directory 3e2ff5e0036a624213909668903a14a1 (C:\Users\Luciano Muratore\Documents\ChordSeqAI\caches\9.3.0\transforms\3e2ff5e0036a624213909668903a14a1)
2026-03-30T18:25:02.866+0200 [DEBUG] [org.gradle.cache.internal.DefaultFileLockManager] Releasing lock on cache directory 3e2ff5e0036a624213909668903a14a1 (C:\Users\Luciano Muratore\Documents\ChordSeqAI\caches\9.3.0\transforms\3e2ff5e0036a624213909668903a14a1).
2026-03-30T18:25:02.866+0200 [DEBUG] [org.gradle.cache.internal.LockOnDemandCrossProcessCacheAccess] Releasing file lock for cache directory a12acf683bab45db5db90a9e98a1c599 (C:\Users\Luciano Muratore\Documents\ChordSeqAI\caches\9.3.0\transforms\a12acf683bab45db5db90a9e98a1c599)
2026-03-30T18:25:02.866+0200 [DEBUG] [org.gradle.cache.internal.DefaultFileLockManager] Releasing lock on cache directory a12acf683bab45db5db90a9e98a1c599 (C:\Users\Luciano Muratore\Documents\ChordSeqAI\caches\9.3.0\transforms\a12acf683bab45db5db90a9e98a1c599).
2026-03-30T18:25:02.867+0200 [DEBUG] [org.gradle.cache.internal.LockOnDemandCrossProcessCacheAccess] Releasing file lock for cache directory cc13e60592ab9a4045e5932c87ac365c (C:\Users\Luciano Muratore\Documents\ChordSeqAI\caches\9.3.0\transforms\cc13e60592ab9a4045e5932c87ac365c)
2026-03-30T18:25:02.867+0200 [DEBUG] [org.gradle.cache.internal.DefaultFileLockManager] Releasing lock on cache directory cc13e60592ab9a4045e5932c87ac365c (C:\Users\Luciano Muratore\Documents\ChordSeqAI\caches\9.3.0\transforms\cc13e60592ab9a4045e5932c87ac365c).
2026-03-30T18:25:02.868+0200 [DEBUG] [org.gradle.cache.internal.LockOnDemandCrossProcessCacheAccess] Releasing file lock for cache directory f3b686a84dd2205119863f200a7e5fd4 (C:\Users\Luciano Muratore\Documents\ChordSeqAI\caches\9.3.0\transforms\f3b686a84dd2205119863f200a7e5fd4)
2026-03-30T18:25:02.868+0200 [DEBUG] [org.gradle.cache.internal.DefaultFileLockManager] Releasing lock on cache directory f3b686a84dd2205119863f200a7e5fd4 (C:\Users\Luciano Muratore\Documents\ChordSeqAI\caches\9.3.0\transforms\f3b686a84dd2205119863f200a7e5fd4).
2026-03-30T18:25:02.869+0200 [DEBUG] [org.gradle.cache.internal.LockOnDemandCrossProcessCacheAccess] Releasing file lock for cache directory 3c4ad8ca294ef826af15e7199a0a4844 (C:\Users\Luciano Muratore\Documents\ChordSeqAI\caches\9.3.0\transforms\3c4ad8ca294ef826af15e7199a0a4844)
2026-03-30T18:25:02.870+0200 [DEBUG] [org.gradle.cache.internal.DefaultFileLockManager] Releasing lock on cache directory 3c4ad8ca294ef826af15e7199a0a4844 (C:\Users\Luciano Muratore\Documents\ChordSeqAI\caches\9.3.0\transforms\3c4ad8ca294ef826af15e7199a0a4844).
2026-03-30T18:25:02.871+0200 [DEBUG] [org.gradle.cache.internal.LockOnDemandCrossProcessCacheAccess] Releasing file lock for cache directory 310bc5dd0a0f3ad6ac43b108948b8643 (C:\Users\Luciano Muratore\Documents\ChordSeqAI\caches\9.3.0\transforms\310bc5dd0a0f3ad6ac43b108948b8643)
2026-03-30T18:25:02.871+0200 [DEBUG] [org.gradle.cache.internal.DefaultFileLockManager] Releasing lock on cache directory 310bc5dd0a0f3ad6ac43b108948b8643 (C:\Users\Luciano Muratore\Documents\ChordSeqAI\caches\9.3.0\transforms\310bc5dd0a0f3ad6ac43b108948b8643).
2026-03-30T18:25:02.872+0200 [DEBUG] [org.gradle.cache.internal.LockOnDemandCrossProcessCacheAccess] Releasing file lock for cache directory b400d9cec55ee3d429f4c2a19b57eb71 (C:\Users\Luciano Muratore\Documents\ChordSeqAI\caches\9.3.0\transforms\b400d9cec55ee3d429f4c2a19b57eb71)
2026-03-30T18:25:02.872+0200 [DEBUG] [org.gradle.cache.internal.DefaultFileLockManager] Releasing lock on cache directory b400d9cec55ee3d429f4c2a19b57eb71 (C:\Users\Luciano Muratore\Documents\ChordSeqAI\caches\9.3.0\transforms\b400d9cec55ee3d429f4c2a19b57eb71).
2026-03-30T18:25:02.872+0200 [DEBUG] [org.gradle.cache.internal.LockOnDemandCrossProcessCacheAccess] Releasing file lock for cache directory 6e1c0d8f4e81ffad1e8cf7af81c77043 (C:\Users\Luciano Muratore\Documents\ChordSeqAI\caches\9.3.0\transforms\6e1c0d8f4e81ffad1e8cf7af81c77043)
2026-03-30T18:25:02.872+0200 [DEBUG] [org.gradle.cache.internal.DefaultFileLockManager] Releasing lock on cache directory 6e1c0d8f4e81ffad1e8cf7af81c77043 (C:\Users\Luciano Muratore\Documents\ChordSeqAI\caches\9.3.0\transforms\6e1c0d8f4e81ffad1e8cf7af81c77043).
2026-03-30T18:25:02.873+0200 [DEBUG] [org.gradle.cache.internal.LockOnDemandCrossProcessCacheAccess] Releasing file lock for cache directory 2d042151e0e342230baf04a1bfd2ce57 (C:\Users\Luciano Muratore\Documents\ChordSeqAI\caches\9.3.0\transforms\2d042151e0e342230baf04a1bfd2ce57)
2026-03-30T18:25:02.873+0200 [DEBUG] [org.gradle.cache.internal.DefaultFileLockManager] Releasing lock on cache directory 2d042151e0e342230baf04a1bfd2ce57 (C:\Users\Luciano Muratore\Documents\ChordSeqAI\caches\9.3.0\transforms\2d042151e0e342230baf04a1bfd2ce57).
2026-03-30T18:25:02.874+0200 [DEBUG] [org.gradle.cache.internal.LockOnDemandCrossProcessCacheAccess] Releasing file lock for cache directory 4b0a007ac780538057e33cc02cb148ed (C:\Users\Luciano Muratore\Documents\ChordSeqAI\caches\9.3.0\transforms\4b0a007ac780538057e33cc02cb148ed)
2026-03-30T18:25:02.874+0200 [DEBUG] [org.gradle.cache.internal.DefaultFileLockManager] Releasing lock on cache directory 4b0a007ac780538057e33cc02cb148ed (C:\Users\Luciano Muratore\Documents\ChordSeqAI\caches\9.3.0\transforms\4b0a007ac780538057e33cc02cb148ed).
2026-03-30T18:25:02.874+0200 [DEBUG] [org.gradle.cache.internal.LockOnDemandCrossProcessCacheAccess] Releasing file lock for cache directory 8ca608c8cea08e2ec70c201e7614da90 (C:\Users\Luciano Muratore\Documents\ChordSeqAI\caches\9.3.0\transforms\8ca608c8cea08e2ec70c201e7614da90)
2026-03-30T18:25:02.874+0200 [DEBUG] [org.gradle.cache.internal.DefaultFileLockManager] Releasing lock on cache directory 8ca608c8cea08e2ec70c201e7614da90 (C:\Users\Luciano Muratore\Documents\ChordSeqAI\caches\9.3.0\transforms\8ca608c8cea08e2ec70c201e7614da90).
2026-03-30T18:25:02.875+0200 [DEBUG] [org.gradle.cache.internal.LockOnDemandCrossProcessCacheAccess] Releasing file lock for cache directory cd304bca434c48960aacfe75ac79504c (C:\Users\Luciano Muratore\Documents\ChordSeqAI\caches\9.3.0\transforms\cd304bca434c48960aacfe75ac79504c)
2026-03-30T18:25:02.875+0200 [DEBUG] [org.gradle.cache.internal.DefaultFileLockManager] Releasing lock on cache directory cd304bca434c48960aacfe75ac79504c (C:\Users\Luciano Muratore\Documents\ChordSeqAI\caches\9.3.0\transforms\cd304bca434c48960aacfe75ac79504c).
2026-03-30T18:25:02.875+0200 [DEBUG] [org.gradle.cache.internal.LockOnDemandCrossProcessCacheAccess] Releasing file lock for cache directory ed2fb917351ac9be8427c0f3532e624c (C:\Users\Luciano Muratore\Documents\ChordSeqAI\caches\9.3.0\transforms\ed2fb917351ac9be8427c0f3532e624c)
2026-03-30T18:25:02.875+0200 [DEBUG] [org.gradle.cache.internal.DefaultFileLockManager] Releasing lock on cache directory ed2fb917351ac9be8427c0f3532e624c (C:\Users\Luciano Muratore\Documents\ChordSeqAI\caches\9.3.0\transforms\ed2fb917351ac9be8427c0f3532e624c).
2026-03-30T18:25:02.876+0200 [DEBUG] [org.gradle.cache.internal.LockOnDemandCrossProcessCacheAccess] Releasing file lock for cache directory 98fe20ddd8922c9b8b246ab621f9b849 (C:\Users\Luciano Muratore\Documents\ChordSeqAI\caches\9.3.0\transforms\98fe20ddd8922c9b8b246ab621f9b849)
2026-03-30T18:25:02.876+0200 [DEBUG] [org.gradle.cache.internal.DefaultFileLockManager] Releasing lock on cache directory 98fe20ddd8922c9b8b246ab621f9b849 (C:\Users\Luciano Muratore\Documents\ChordSeqAI\caches\9.3.0\transforms\98fe20ddd8922c9b8b246ab621f9b849).
2026-03-30T18:25:02.876+0200 [DEBUG] [org.gradle.cache.internal.LockOnDemandCrossProcessCacheAccess] Releasing file lock for cache directory 03efb320612f1c9bc7396587da0223fd (C:\Users\Luciano Muratore\Documents\ChordSeqAI\caches\9.3.0\transforms\03efb320612f1c9bc7396587da0223fd)
2026-03-30T18:25:02.876+0200 [DEBUG] [org.gradle.cache.internal.DefaultFileLockManager] Releasing lock on cache directory 03efb320612f1c9bc7396587da0223fd (C:\Users\Luciano Muratore\Documents\ChordSeqAI\caches\9.3.0\transforms\03efb320612f1c9bc7396587da0223fd).
2026-03-30T18:25:02.877+0200 [DEBUG] [org.gradle.cache.internal.LockOnDemandCrossProcessCacheAccess] Releasing file lock for cache directory e166a0f6bdfcaa56b0b72c6eaf4f554a (C:\Users\Luciano Muratore\Documents\ChordSeqAI\caches\9.3.0\transforms\e166a0f6bdfcaa56b0b72c6eaf4f554a)
2026-03-30T18:25:02.877+0200 [DEBUG] [org.gradle.cache.internal.DefaultFileLockManager] Releasing lock on cache directory e166a0f6bdfcaa56b0b72c6eaf4f554a (C:\Users\Luciano Muratore\Documents\ChordSeqAI\caches\9.3.0\transforms\e166a0f6bdfcaa56b0b72c6eaf4f554a).
2026-03-30T18:25:02.877+0200 [DEBUG] [org.gradle.cache.internal.LockOnDemandCrossProcessCacheAccess] Releasing file lock for cache directory ff3bed0708b0b24400e7c975ac11d03a (C:\Users\Luciano Muratore\Documents\ChordSeqAI\caches\9.3.0\transforms\ff3bed0708b0b24400e7c975ac11d03a)
2026-03-30T18:25:02.877+0200 [DEBUG] [org.gradle.cache.internal.DefaultFileLockManager] Releasing lock on cache directory ff3bed0708b0b24400e7c975ac11d03a (C:\Users\Luciano Muratore\Documents\ChordSeqAI\caches\9.3.0\transforms\ff3bed0708b0b24400e7c975ac11d03a).
2026-03-30T18:25:02.878+0200 [DEBUG] [org.gradle.cache.internal.LockOnDemandCrossProcessCacheAccess] Releasing file lock for cache directory f9cb48ac92af818abc2d6951e04b6647 (C:\Users\Luciano Muratore\Documents\ChordSeqAI\caches\9.3.0\transforms\f9cb48ac92af818abc2d6951e04b6647)
2026-03-30T18:25:02.878+0200 [DEBUG] [org.gradle.cache.internal.DefaultFileLockManager] Releasing lock on cache directory f9cb48ac92af818abc2d6951e04b6647 (C:\Users\Luciano Muratore\Documents\ChordSeqAI\caches\9.3.0\transforms\f9cb48ac92af818abc2d6951e04b6647).
2026-03-30T18:25:02.879+0200 [DEBUG] [org.gradle.cache.internal.LockOnDemandCrossProcessCacheAccess] Releasing file lock for cache directory 305282d8b325e7415efa52e6b4aabf98 (C:\Users\Luciano Muratore\Documents\ChordSeqAI\caches\9.3.0\transforms\305282d8b325e7415efa52e6b4aabf98)
2026-03-30T18:25:02.879+0200 [DEBUG] [org.gradle.cache.internal.DefaultFileLockManager] Releasing lock on cache directory 305282d8b325e7415efa52e6b4aabf98 (C:\Users\Luciano Muratore\Documents\ChordSeqAI\caches\9.3.0\transforms\305282d8b325e7415efa52e6b4aabf98).
2026-03-30T18:25:02.880+0200 [DEBUG] [org.gradle.cache.internal.LockOnDemandCrossProcessCacheAccess] Releasing file lock for cache directory 008c1126f7a50421bf27c068ab01a995 (C:\Users\Luciano Muratore\Documents\ChordSeqAI\caches\9.3.0\transforms\008c1126f7a50421bf27c068ab01a995)
2026-03-30T18:25:02.880+0200 [DEBUG] [org.gradle.cache.internal.DefaultFileLockManager] Releasing lock on cache directory 008c1126f7a50421bf27c068ab01a995 (C:\Users\Luciano Muratore\Documents\ChordSeqAI\caches\9.3.0\transforms\008c1126f7a50421bf27c068ab01a995).
2026-03-30T18:25:02.880+0200 [DEBUG] [org.gradle.cache.internal.LockOnDemandCrossProcessCacheAccess] Releasing file lock for cache directory 1cd017f7393ef41a02389d8395528131 (C:\Users\Luciano Muratore\Documents\ChordSeqAI\caches\9.3.0\transforms\1cd017f7393ef41a02389d8395528131)
2026-03-30T18:25:02.880+0200 [DEBUG] [org.gradle.cache.internal.DefaultFileLockManager] Releasing lock on cache directory 1cd017f7393ef41a02389d8395528131 (C:\Users\Luciano Muratore\Documents\ChordSeqAI\caches\9.3.0\transforms\1cd017f7393ef41a02389d8395528131).
2026-03-30T18:25:02.881+0200 [DEBUG] [org.gradle.cache.internal.LockOnDemandCrossProcessCacheAccess] Releasing file lock for cache directory 74ca15f309f1db6d5cc85f234a0af896 (C:\Users\Luciano Muratore\Documents\ChordSeqAI\caches\9.3.0\transforms\74ca15f309f1db6d5cc85f234a0af896)
2026-03-30T18:25:02.881+0200 [DEBUG] [org.gradle.cache.internal.DefaultFileLockManager] Releasing lock on cache directory 74ca15f309f1db6d5cc85f234a0af896 (C:\Users\Luciano Muratore\Documents\ChordSeqAI\caches\9.3.0\transforms\74ca15f309f1db6d5cc85f234a0af896).
2026-03-30T18:25:02.882+0200 [DEBUG] [org.gradle.cache.internal.LockOnDemandCrossProcessCacheAccess] Releasing file lock for cache directory 438c8625812ad516c0d6a147f6ca1c51 (C:\Users\Luciano Muratore\Documents\ChordSeqAI\caches\9.3.0\transforms\438c8625812ad516c0d6a147f6ca1c51)
2026-03-30T18:25:02.882+0200 [DEBUG] [org.gradle.cache.internal.DefaultFileLockManager] Releasing lock on cache directory 438c8625812ad516c0d6a147f6ca1c51 (C:\Users\Luciano Muratore\Documents\ChordSeqAI\caches\9.3.0\transforms\438c8625812ad516c0d6a147f6ca1c51).
2026-03-30T18:25:02.883+0200 [DEBUG] [org.gradle.cache.internal.LockOnDemandCrossProcessCacheAccess] Releasing file lock for cache directory 0be69a8ae3e86d3098c4e3575507a445 (C:\Users\Luciano Muratore\Documents\ChordSeqAI\caches\9.3.0\transforms\0be69a8ae3e86d3098c4e3575507a445)
2026-03-30T18:25:02.883+0200 [DEBUG] [org.gradle.cache.internal.DefaultFileLockManager] Releasing lock on cache directory 0be69a8ae3e86d3098c4e3575507a445 (C:\Users\Luciano Muratore\Documents\ChordSeqAI\caches\9.3.0\transforms\0be69a8ae3e86d3098c4e3575507a445).
2026-03-30T18:25:02.884+0200 [DEBUG] [org.gradle.cache.internal.LockOnDemandCrossProcessCacheAccess] Releasing file lock for cache directory 17e81f17b8bdee010de5a1169c8bb711 (C:\Users\Luciano Muratore\Documents\ChordSeqAI\caches\9.3.0\transforms\17e81f17b8bdee010de5a1169c8bb711)
2026-03-30T18:25:02.884+0200 [DEBUG] [org.gradle.cache.internal.DefaultFileLockManager] Releasing lock on cache directory 17e81f17b8bdee010de5a1169c8bb711 (C:\Users\Luciano Muratore\Documents\ChordSeqAI\caches\9.3.0\transforms\17e81f17b8bdee010de5a1169c8bb711).
2026-03-30T18:25:02.885+0200 [DEBUG] [org.gradle.cache.internal.LockOnDemandCrossProcessCacheAccess] Releasing file lock for cache directory 86caf69b199d000b54fece78e1527165 (C:\Users\Luciano Muratore\Documents\ChordSeqAI\caches\9.3.0\transforms\86caf69b199d000b54fece78e1527165)
2026-03-30T18:25:02.885+0200 [DEBUG] [org.gradle.cache.internal.DefaultFileLockManager] Releasing lock on cache directory 86caf69b199d000b54fece78e1527165 (C:\Users\Luciano Muratore\Documents\ChordSeqAI\caches\9.3.0\transforms\86caf69b199d000b54fece78e1527165).
2026-03-30T18:25:02.887+0200 [DEBUG] [org.gradle.cache.internal.LockOnDemandCrossProcessCacheAccess] Releasing file lock for cache directory e435a65803a818a2e6fd073186733fa7 (C:\Users\Luciano Muratore\Documents\ChordSeqAI\caches\9.3.0\transforms\e435a65803a818a2e6fd073186733fa7)
2026-03-30T18:25:02.887+0200 [DEBUG] [org.gradle.cache.internal.DefaultFileLockManager] Releasing lock on cache directory e435a65803a818a2e6fd073186733fa7 (C:\Users\Luciano Muratore\Documents\ChordSeqAI\caches\9.3.0\transforms\e435a65803a818a2e6fd073186733fa7).
2026-03-30T18:25:02.888+0200 [DEBUG] [org.gradle.cache.internal.LockOnDemandCrossProcessCacheAccess] Releasing file lock for cache directory e7c69778dd22253a154d29ab473a828b (C:\Users\Luciano Muratore\Documents\ChordSeqAI\caches\9.3.0\transforms\e7c69778dd22253a154d29ab473a828b)
2026-03-30T18:25:02.888+0200 [DEBUG] [org.gradle.cache.internal.DefaultFileLockManager] Releasing lock on cache directory e7c69778dd22253a154d29ab473a828b (C:\Users\Luciano Muratore\Documents\ChordSeqAI\caches\9.3.0\transforms\e7c69778dd22253a154d29ab473a828b).
2026-03-30T18:25:02.889+0200 [DEBUG] [org.gradle.cache.internal.LockOnDemandCrossProcessCacheAccess] Releasing file lock for cache directory d908a2e2b8ecf126a755b3102943bc3c (C:\Users\Luciano Muratore\Documents\ChordSeqAI\caches\9.3.0\transforms\d908a2e2b8ecf126a755b3102943bc3c)
2026-03-30T18:25:02.889+0200 [DEBUG] [org.gradle.cache.internal.DefaultFileLockManager] Releasing lock on cache directory d908a2e2b8ecf126a755b3102943bc3c (C:\Users\Luciano Muratore\Documents\ChordSeqAI\caches\9.3.0\transforms\d908a2e2b8ecf126a755b3102943bc3c).
2026-03-30T18:25:02.889+0200 [DEBUG] [org.gradle.cache.internal.LockOnDemandCrossProcessCacheAccess] Releasing file lock for cache directory eaa09bfb1bf5f93561f18b1db8a3e98f (C:\Users\Luciano Muratore\Documents\ChordSeqAI\caches\9.3.0\transforms\eaa09bfb1bf5f93561f18b1db8a3e98f)
2026-03-30T18:25:02.889+0200 [DEBUG] [org.gradle.cache.internal.DefaultFileLockManager] Releasing lock on cache directory eaa09bfb1bf5f93561f18b1db8a3e98f (C:\Users\Luciano Muratore\Documents\ChordSeqAI\caches\9.3.0\transforms\eaa09bfb1bf5f93561f18b1db8a3e98f).
2026-03-30T18:25:02.890+0200 [DEBUG] [org.gradle.cache.internal.LockOnDemandCrossProcessCacheAccess] Releasing file lock for cache directory a603cdaa44f58583646f0ab9ea6e907c (C:\Users\Luciano Muratore\Documents\ChordSeqAI\caches\9.3.0\transforms\a603cdaa44f58583646f0ab9ea6e907c)
2026-03-30T18:25:02.890+0200 [DEBUG] [org.gradle.cache.internal.DefaultFileLockManager] Releasing lock on cache directory a603cdaa44f58583646f0ab9ea6e907c (C:\Users\Luciano Muratore\Documents\ChordSeqAI\caches\9.3.0\transforms\a603cdaa44f58583646f0ab9ea6e907c).
2026-03-30T18:25:02.890+0200 [DEBUG] [org.gradle.cache.internal.LockOnDemandCrossProcessCacheAccess] Releasing file lock for cache directory 54d6f89186919132e05cb1373142115a (C:\Users\Luciano Muratore\Documents\ChordSeqAI\caches\9.3.0\transforms\54d6f89186919132e05cb1373142115a)
2026-03-30T18:25:02.890+0200 [DEBUG] [org.gradle.cache.internal.DefaultFileLockManager] Releasing lock on cache directory 54d6f89186919132e05cb1373142115a (C:\Users\Luciano Muratore\Documents\ChordSeqAI\caches\9.3.0\transforms\54d6f89186919132e05cb1373142115a).
2026-03-30T18:25:02.891+0200 [DEBUG] [org.gradle.cache.internal.LockOnDemandCrossProcessCacheAccess] Releasing file lock for cache directory 0cd6292ee82834794af0c0cfa6bcaded (C:\Users\Luciano Muratore\Documents\ChordSeqAI\caches\9.3.0\transforms\0cd6292ee82834794af0c0cfa6bcaded)
2026-03-30T18:25:02.891+0200 [DEBUG] [org.gradle.cache.internal.DefaultFileLockManager] Releasing lock on cache directory 0cd6292ee82834794af0c0cfa6bcaded (C:\Users\Luciano Muratore\Documents\ChordSeqAI\caches\9.3.0\transforms\0cd6292ee82834794af0c0cfa6bcaded).
2026-03-30T18:25:02.891+0200 [DEBUG] [org.gradle.cache.internal.LockOnDemandCrossProcessCacheAccess] Releasing file lock for cache directory 89a3a373aee678af11eb2ef57b5613ae (C:\Users\Luciano Muratore\Documents\ChordSeqAI\caches\9.3.0\transforms\89a3a373aee678af11eb2ef57b5613ae)
2026-03-30T18:25:02.892+0200 [DEBUG] [org.gradle.cache.internal.DefaultFileLockManager] Releasing lock on cache directory 89a3a373aee678af11eb2ef57b5613ae (C:\Users\Luciano Muratore\Documents\ChordSeqAI\caches\9.3.0\transforms\89a3a373aee678af11eb2ef57b5613ae).
2026-03-30T18:25:02.893+0200 [DEBUG] [org.gradle.cache.internal.LockOnDemandCrossProcessCacheAccess] Releasing file lock for cache directory 07cfcc86a9e76cbf4c5447410eb1d664 (C:\Users\Luciano Muratore\Documents\ChordSeqAI\caches\9.3.0\transforms\07cfcc86a9e76cbf4c5447410eb1d664)
2026-03-30T18:25:02.893+0200 [DEBUG] [org.gradle.cache.internal.DefaultFileLockManager] Releasing lock on cache directory 07cfcc86a9e76cbf4c5447410eb1d664 (C:\Users\Luciano Muratore\Documents\ChordSeqAI\caches\9.3.0\transforms\07cfcc86a9e76cbf4c5447410eb1d664).
2026-03-30T18:25:02.893+0200 [DEBUG] [org.gradle.cache.internal.LockOnDemandCrossProcessCacheAccess] Releasing file lock for cache directory 09f73422c332648245ec4586d2efa88a (C:\Users\Luciano Muratore\Documents\ChordSeqAI\caches\9.3.0\transforms\09f73422c332648245ec4586d2efa88a)
2026-03-30T18:25:02.894+0200 [DEBUG] [org.gradle.cache.internal.DefaultFileLockManager] Releasing lock on cache directory 09f73422c332648245ec4586d2efa88a (C:\Users\Luciano Muratore\Documents\ChordSeqAI\caches\9.3.0\transforms\09f73422c332648245ec4586d2efa88a).
2026-03-30T18:25:02.895+0200 [DEBUG] [org.gradle.cache.internal.LockOnDemandCrossProcessCacheAccess] Releasing file lock for cache directory 0fdb3ffa2bd1c3a88cb195c897a1178f (C:\Users\Luciano Muratore\Documents\ChordSeqAI\caches\9.3.0\transforms\0fdb3ffa2bd1c3a88cb195c897a1178f)
2026-03-30T18:25:02.895+0200 [DEBUG] [org.gradle.cache.internal.DefaultFileLockManager] Releasing lock on cache directory 0fdb3ffa2bd1c3a88cb195c897a1178f (C:\Users\Luciano Muratore\Documents\ChordSeqAI\caches\9.3.0\transforms\0fdb3ffa2bd1c3a88cb195c897a1178f).
2026-03-30T18:25:02.896+0200 [DEBUG] [org.gradle.cache.internal.LockOnDemandCrossProcessCacheAccess] Releasing file lock for cache directory 8cd1a7458f0778e9f254f225600bfb56 (C:\Users\Luciano Muratore\Documents\ChordSeqAI\caches\9.3.0\transforms\8cd1a7458f0778e9f254f225600bfb56)
2026-03-30T18:25:02.896+0200 [DEBUG] [org.gradle.cache.internal.DefaultFileLockManager] Releasing lock on cache directory 8cd1a7458f0778e9f254f225600bfb56 (C:\Users\Luciano Muratore\Documents\ChordSeqAI\caches\9.3.0\transforms\8cd1a7458f0778e9f254f225600bfb56).
2026-03-30T18:25:02.897+0200 [DEBUG] [org.gradle.cache.internal.LockOnDemandCrossProcessCacheAccess] Releasing file lock for cache directory d8ead1a808d86dbc277d5f9a0b207367 (C:\Users\Luciano Muratore\Documents\ChordSeqAI\caches\9.3.0\transforms\d8ead1a808d86dbc277d5f9a0b207367)
2026-03-30T18:25:02.897+0200 [DEBUG] [org.gradle.cache.internal.DefaultFileLockManager] Releasing lock on cache directory d8ead1a808d86dbc277d5f9a0b207367 (C:\Users\Luciano Muratore\Documents\ChordSeqAI\caches\9.3.0\transforms\d8ead1a808d86dbc277d5f9a0b207367).
2026-03-30T18:25:02.898+0200 [DEBUG] [org.gradle.cache.internal.LockOnDemandCrossProcessCacheAccess] Releasing file lock for cache directory 5ab87d12278b8001c3b7b3c6ee92ee60 (C:\Users\Luciano Muratore\Documents\ChordSeqAI\caches\9.3.0\transforms\5ab87d12278b8001c3b7b3c6ee92ee60)
2026-03-30T18:25:02.898+0200 [DEBUG] [org.gradle.cache.internal.DefaultFileLockManager] Releasing lock on cache directory 5ab87d12278b8001c3b7b3c6ee92ee60 (C:\Users\Luciano Muratore\Documents\ChordSeqAI\caches\9.3.0\transforms\5ab87d12278b8001c3b7b3c6ee92ee60).
2026-03-30T18:25:02.899+0200 [DEBUG] [org.gradle.cache.internal.LockOnDemandCrossProcessCacheAccess] Releasing file lock for cache directory a74220ffba99872719054c06a276d095 (C:\Users\Luciano Muratore\Documents\ChordSeqAI\caches\9.3.0\transforms\a74220ffba99872719054c06a276d095)
2026-03-30T18:25:02.900+0200 [DEBUG] [org.gradle.cache.internal.DefaultFileLockManager] Releasing lock on cache directory a74220ffba99872719054c06a276d095 (C:\Users\Luciano Muratore\Documents\ChordSeqAI\caches\9.3.0\transforms\a74220ffba99872719054c06a276d095).
2026-03-30T18:25:02.900+0200 [DEBUG] [org.gradle.cache.internal.LockOnDemandCrossProcessCacheAccess] Releasing file lock for cache directory 47bf67a22db68fe013ce4ae1fabfe287 (C:\Users\Luciano Muratore\Documents\ChordSeqAI\caches\9.3.0\transforms\47bf67a22db68fe013ce4ae1fabfe287)
2026-03-30T18:25:02.900+0200 [DEBUG] [org.gradle.cache.internal.DefaultFileLockManager] Releasing lock on cache directory 47bf67a22db68fe013ce4ae1fabfe287 (C:\Users\Luciano Muratore\Documents\ChordSeqAI\caches\9.3.0\transforms\47bf67a22db68fe013ce4ae1fabfe287).
2026-03-30T18:25:02.901+0200 [DEBUG] [org.gradle.cache.internal.LockOnDemandCrossProcessCacheAccess] Releasing file lock for cache directory e045c0132a6f7e6c3bb8fbfe2e642a6a (C:\Users\Luciano Muratore\Documents\ChordSeqAI\caches\9.3.0\transforms\e045c0132a6f7e6c3bb8fbfe2e642a6a)
2026-03-30T18:25:02.901+0200 [DEBUG] [org.gradle.cache.internal.DefaultFileLockManager] Releasing lock on cache directory e045c0132a6f7e6c3bb8fbfe2e642a6a (C:\Users\Luciano Muratore\Documents\ChordSeqAI\caches\9.3.0\transforms\e045c0132a6f7e6c3bb8fbfe2e642a6a).
2026-03-30T18:25:02.903+0200 [DEBUG] [org.gradle.cache.internal.LockOnDemandCrossProcessCacheAccess] Releasing file lock for cache directory d381e6c29146150533b01dd16877ae9e (C:\Users\Luciano Muratore\Documents\ChordSeqAI\caches\9.3.0\transforms\d381e6c29146150533b01dd16877ae9e)
2026-03-30T18:25:02.903+0200 [DEBUG] [org.gradle.cache.internal.DefaultFileLockManager] Releasing lock on cache directory d381e6c29146150533b01dd16877ae9e (C:\Users\Luciano Muratore\Documents\ChordSeqAI\caches\9.3.0\transforms\d381e6c29146150533b01dd16877ae9e).
2026-03-30T18:25:02.903+0200 [DEBUG] [org.gradle.cache.internal.LockOnDemandCrossProcessCacheAccess] Releasing file lock for cache directory f7f8ea6d88b547d257d21b85a73e383c (C:\Users\Luciano Muratore\Documents\ChordSeqAI\caches\9.3.0\transforms\f7f8ea6d88b547d257d21b85a73e383c)
2026-03-30T18:25:02.903+0200 [DEBUG] [org.gradle.cache.internal.DefaultFileLockManager] Releasing lock on cache directory f7f8ea6d88b547d257d21b85a73e383c (C:\Users\Luciano Muratore\Documents\ChordSeqAI\caches\9.3.0\transforms\f7f8ea6d88b547d257d21b85a73e383c).
2026-03-30T18:25:02.904+0200 [DEBUG] [org.gradle.cache.internal.LockOnDemandCrossProcessCacheAccess] Releasing file lock for cache directory ca2b7241ae9055bcf64d66b3c355cf78 (C:\Users\Luciano Muratore\Documents\ChordSeqAI\caches\9.3.0\transforms\ca2b7241ae9055bcf64d66b3c355cf78)
2026-03-30T18:25:02.905+0200 [DEBUG] [org.gradle.cache.internal.DefaultFileLockManager] Releasing lock on cache directory ca2b7241ae9055bcf64d66b3c355cf78 (C:\Users\Luciano Muratore\Documents\ChordSeqAI\caches\9.3.0\transforms\ca2b7241ae9055bcf64d66b3c355cf78).
2026-03-30T18:25:02.908+0200 [DEBUG] [org.gradle.cache.internal.LockOnDemandCrossProcessCacheAccess] Releasing file lock for cache directory 3f24715e76d19fa286b2c414411f56f2 (C:\Users\Luciano Muratore\Documents\ChordSeqAI\caches\9.3.0\transforms\3f24715e76d19fa286b2c414411f56f2)
2026-03-30T18:25:02.908+0200 [DEBUG] [org.gradle.cache.internal.DefaultFileLockManager] Releasing lock on cache directory 3f24715e76d19fa286b2c414411f56f2 (C:\Users\Luciano Muratore\Documents\ChordSeqAI\caches\9.3.0\transforms\3f24715e76d19fa286b2c414411f56f2).
2026-03-30T18:25:02.909+0200 [DEBUG] [org.gradle.cache.internal.LockOnDemandCrossProcessCacheAccess] Releasing file lock for cache directory a1605392d2424f21157083a6ec21e10c (C:\Users\Luciano Muratore\Documents\ChordSeqAI\caches\9.3.0\transforms\a1605392d2424f21157083a6ec21e10c)
2026-03-30T18:25:02.909+0200 [DEBUG] [org.gradle.cache.internal.DefaultFileLockManager] Releasing lock on cache directory a1605392d2424f21157083a6ec21e10c (C:\Users\Luciano Muratore\Documents\ChordSeqAI\caches\9.3.0\transforms\a1605392d2424f21157083a6ec21e10c).
2026-03-30T18:25:02.910+0200 [DEBUG] [org.gradle.cache.internal.LockOnDemandCrossProcessCacheAccess] Releasing file lock for cache directory 4fbc19ad853341fbf7967eb8cc75ace2 (C:\Users\Luciano Muratore\Documents\ChordSeqAI\caches\9.3.0\transforms\4fbc19ad853341fbf7967eb8cc75ace2)
2026-03-30T18:25:02.910+0200 [DEBUG] [org.gradle.cache.internal.DefaultFileLockManager] Releasing lock on cache directory 4fbc19ad853341fbf7967eb8cc75ace2 (C:\Users\Luciano Muratore\Documents\ChordSeqAI\caches\9.3.0\transforms\4fbc19ad853341fbf7967eb8cc75ace2).
2026-03-30T18:25:02.911+0200 [DEBUG] [org.gradle.cache.internal.LockOnDemandCrossProcessCacheAccess] Releasing file lock for cache directory b1b7cd8cfd7bf24544cbe16c3cd1afdd (C:\Users\Luciano Muratore\Documents\ChordSeqAI\caches\9.3.0\transforms\b1b7cd8cfd7bf24544cbe16c3cd1afdd)
2026-03-30T18:25:02.912+0200 [DEBUG] [org.gradle.cache.internal.DefaultFileLockManager] Releasing lock on cache directory b1b7cd8cfd7bf24544cbe16c3cd1afdd (C:\Users\Luciano Muratore\Documents\ChordSeqAI\caches\9.3.0\transforms\b1b7cd8cfd7bf24544cbe16c3cd1afdd).
2026-03-30T18:25:02.912+0200 [DEBUG] [org.gradle.cache.internal.LockOnDemandCrossProcessCacheAccess] Releasing file lock for cache directory 7c377911fcfc3db56f6ae694de9b9e4a (C:\Users\Luciano Muratore\Documents\ChordSeqAI\caches\9.3.0\transforms\7c377911fcfc3db56f6ae694de9b9e4a)
2026-03-30T18:25:02.912+0200 [DEBUG] [org.gradle.cache.internal.DefaultFileLockManager] Releasing lock on cache directory 7c377911fcfc3db56f6ae694de9b9e4a (C:\Users\Luciano Muratore\Documents\ChordSeqAI\caches\9.3.0\transforms\7c377911fcfc3db56f6ae694de9b9e4a).
2026-03-30T18:25:02.914+0200 [DEBUG] [org.gradle.cache.internal.LockOnDemandCrossProcessCacheAccess] Releasing file lock for cache directory 4c8d47f9e7fba35c399ae2cde3625fb5 (C:\Users\Luciano Muratore\Documents\ChordSeqAI\caches\9.3.0\transforms\4c8d47f9e7fba35c399ae2cde3625fb5)
2026-03-30T18:25:02.914+0200 [DEBUG] [org.gradle.cache.internal.DefaultFileLockManager] Releasing lock on cache directory 4c8d47f9e7fba35c399ae2cde3625fb5 (C:\Users\Luciano Muratore\Documents\ChordSeqAI\caches\9.3.0\transforms\4c8d47f9e7fba35c399ae2cde3625fb5).
2026-03-30T18:25:02.915+0200 [DEBUG] [org.gradle.cache.internal.LockOnDemandCrossProcessCacheAccess] Releasing file lock for cache directory bb341032a3c7cb2381b6967f4c9123b0 (C:\Users\Luciano Muratore\Documents\ChordSeqAI\caches\9.3.0\transforms\bb341032a3c7cb2381b6967f4c9123b0)
2026-03-30T18:25:02.915+0200 [DEBUG] [org.gradle.cache.internal.DefaultFileLockManager] Releasing lock on cache directory bb341032a3c7cb2381b6967f4c9123b0 (C:\Users\Luciano Muratore\Documents\ChordSeqAI\caches\9.3.0\transforms\bb341032a3c7cb2381b6967f4c9123b0).
2026-03-30T18:25:02.916+0200 [DEBUG] [org.gradle.cache.internal.LockOnDemandCrossProcessCacheAccess] Releasing file lock for cache directory ccaa9cc956e78f191e5e3a427c169f0a (C:\Users\Luciano Muratore\Documents\ChordSeqAI\caches\9.3.0\transforms\ccaa9cc956e78f191e5e3a427c169f0a)
2026-03-30T18:25:02.916+0200 [DEBUG] [org.gradle.cache.internal.DefaultFileLockManager] Releasing lock on cache directory ccaa9cc956e78f191e5e3a427c169f0a (C:\Users\Luciano Muratore\Documents\ChordSeqAI\caches\9.3.0\transforms\ccaa9cc956e78f191e5e3a427c169f0a).
2026-03-30T18:25:02.916+0200 [DEBUG] [org.gradle.cache.internal.LockOnDemandCrossProcessCacheAccess] Releasing file lock for cache directory dc93dfdeb9fd9d08f952b41388011c97 (C:\Users\Luciano Muratore\Documents\ChordSeqAI\caches\9.3.0\transforms\dc93dfdeb9fd9d08f952b41388011c97)
2026-03-30T18:25:02.916+0200 [DEBUG] [org.gradle.cache.internal.DefaultFileLockManager] Releasing lock on cache directory dc93dfdeb9fd9d08f952b41388011c97 (C:\Users\Luciano Muratore\Documents\ChordSeqAI\caches\9.3.0\transforms\dc93dfdeb9fd9d08f952b41388011c97).
2026-03-30T18:25:02.917+0200 [DEBUG] [org.gradle.cache.internal.LockOnDemandCrossProcessCacheAccess] Releasing file lock for cache directory 9d88e156eb99b81124a7a1cc314ad574 (C:\Users\Luciano Muratore\Documents\ChordSeqAI\caches\9.3.0\transforms\9d88e156eb99b81124a7a1cc314ad574)
2026-03-30T18:25:02.917+0200 [DEBUG] [org.gradle.cache.internal.DefaultFileLockManager] Releasing lock on cache directory 9d88e156eb99b81124a7a1cc314ad574 (C:\Users\Luciano Muratore\Documents\ChordSeqAI\caches\9.3.0\transforms\9d88e156eb99b81124a7a1cc314ad574).
2026-03-30T18:25:02.918+0200 [DEBUG] [org.gradle.cache.internal.LockOnDemandCrossProcessCacheAccess] Releasing file lock for cache directory 92e2263d6de861b9364808caa602df67 (C:\Users\Luciano Muratore\Documents\ChordSeqAI\caches\9.3.0\transforms\92e2263d6de861b9364808caa602df67)
2026-03-30T18:25:02.918+0200 [DEBUG] [org.gradle.cache.internal.DefaultFileLockManager] Releasing lock on cache directory 92e2263d6de861b9364808caa602df67 (C:\Users\Luciano Muratore\Documents\ChordSeqAI\caches\9.3.0\transforms\92e2263d6de861b9364808caa602df67).
2026-03-30T18:25:02.920+0200 [DEBUG] [org.gradle.cache.internal.LockOnDemandCrossProcessCacheAccess] Releasing file lock for cache directory 21c735af5c815b497b65548437ed5544 (C:\Users\Luciano Muratore\Documents\ChordSeqAI\caches\9.3.0\transforms\21c735af5c815b497b65548437ed5544)
2026-03-30T18:25:02.920+0200 [DEBUG] [org.gradle.cache.internal.DefaultFileLockManager] Releasing lock on cache directory 21c735af5c815b497b65548437ed5544 (C:\Users\Luciano Muratore\Documents\ChordSeqAI\caches\9.3.0\transforms\21c735af5c815b497b65548437ed5544).
2026-03-30T18:25:02.921+0200 [DEBUG] [org.gradle.cache.internal.LockOnDemandCrossProcessCacheAccess] Releasing file lock for cache directory d4aa17ce0e462c0e66e0eb9545c6b920 (C:\Users\Luciano Muratore\Documents\ChordSeqAI\caches\9.3.0\transforms\d4aa17ce0e462c0e66e0eb9545c6b920)
2026-03-30T18:25:02.921+0200 [DEBUG] [org.gradle.cache.internal.DefaultFileLockManager] Releasing lock on cache directory d4aa17ce0e462c0e66e0eb9545c6b920 (C:\Users\Luciano Muratore\Documents\ChordSeqAI\caches\9.3.0\transforms\d4aa17ce0e462c0e66e0eb9545c6b920).
2026-03-30T18:25:02.922+0200 [DEBUG] [org.gradle.cache.internal.LockOnDemandCrossProcessCacheAccess] Releasing file lock for cache directory eb7742a38083f44b4f0aa4250945c0df (C:\Users\Luciano Muratore\Documents\ChordSeqAI\caches\9.3.0\transforms\eb7742a38083f44b4f0aa4250945c0df)
2026-03-30T18:25:02.922+0200 [DEBUG] [org.gradle.cache.internal.DefaultFileLockManager] Releasing lock on cache directory eb7742a38083f44b4f0aa4250945c0df (C:\Users\Luciano Muratore\Documents\ChordSeqAI\caches\9.3.0\transforms\eb7742a38083f44b4f0aa4250945c0df).
2026-03-30T18:25:02.922+0200 [DEBUG] [org.gradle.cache.internal.LockOnDemandCrossProcessCacheAccess] Releasing file lock for cache directory b207639c876ac1defe378fc40afd2276 (C:\Users\Luciano Muratore\Documents\ChordSeqAI\caches\9.3.0\transforms\b207639c876ac1defe378fc40afd2276)
2026-03-30T18:25:02.922+0200 [DEBUG] [org.gradle.cache.internal.DefaultFileLockManager] Releasing lock on cache directory b207639c876ac1defe378fc40afd2276 (C:\Users\Luciano Muratore\Documents\ChordSeqAI\caches\9.3.0\transforms\b207639c876ac1defe378fc40afd2276).
2026-03-30T18:25:02.923+0200 [DEBUG] [org.gradle.cache.internal.LockOnDemandCrossProcessCacheAccess] Releasing file lock for cache directory 23412313f493e2a050a335c6a66f06aa (C:\Users\Luciano Muratore\Documents\ChordSeqAI\caches\9.3.0\transforms\23412313f493e2a050a335c6a66f06aa)
2026-03-30T18:25:02.923+0200 [DEBUG] [org.gradle.cache.internal.DefaultFileLockManager] Releasing lock on cache directory 23412313f493e2a050a335c6a66f06aa (C:\Users\Luciano Muratore\Documents\ChordSeqAI\caches\9.3.0\transforms\23412313f493e2a050a335c6a66f06aa).
2026-03-30T18:25:02.923+0200 [DEBUG] [org.gradle.cache.internal.LockOnDemandCrossProcessCacheAccess] Releasing file lock for cache directory 61fceb86fd66f39608569ac327423888 (C:\Users\Luciano Muratore\Documents\ChordSeqAI\caches\9.3.0\transforms\61fceb86fd66f39608569ac327423888)
2026-03-30T18:25:02.924+0200 [DEBUG] [org.gradle.cache.internal.DefaultFileLockManager] Releasing lock on cache directory 61fceb86fd66f39608569ac327423888 (C:\Users\Luciano Muratore\Documents\ChordSeqAI\caches\9.3.0\transforms\61fceb86fd66f39608569ac327423888).
2026-03-30T18:25:02.924+0200 [DEBUG] [org.gradle.cache.internal.LockOnDemandCrossProcessCacheAccess] Releasing file lock for cache directory 3ce02bb2dec0729f1dab9b5fc7cb61fe (C:\Users\Luciano Muratore\Documents\ChordSeqAI\caches\9.3.0\transforms\3ce02bb2dec0729f1dab9b5fc7cb61fe)
2026-03-30T18:25:02.924+0200 [DEBUG] [org.gradle.cache.internal.DefaultFileLockManager] Releasing lock on cache directory 3ce02bb2dec0729f1dab9b5fc7cb61fe (C:\Users\Luciano Muratore\Documents\ChordSeqAI\caches\9.3.0\transforms\3ce02bb2dec0729f1dab9b5fc7cb61fe).
2026-03-30T18:25:02.924+0200 [DEBUG] [org.gradle.cache.internal.LockOnDemandCrossProcessCacheAccess] Releasing file lock for cache directory fc3591cb64b7300651a210a10a676574 (C:\Users\Luciano Muratore\Documents\ChordSeqAI\caches\9.3.0\transforms\fc3591cb64b7300651a210a10a676574)
2026-03-30T18:25:02.924+0200 [DEBUG] [org.gradle.cache.internal.DefaultFileLockManager] Releasing lock on cache directory fc3591cb64b7300651a210a10a676574 (C:\Users\Luciano Muratore\Documents\ChordSeqAI\caches\9.3.0\transforms\fc3591cb64b7300651a210a10a676574).
2026-03-30T18:25:02.925+0200 [DEBUG] [org.gradle.cache.internal.LockOnDemandCrossProcessCacheAccess] Releasing file lock for cache directory 5a0be83127fdb07f2ef2f5db3300cb98 (C:\Users\Luciano Muratore\Documents\ChordSeqAI\caches\9.3.0\transforms\5a0be83127fdb07f2ef2f5db3300cb98)
2026-03-30T18:25:02.925+0200 [DEBUG] [org.gradle.cache.internal.DefaultFileLockManager] Releasing lock on cache directory 5a0be83127fdb07f2ef2f5db3300cb98 (C:\Users\Luciano Muratore\Documents\ChordSeqAI\caches\9.3.0\transforms\5a0be83127fdb07f2ef2f5db3300cb98).
2026-03-30T18:25:02.925+0200 [DEBUG] [org.gradle.cache.internal.LockOnDemandCrossProcessCacheAccess] Releasing file lock for cache directory 8483556f4bd97d0aad044908706ea889 (C:\Users\Luciano Muratore\Documents\ChordSeqAI\caches\9.3.0\transforms\8483556f4bd97d0aad044908706ea889)
2026-03-30T18:25:02.925+0200 [DEBUG] [org.gradle.cache.internal.DefaultFileLockManager] Releasing lock on cache directory 8483556f4bd97d0aad044908706ea889 (C:\Users\Luciano Muratore\Documents\ChordSeqAI\caches\9.3.0\transforms\8483556f4bd97d0aad044908706ea889).
2026-03-30T18:25:02.926+0200 [DEBUG] [org.gradle.cache.internal.LockOnDemandCrossProcessCacheAccess] Releasing file lock for cache directory 3af7e5a8fa7a9c34afec82522c081ee7 (C:\Users\Luciano Muratore\Documents\ChordSeqAI\caches\9.3.0\transforms\3af7e5a8fa7a9c34afec82522c081ee7)
2026-03-30T18:25:02.926+0200 [DEBUG] [org.gradle.cache.internal.DefaultFileLockManager] Releasing lock on cache directory 3af7e5a8fa7a9c34afec82522c081ee7 (C:\Users\Luciano Muratore\Documents\ChordSeqAI\caches\9.3.0\transforms\3af7e5a8fa7a9c34afec82522c081ee7).
2026-03-30T18:25:02.926+0200 [DEBUG] [org.gradle.cache.internal.LockOnDemandCrossProcessCacheAccess] Releasing file lock for cache directory 0a8600acdd5a87233b595bab93a0c37b (C:\Users\Luciano Muratore\Documents\ChordSeqAI\caches\9.3.0\transforms\0a8600acdd5a87233b595bab93a0c37b)
2026-03-30T18:25:02.926+0200 [DEBUG] [org.gradle.cache.internal.DefaultFileLockManager] Releasing lock on cache directory 0a8600acdd5a87233b595bab93a0c37b (C:\Users\Luciano Muratore\Documents\ChordSeqAI\caches\9.3.0\transforms\0a8600acdd5a87233b595bab93a0c37b).
2026-03-30T18:25:02.927+0200 [DEBUG] [org.gradle.cache.internal.LockOnDemandCrossProcessCacheAccess] Releasing file lock for cache directory fb5b8502812b355ba8db11bb803d41f3 (C:\Users\Luciano Muratore\Documents\ChordSeqAI\caches\9.3.0\transforms\fb5b8502812b355ba8db11bb803d41f3)
2026-03-30T18:25:02.927+0200 [DEBUG] [org.gradle.cache.internal.DefaultFileLockManager] Releasing lock on cache directory fb5b8502812b355ba8db11bb803d41f3 (C:\Users\Luciano Muratore\Documents\ChordSeqAI\caches\9.3.0\transforms\fb5b8502812b355ba8db11bb803d41f3).
2026-03-30T18:25:02.928+0200 [DEBUG] [org.gradle.cache.internal.LockOnDemandCrossProcessCacheAccess] Releasing file lock for cache directory f4eb25a1eb16a01dd726ec6681a7787e (C:\Users\Luciano Muratore\Documents\ChordSeqAI\caches\9.3.0\transforms\f4eb25a1eb16a01dd726ec6681a7787e)
2026-03-30T18:25:02.928+0200 [DEBUG] [org.gradle.cache.internal.DefaultFileLockManager] Releasing lock on cache directory f4eb25a1eb16a01dd726ec6681a7787e (C:\Users\Luciano Muratore\Documents\ChordSeqAI\caches\9.3.0\transforms\f4eb25a1eb16a01dd726ec6681a7787e).
2026-03-30T18:25:02.928+0200 [DEBUG] [org.gradle.cache.internal.LockOnDemandCrossProcessCacheAccess] Releasing file lock for cache directory f2abb49638bb04d14d363bbb83e46087 (C:\Users\Luciano Muratore\Documents\ChordSeqAI\caches\9.3.0\transforms\f2abb49638bb04d14d363bbb83e46087)
2026-03-30T18:25:02.928+0200 [DEBUG] [org.gradle.cache.internal.DefaultFileLockManager] Releasing lock on cache directory f2abb49638bb04d14d363bbb83e46087 (C:\Users\Luciano Muratore\Documents\ChordSeqAI\caches\9.3.0\transforms\f2abb49638bb04d14d363bbb83e46087).
2026-03-30T18:25:02.929+0200 [DEBUG] [org.gradle.cache.internal.LockOnDemandCrossProcessCacheAccess] Releasing file lock for cache directory ce32c2654c3593f3c45c13216aa67646 (C:\Users\Luciano Muratore\Documents\ChordSeqAI\caches\9.3.0\transforms\ce32c2654c3593f3c45c13216aa67646)
2026-03-30T18:25:02.929+0200 [DEBUG] [org.gradle.cache.internal.DefaultFileLockManager] Releasing lock on cache directory ce32c2654c3593f3c45c13216aa67646 (C:\Users\Luciano Muratore\Documents\ChordSeqAI\caches\9.3.0\transforms\ce32c2654c3593f3c45c13216aa67646).
2026-03-30T18:25:02.930+0200 [DEBUG] [org.gradle.cache.internal.LockOnDemandCrossProcessCacheAccess] Releasing file lock for cache directory f69f243319aff694b47c40b228d2b272 (C:\Users\Luciano Muratore\Documents\ChordSeqAI\caches\9.3.0\transforms\f69f243319aff694b47c40b228d2b272)
2026-03-30T18:25:02.930+0200 [DEBUG] [org.gradle.cache.internal.DefaultFileLockManager] Releasing lock on cache directory f69f243319aff694b47c40b228d2b272 (C:\Users\Luciano Muratore\Documents\ChordSeqAI\caches\9.3.0\transforms\f69f243319aff694b47c40b228d2b272).
2026-03-30T18:25:02.930+0200 [DEBUG] [org.gradle.cache.internal.LockOnDemandCrossProcessCacheAccess] Releasing file lock for cache directory cef0d6c6ad0541830b9fed00f8a20bd1 (C:\Users\Luciano Muratore\Documents\ChordSeqAI\caches\9.3.0\transforms\cef0d6c6ad0541830b9fed00f8a20bd1)
2026-03-30T18:25:02.931+0200 [DEBUG] [org.gradle.cache.internal.DefaultFileLockManager] Releasing lock on cache directory cef0d6c6ad0541830b9fed00f8a20bd1 (C:\Users\Luciano Muratore\Documents\ChordSeqAI\caches\9.3.0\transforms\cef0d6c6ad0541830b9fed00f8a20bd1).
2026-03-30T18:25:02.931+0200 [DEBUG] [org.gradle.cache.internal.LockOnDemandCrossProcessCacheAccess] Releasing file lock for cache directory c9440a9c633c7ea5de1735dc35962add (C:\Users\Luciano Muratore\Documents\ChordSeqAI\caches\9.3.0\transforms\c9440a9c633c7ea5de1735dc35962add)
2026-03-30T18:25:02.931+0200 [DEBUG] [org.gradle.cache.internal.DefaultFileLockManager] Releasing lock on cache directory c9440a9c633c7ea5de1735dc35962add (C:\Users\Luciano Muratore\Documents\ChordSeqAI\caches\9.3.0\transforms\c9440a9c633c7ea5de1735dc35962add).
2026-03-30T18:25:02.932+0200 [DEBUG] [org.gradle.cache.internal.LockOnDemandCrossProcessCacheAccess] Releasing file lock for cache directory a6b6a8506a2f77c0999a95e3ef2c4041 (C:\Users\Luciano Muratore\Documents\ChordSeqAI\caches\9.3.0\transforms\a6b6a8506a2f77c0999a95e3ef2c4041)
2026-03-30T18:25:02.932+0200 [DEBUG] [org.gradle.cache.internal.DefaultFileLockManager] Releasing lock on cache directory a6b6a8506a2f77c0999a95e3ef2c4041 (C:\Users\Luciano Muratore\Documents\ChordSeqAI\caches\9.3.0\transforms\a6b6a8506a2f77c0999a95e3ef2c4041).
2026-03-30T18:25:02.933+0200 [DEBUG] [org.gradle.cache.internal.LockOnDemandCrossProcessCacheAccess] Releasing file lock for cache directory a89bc528f47ea85c8706493d675b6ac2 (C:\Users\Luciano Muratore\Documents\ChordSeqAI\caches\9.3.0\transforms\a89bc528f47ea85c8706493d675b6ac2)
2026-03-30T18:25:02.933+0200 [DEBUG] [org.gradle.cache.internal.DefaultFileLockManager] Releasing lock on cache directory a89bc528f47ea85c8706493d675b6ac2 (C:\Users\Luciano Muratore\Documents\ChordSeqAI\caches\9.3.0\transforms\a89bc528f47ea85c8706493d675b6ac2).
2026-03-30T18:25:02.933+0200 [DEBUG] [org.gradle.cache.internal.LockOnDemandCrossProcessCacheAccess] Releasing file lock for cache directory 9ec6759d0960701f2bb352aafa77290c (C:\Users\Luciano Muratore\Documents\ChordSeqAI\caches\9.3.0\transforms\9ec6759d0960701f2bb352aafa77290c)
2026-03-30T18:25:02.933+0200 [DEBUG] [org.gradle.cache.internal.DefaultFileLockManager] Releasing lock on cache directory 9ec6759d0960701f2bb352aafa77290c (C:\Users\Luciano Muratore\Documents\ChordSeqAI\caches\9.3.0\transforms\9ec6759d0960701f2bb352aafa77290c).
2026-03-30T18:25:02.934+0200 [DEBUG] [org.gradle.cache.internal.LockOnDemandCrossProcessCacheAccess] Releasing file lock for cache directory b8ecf26a02615aae549256b054dba3bb (C:\Users\Luciano Muratore\Documents\ChordSeqAI\caches\9.3.0\transforms\b8ecf26a02615aae549256b054dba3bb)
2026-03-30T18:25:02.934+0200 [DEBUG] [org.gradle.cache.internal.DefaultFileLockManager] Releasing lock on cache directory b8ecf26a02615aae549256b054dba3bb (C:\Users\Luciano Muratore\Documents\ChordSeqAI\caches\9.3.0\transforms\b8ecf26a02615aae549256b054dba3bb).
2026-03-30T18:25:02.935+0200 [DEBUG] [org.gradle.cache.internal.LockOnDemandCrossProcessCacheAccess] Releasing file lock for cache directory eb913ebb0e6d6740816f683a40e15390 (C:\Users\Luciano Muratore\Documents\ChordSeqAI\caches\9.3.0\transforms\eb913ebb0e6d6740816f683a40e15390)
2026-03-30T18:25:02.935+0200 [DEBUG] [org.gradle.cache.internal.DefaultFileLockManager] Releasing lock on cache directory eb913ebb0e6d6740816f683a40e15390 (C:\Users\Luciano Muratore\Documents\ChordSeqAI\caches\9.3.0\transforms\eb913ebb0e6d6740816f683a40e15390).
2026-03-30T18:25:02.936+0200 [DEBUG] [org.gradle.cache.internal.LockOnDemandCrossProcessCacheAccess] Releasing file lock for cache directory e7049266cf85dae7b7035d79601202f5 (C:\Users\Luciano Muratore\Documents\ChordSeqAI\caches\9.3.0\transforms\e7049266cf85dae7b7035d79601202f5)
2026-03-30T18:25:02.936+0200 [DEBUG] [org.gradle.cache.internal.DefaultFileLockManager] Releasing lock on cache directory e7049266cf85dae7b7035d79601202f5 (C:\Users\Luciano Muratore\Documents\ChordSeqAI\caches\9.3.0\transforms\e7049266cf85dae7b7035d79601202f5).
2026-03-30T18:25:02.937+0200 [DEBUG] [org.gradle.cache.internal.LockOnDemandCrossProcessCacheAccess] Releasing file lock for cache directory 2b2c5dc02ebc7716c3465e4b16f3baa2 (C:\Users\Luciano Muratore\Documents\ChordSeqAI\caches\9.3.0\transforms\2b2c5dc02ebc7716c3465e4b16f3baa2)
2026-03-30T18:25:02.937+0200 [DEBUG] [org.gradle.cache.internal.DefaultFileLockManager] Releasing lock on cache directory 2b2c5dc02ebc7716c3465e4b16f3baa2 (C:\Users\Luciano Muratore\Documents\ChordSeqAI\caches\9.3.0\transforms\2b2c5dc02ebc7716c3465e4b16f3baa2).
2026-03-30T18:25:02.937+0200 [DEBUG] [org.gradle.cache.internal.LockOnDemandCrossProcessCacheAccess] Releasing file lock for cache directory f172046c16f463c2fde7900fe4c75ce9 (C:\Users\Luciano Muratore\Documents\ChordSeqAI\caches\9.3.0\transforms\f172046c16f463c2fde7900fe4c75ce9)
2026-03-30T18:25:02.937+0200 [DEBUG] [org.gradle.cache.internal.DefaultFileLockManager] Releasing lock on cache directory f172046c16f463c2fde7900fe4c75ce9 (C:\Users\Luciano Muratore\Documents\ChordSeqAI\caches\9.3.0\transforms\f172046c16f463c2fde7900fe4c75ce9).
2026-03-30T18:25:02.937+0200 [DEBUG] [org.gradle.cache.internal.LockOnDemandCrossProcessCacheAccess] Releasing file lock for cache directory d6978f52fc5f8b49c11397c93c6d0375 (C:\Users\Luciano Muratore\Documents\ChordSeqAI\caches\9.3.0\transforms\d6978f52fc5f8b49c11397c93c6d0375)
2026-03-30T18:25:02.937+0200 [DEBUG] [org.gradle.cache.internal.DefaultFileLockManager] Releasing lock on cache directory d6978f52fc5f8b49c11397c93c6d0375 (C:\Users\Luciano Muratore\Documents\ChordSeqAI\caches\9.3.0\transforms\d6978f52fc5f8b49c11397c93c6d0375).
2026-03-30T18:25:02.938+0200 [DEBUG] [org.gradle.cache.internal.LockOnDemandCrossProcessCacheAccess] Releasing file lock for cache directory 99e8dc5a82724d9c15831fc5bd44a7fd (C:\Users\Luciano Muratore\Documents\ChordSeqAI\caches\9.3.0\transforms\99e8dc5a82724d9c15831fc5bd44a7fd)
2026-03-30T18:25:02.938+0200 [DEBUG] [org.gradle.cache.internal.DefaultFileLockManager] Releasing lock on cache directory 99e8dc5a82724d9c15831fc5bd44a7fd (C:\Users\Luciano Muratore\Documents\ChordSeqAI\caches\9.3.0\transforms\99e8dc5a82724d9c15831fc5bd44a7fd).
2026-03-30T18:25:02.938+0200 [DEBUG] [org.gradle.cache.internal.LockOnDemandCrossProcessCacheAccess] Releasing file lock for cache directory 46d5ec3236cb8c520797a8570051320b (C:\Users\Luciano Muratore\Documents\ChordSeqAI\caches\9.3.0\transforms\46d5ec3236cb8c520797a8570051320b)
2026-03-30T18:25:02.938+0200 [DEBUG] [org.gradle.cache.internal.DefaultFileLockManager] Releasing lock on cache directory 46d5ec3236cb8c520797a8570051320b (C:\Users\Luciano Muratore\Documents\ChordSeqAI\caches\9.3.0\transforms\46d5ec3236cb8c520797a8570051320b).
2026-03-30T18:25:02.939+0200 [DEBUG] [org.gradle.cache.internal.LockOnDemandCrossProcessCacheAccess] Releasing file lock for cache directory 2729d6abae49e919e6a0611027e02f82 (C:\Users\Luciano Muratore\Documents\ChordSeqAI\caches\9.3.0\transforms\2729d6abae49e919e6a0611027e02f82)
2026-03-30T18:25:02.939+0200 [DEBUG] [org.gradle.cache.internal.DefaultFileLockManager] Releasing lock on cache directory 2729d6abae49e919e6a0611027e02f82 (C:\Users\Luciano Muratore\Documents\ChordSeqAI\caches\9.3.0\transforms\2729d6abae49e919e6a0611027e02f82).
2026-03-30T18:25:02.939+0200 [DEBUG] [org.gradle.cache.internal.LockOnDemandCrossProcessCacheAccess] Releasing file lock for cache directory 3ef8d99869d59a193b164ec1fd14004b (C:\Users\Luciano Muratore\Documents\ChordSeqAI\caches\9.3.0\transforms\3ef8d99869d59a193b164ec1fd14004b)
2026-03-30T18:25:02.939+0200 [DEBUG] [org.gradle.cache.internal.DefaultFileLockManager] Releasing lock on cache directory 3ef8d99869d59a193b164ec1fd14004b (C:\Users\Luciano Muratore\Documents\ChordSeqAI\caches\9.3.0\transforms\3ef8d99869d59a193b164ec1fd14004b).
2026-03-30T18:25:02.939+0200 [DEBUG] [org.gradle.cache.internal.LockOnDemandCrossProcessCacheAccess] Releasing file lock for cache directory 179c975c11e2955def77d67e305e44ce (C:\Users\Luciano Muratore\Documents\ChordSeqAI\caches\9.3.0\transforms\179c975c11e2955def77d67e305e44ce)
2026-03-30T18:25:02.939+0200 [DEBUG] [org.gradle.cache.internal.DefaultFileLockManager] Releasing lock on cache directory 179c975c11e2955def77d67e305e44ce (C:\Users\Luciano Muratore\Documents\ChordSeqAI\caches\9.3.0\transforms\179c975c11e2955def77d67e305e44ce).
2026-03-30T18:25:02.940+0200 [DEBUG] [org.gradle.cache.internal.LockOnDemandCrossProcessCacheAccess] Releasing file lock for cache directory 9d4726a0b4995223fd6ee01c5492e904 (C:\Users\Luciano Muratore\Documents\ChordSeqAI\caches\9.3.0\transforms\9d4726a0b4995223fd6ee01c5492e904)
2026-03-30T18:25:02.940+0200 [DEBUG] [org.gradle.cache.internal.DefaultFileLockManager] Releasing lock on cache directory 9d4726a0b4995223fd6ee01c5492e904 (C:\Users\Luciano Muratore\Documents\ChordSeqAI\caches\9.3.0\transforms\9d4726a0b4995223fd6ee01c5492e904).
2026-03-30T18:25:02.940+0200 [DEBUG] [org.gradle.cache.internal.LockOnDemandCrossProcessCacheAccess] Releasing file lock for cache directory 3a15cc4c4ea03dc9c52df3e60cbe3695 (C:\Users\Luciano Muratore\Documents\ChordSeqAI\caches\9.3.0\transforms\3a15cc4c4ea03dc9c52df3e60cbe3695)
2026-03-30T18:25:02.940+0200 [DEBUG] [org.gradle.cache.internal.DefaultFileLockManager] Releasing lock on cache directory 3a15cc4c4ea03dc9c52df3e60cbe3695 (C:\Users\Luciano Muratore\Documents\ChordSeqAI\caches\9.3.0\transforms\3a15cc4c4ea03dc9c52df3e60cbe3695).
2026-03-30T18:25:02.941+0200 [DEBUG] [org.gradle.cache.internal.LockOnDemandCrossProcessCacheAccess] Releasing file lock for cache directory 0fd27242a41f2c6ea1e884f60ee2262e (C:\Users\Luciano Muratore\Documents\ChordSeqAI\caches\9.3.0\transforms\0fd27242a41f2c6ea1e884f60ee2262e)
2026-03-30T18:25:02.941+0200 [DEBUG] [org.gradle.cache.internal.DefaultFileLockManager] Releasing lock on cache directory 0fd27242a41f2c6ea1e884f60ee2262e (C:\Users\Luciano Muratore\Documents\ChordSeqAI\caches\9.3.0\transforms\0fd27242a41f2c6ea1e884f60ee2262e).
2026-03-30T18:25:02.941+0200 [DEBUG] [org.gradle.cache.internal.LockOnDemandCrossProcessCacheAccess] Releasing file lock for cache directory 69b5510793753d6a2d436b6e2ee7d8f6 (C:\Users\Luciano Muratore\Documents\ChordSeqAI\caches\9.3.0\transforms\69b5510793753d6a2d436b6e2ee7d8f6)
2026-03-30T18:25:02.941+0200 [DEBUG] [org.gradle.cache.internal.DefaultFileLockManager] Releasing lock on cache directory 69b5510793753d6a2d436b6e2ee7d8f6 (C:\Users\Luciano Muratore\Documents\ChordSeqAI\caches\9.3.0\transforms\69b5510793753d6a2d436b6e2ee7d8f6).
2026-03-30T18:25:02.941+0200 [DEBUG] [org.gradle.cache.internal.LockOnDemandCrossProcessCacheAccess] Releasing file lock for cache directory 161953b64bb12bff287f4073600886cf (C:\Users\Luciano Muratore\Documents\ChordSeqAI\caches\9.3.0\transforms\161953b64bb12bff287f4073600886cf)
2026-03-30T18:25:02.941+0200 [DEBUG] [org.gradle.cache.internal.DefaultFileLockManager] Releasing lock on cache directory 161953b64bb12bff287f4073600886cf (C:\Users\Luciano Muratore\Documents\ChordSeqAI\caches\9.3.0\transforms\161953b64bb12bff287f4073600886cf).
2026-03-30T18:25:02.943+0200 [DEBUG] [org.gradle.cache.internal.LockOnDemandCrossProcessCacheAccess] Releasing file lock for cache directory 639d3d1c923332fe3780d17c9461464a (C:\Users\Luciano Muratore\Documents\ChordSeqAI\caches\9.3.0\transforms\639d3d1c923332fe3780d17c9461464a)
2026-03-30T18:25:02.943+0200 [DEBUG] [org.gradle.cache.internal.DefaultFileLockManager] Releasing lock on cache directory 639d3d1c923332fe3780d17c9461464a (C:\Users\Luciano Muratore\Documents\ChordSeqAI\caches\9.3.0\transforms\639d3d1c923332fe3780d17c9461464a).
2026-03-30T18:25:02.943+0200 [DEBUG] [org.gradle.cache.internal.LockOnDemandCrossProcessCacheAccess] Releasing file lock for cache directory ad9cbec9a8bfe749e42abe0bd36d616f (C:\Users\Luciano Muratore\Documents\ChordSeqAI\caches\9.3.0\transforms\ad9cbec9a8bfe749e42abe0bd36d616f)
2026-03-30T18:25:02.943+0200 [DEBUG] [org.gradle.cache.internal.DefaultFileLockManager] Releasing lock on cache directory ad9cbec9a8bfe749e42abe0bd36d616f (C:\Users\Luciano Muratore\Documents\ChordSeqAI\caches\9.3.0\transforms\ad9cbec9a8bfe749e42abe0bd36d616f).
2026-03-30T18:25:02.944+0200 [DEBUG] [org.gradle.cache.internal.LockOnDemandCrossProcessCacheAccess] Releasing file lock for cache directory b658537f1aef9f728b34a91b1f5b1136 (C:\Users\Luciano Muratore\Documents\ChordSeqAI\caches\9.3.0\transforms\b658537f1aef9f728b34a91b1f5b1136)
2026-03-30T18:25:02.944+0200 [DEBUG] [org.gradle.cache.internal.DefaultFileLockManager] Releasing lock on cache directory b658537f1aef9f728b34a91b1f5b1136 (C:\Users\Luciano Muratore\Documents\ChordSeqAI\caches\9.3.0\transforms\b658537f1aef9f728b34a91b1f5b1136).
2026-03-30T18:25:02.944+0200 [DEBUG] [org.gradle.cache.internal.LockOnDemandCrossProcessCacheAccess] Releasing file lock for cache directory d0314a2e3bdde3c7d7c595a2012e6393 (C:\Users\Luciano Muratore\Documents\ChordSeqAI\caches\9.3.0\transforms\d0314a2e3bdde3c7d7c595a2012e6393)
2026-03-30T18:25:02.944+0200 [DEBUG] [org.gradle.cache.internal.DefaultFileLockManager] Releasing lock on cache directory d0314a2e3bdde3c7d7c595a2012e6393 (C:\Users\Luciano Muratore\Documents\ChordSeqAI\caches\9.3.0\transforms\d0314a2e3bdde3c7d7c595a2012e6393).
2026-03-30T18:25:02.945+0200 [DEBUG] [org.gradle.cache.internal.LockOnDemandCrossProcessCacheAccess] Releasing file lock for cache directory 9d4ec17c98903fcbad0a67bf6b5ec240 (C:\Users\Luciano Muratore\Documents\ChordSeqAI\caches\9.3.0\transforms\9d4ec17c98903fcbad0a67bf6b5ec240)
2026-03-30T18:25:02.945+0200 [DEBUG] [org.gradle.cache.internal.DefaultFileLockManager] Releasing lock on cache directory 9d4ec17c98903fcbad0a67bf6b5ec240 (C:\Users\Luciano Muratore\Documents\ChordSeqAI\caches\9.3.0\transforms\9d4ec17c98903fcbad0a67bf6b5ec240).
2026-03-30T18:25:02.946+0200 [DEBUG] [org.gradle.cache.internal.LockOnDemandCrossProcessCacheAccess] Releasing file lock for cache directory ea1e072ad9026a7865c79fb7a8255c9c (C:\Users\Luciano Muratore\Documents\ChordSeqAI\caches\9.3.0\transforms\ea1e072ad9026a7865c79fb7a8255c9c)
2026-03-30T18:25:02.946+0200 [DEBUG] [org.gradle.cache.internal.DefaultFileLockManager] Releasing lock on cache directory ea1e072ad9026a7865c79fb7a8255c9c (C:\Users\Luciano Muratore\Documents\ChordSeqAI\caches\9.3.0\transforms\ea1e072ad9026a7865c79fb7a8255c9c).
2026-03-30T18:25:02.946+0200 [DEBUG] [org.gradle.cache.internal.LockOnDemandCrossProcessCacheAccess] Releasing file lock for cache directory 8c289f1437f84d8f96851ac927c7cca6 (C:\Users\Luciano Muratore\Documents\ChordSeqAI\caches\9.3.0\transforms\8c289f1437f84d8f96851ac927c7cca6)
2026-03-30T18:25:02.946+0200 [DEBUG] [org.gradle.cache.internal.DefaultFileLockManager] Releasing lock on cache directory 8c289f1437f84d8f96851ac927c7cca6 (C:\Users\Luciano Muratore\Documents\ChordSeqAI\caches\9.3.0\transforms\8c289f1437f84d8f96851ac927c7cca6).
2026-03-30T18:25:02.947+0200 [DEBUG] [org.gradle.cache.internal.LockOnDemandCrossProcessCacheAccess] Releasing file lock for cache directory 6947c5fa382a6179277c82c2927f3d59 (C:\Users\Luciano Muratore\Documents\ChordSeqAI\caches\9.3.0\transforms\6947c5fa382a6179277c82c2927f3d59)
2026-03-30T18:25:02.947+0200 [DEBUG] [org.gradle.cache.internal.DefaultFileLockManager] Releasing lock on cache directory 6947c5fa382a6179277c82c2927f3d59 (C:\Users\Luciano Muratore\Documents\ChordSeqAI\caches\9.3.0\transforms\6947c5fa382a6179277c82c2927f3d59).
2026-03-30T18:25:02.947+0200 [DEBUG] [org.gradle.cache.internal.LockOnDemandCrossProcessCacheAccess] Releasing file lock for cache directory 6e53693ade3492224b196595fb22be5b (C:\Users\Luciano Muratore\Documents\ChordSeqAI\caches\9.3.0\transforms\6e53693ade3492224b196595fb22be5b)
2026-03-30T18:25:02.947+0200 [DEBUG] [org.gradle.cache.internal.DefaultFileLockManager] Releasing lock on cache directory 6e53693ade3492224b196595fb22be5b (C:\Users\Luciano Muratore\Documents\ChordSeqAI\caches\9.3.0\transforms\6e53693ade3492224b196595fb22be5b).
2026-03-30T18:25:02.948+0200 [DEBUG] [org.gradle.cache.internal.LockOnDemandCrossProcessCacheAccess] Releasing file lock for cache directory 6f93f4b9974018b11963aff2828e1a95 (C:\Users\Luciano Muratore\Documents\ChordSeqAI\caches\9.3.0\transforms\6f93f4b9974018b11963aff2828e1a95)
2026-03-30T18:25:02.948+0200 [DEBUG] [org.gradle.cache.internal.DefaultFileLockManager] Releasing lock on cache directory 6f93f4b9974018b11963aff2828e1a95 (C:\Users\Luciano Muratore\Documents\ChordSeqAI\caches\9.3.0\transforms\6f93f4b9974018b11963aff2828e1a95).
2026-03-30T18:25:02.949+0200 [DEBUG] [org.gradle.cache.internal.LockOnDemandCrossProcessCacheAccess] Releasing file lock for cache directory 0a7b3bf1cc1067be76ebf257fc0b2275 (C:\Users\Luciano Muratore\Documents\ChordSeqAI\caches\9.3.0\transforms\0a7b3bf1cc1067be76ebf257fc0b2275)
2026-03-30T18:25:02.949+0200 [DEBUG] [org.gradle.cache.internal.DefaultFileLockManager] Releasing lock on cache directory 0a7b3bf1cc1067be76ebf257fc0b2275 (C:\Users\Luciano Muratore\Documents\ChordSeqAI\caches\9.3.0\transforms\0a7b3bf1cc1067be76ebf257fc0b2275).
2026-03-30T18:25:02.950+0200 [DEBUG] [org.gradle.cache.internal.LockOnDemandCrossProcessCacheAccess] Releasing file lock for cache directory 391a259aa0c260771d856dbf00f65299 (C:\Users\Luciano Muratore\Documents\ChordSeqAI\caches\9.3.0\transforms\391a259aa0c260771d856dbf00f65299)
2026-03-30T18:25:02.950+0200 [DEBUG] [org.gradle.cache.internal.DefaultFileLockManager] Releasing lock on cache directory 391a259aa0c260771d856dbf00f65299 (C:\Users\Luciano Muratore\Documents\ChordSeqAI\caches\9.3.0\transforms\391a259aa0c260771d856dbf00f65299).
2026-03-30T18:25:02.950+0200 [DEBUG] [org.gradle.cache.internal.LockOnDemandCrossProcessCacheAccess] Releasing file lock for cache directory c5ac6e1e992ace45a230e67f3b3ce60b (C:\Users\Luciano Muratore\Documents\ChordSeqAI\caches\9.3.0\transforms\c5ac6e1e992ace45a230e67f3b3ce60b)
2026-03-30T18:25:02.950+0200 [DEBUG] [org.gradle.cache.internal.DefaultFileLockManager] Releasing lock on cache directory c5ac6e1e992ace45a230e67f3b3ce60b (C:\Users\Luciano Muratore\Documents\ChordSeqAI\caches\9.3.0\transforms\c5ac6e1e992ace45a230e67f3b3ce60b).
2026-03-30T18:25:02.951+0200 [DEBUG] [org.gradle.cache.internal.LockOnDemandCrossProcessCacheAccess] Releasing file lock for cache directory dd329925a9461fc1a49d6650ef0d806b (C:\Users\Luciano Muratore\Documents\ChordSeqAI\caches\9.3.0\transforms\dd329925a9461fc1a49d6650ef0d806b)
2026-03-30T18:25:02.951+0200 [DEBUG] [org.gradle.cache.internal.DefaultFileLockManager] Releasing lock on cache directory dd329925a9461fc1a49d6650ef0d806b (C:\Users\Luciano Muratore\Documents\ChordSeqAI\caches\9.3.0\transforms\dd329925a9461fc1a49d6650ef0d806b).
2026-03-30T18:25:02.951+0200 [DEBUG] [org.gradle.cache.internal.LockOnDemandCrossProcessCacheAccess] Releasing file lock for cache directory 9af97e6bb1cf763be1c7936dadc2c215 (C:\Users\Luciano Muratore\Documents\ChordSeqAI\caches\9.3.0\transforms\9af97e6bb1cf763be1c7936dadc2c215)
2026-03-30T18:25:02.951+0200 [DEBUG] [org.gradle.cache.internal.DefaultFileLockManager] Releasing lock on cache directory 9af97e6bb1cf763be1c7936dadc2c215 (C:\Users\Luciano Muratore\Documents\ChordSeqAI\caches\9.3.0\transforms\9af97e6bb1cf763be1c7936dadc2c215).
2026-03-30T18:25:02.952+0200 [DEBUG] [org.gradle.cache.internal.LockOnDemandCrossProcessCacheAccess] Releasing file lock for cache directory 6aad036d3652a0023f92d4549675b711 (C:\Users\Luciano Muratore\Documents\ChordSeqAI\caches\9.3.0\transforms\6aad036d3652a0023f92d4549675b711)
2026-03-30T18:25:02.952+0200 [DEBUG] [org.gradle.cache.internal.DefaultFileLockManager] Releasing lock on cache directory 6aad036d3652a0023f92d4549675b711 (C:\Users\Luciano Muratore\Documents\ChordSeqAI\caches\9.3.0\transforms\6aad036d3652a0023f92d4549675b711).
2026-03-30T18:25:02.953+0200 [DEBUG] [org.gradle.cache.internal.LockOnDemandCrossProcessCacheAccess] Releasing file lock for cache directory 14d6810fd86431924bc0b98ca48fb0ec (C:\Users\Luciano Muratore\Documents\ChordSeqAI\caches\9.3.0\transforms\14d6810fd86431924bc0b98ca48fb0ec)
2026-03-30T18:25:02.953+0200 [DEBUG] [org.gradle.cache.internal.DefaultFileLockManager] Releasing lock on cache directory 14d6810fd86431924bc0b98ca48fb0ec (C:\Users\Luciano Muratore\Documents\ChordSeqAI\caches\9.3.0\transforms\14d6810fd86431924bc0b98ca48fb0ec).
2026-03-30T18:25:02.953+0200 [DEBUG] [org.gradle.cache.internal.LockOnDemandCrossProcessCacheAccess] Releasing file lock for cache directory d47928f7a2d77c2f8c2e58c20e1bb225 (C:\Users\Luciano Muratore\Documents\ChordSeqAI\caches\9.3.0\transforms\d47928f7a2d77c2f8c2e58c20e1bb225)
2026-03-30T18:25:02.953+0200 [DEBUG] [org.gradle.cache.internal.DefaultFileLockManager] Releasing lock on cache directory d47928f7a2d77c2f8c2e58c20e1bb225 (C:\Users\Luciano Muratore\Documents\ChordSeqAI\caches\9.3.0\transforms\d47928f7a2d77c2f8c2e58c20e1bb225).
2026-03-30T18:25:02.954+0200 [DEBUG] [org.gradle.cache.internal.LockOnDemandCrossProcessCacheAccess] Releasing file lock for cache directory a2465bd420543ed63e0fd4736e45f18c (C:\Users\Luciano Muratore\Documents\ChordSeqAI\caches\9.3.0\transforms\a2465bd420543ed63e0fd4736e45f18c)
2026-03-30T18:25:02.954+0200 [DEBUG] [org.gradle.cache.internal.DefaultFileLockManager] Releasing lock on cache directory a2465bd420543ed63e0fd4736e45f18c (C:\Users\Luciano Muratore\Documents\ChordSeqAI\caches\9.3.0\transforms\a2465bd420543ed63e0fd4736e45f18c).
2026-03-30T18:25:02.955+0200 [DEBUG] [org.gradle.cache.internal.LockOnDemandCrossProcessCacheAccess] Releasing file lock for cache directory 584de4610901d7df76cf7493e74357ef (C:\Users\Luciano Muratore\Documents\ChordSeqAI\caches\9.3.0\transforms\584de4610901d7df76cf7493e74357ef)
2026-03-30T18:25:02.955+0200 [DEBUG] [org.gradle.cache.internal.DefaultFileLockManager] Releasing lock on cache directory 584de4610901d7df76cf7493e74357ef (C:\Users\Luciano Muratore\Documents\ChordSeqAI\caches\9.3.0\transforms\584de4610901d7df76cf7493e74357ef).
2026-03-30T18:25:02.955+0200 [DEBUG] [org.gradle.cache.internal.LockOnDemandCrossProcessCacheAccess] Releasing file lock for cache directory 87543160cb3589637a53592e42781525 (C:\Users\Luciano Muratore\Documents\ChordSeqAI\caches\9.3.0\transforms\87543160cb3589637a53592e42781525)
2026-03-30T18:25:02.955+0200 [DEBUG] [org.gradle.cache.internal.DefaultFileLockManager] Releasing lock on cache directory 87543160cb3589637a53592e42781525 (C:\Users\Luciano Muratore\Documents\ChordSeqAI\caches\9.3.0\transforms\87543160cb3589637a53592e42781525).
2026-03-30T18:25:02.955+0200 [DEBUG] [org.gradle.cache.internal.LockOnDemandCrossProcessCacheAccess] Releasing file lock for cache directory 15b92296740d71766733545fa9def80d (C:\Users\Luciano Muratore\Documents\ChordSeqAI\caches\9.3.0\transforms\15b92296740d71766733545fa9def80d)
2026-03-30T18:25:02.956+0200 [DEBUG] [org.gradle.cache.internal.DefaultFileLockManager] Releasing lock on cache directory 15b92296740d71766733545fa9def80d (C:\Users\Luciano Muratore\Documents\ChordSeqAI\caches\9.3.0\transforms\15b92296740d71766733545fa9def80d).
2026-03-30T18:25:02.956+0200 [DEBUG] [org.gradle.cache.internal.LockOnDemandCrossProcessCacheAccess] Releasing file lock for cache directory cd12fd175843a2849e070ff258947718 (C:\Users\Luciano Muratore\Documents\ChordSeqAI\caches\9.3.0\transforms\cd12fd175843a2849e070ff258947718)
2026-03-30T18:25:02.956+0200 [DEBUG] [org.gradle.cache.internal.DefaultFileLockManager] Releasing lock on cache directory cd12fd175843a2849e070ff258947718 (C:\Users\Luciano Muratore\Documents\ChordSeqAI\caches\9.3.0\transforms\cd12fd175843a2849e070ff258947718).
2026-03-30T18:25:02.957+0200 [DEBUG] [org.gradle.cache.internal.LockOnDemandCrossProcessCacheAccess] Releasing file lock for cache directory 99d1b2b1020b2c2fe048bd079cc12abd (C:\Users\Luciano Muratore\Documents\ChordSeqAI\caches\9.3.0\transforms\99d1b2b1020b2c2fe048bd079cc12abd)
2026-03-30T18:25:02.957+0200 [DEBUG] [org.gradle.cache.internal.DefaultFileLockManager] Releasing lock on cache directory 99d1b2b1020b2c2fe048bd079cc12abd (C:\Users\Luciano Muratore\Documents\ChordSeqAI\caches\9.3.0\transforms\99d1b2b1020b2c2fe048bd079cc12abd).
2026-03-30T18:25:02.958+0200 [DEBUG] [org.gradle.cache.internal.LockOnDemandCrossProcessCacheAccess] Releasing file lock for cache directory 3cabe9b242757d4ecb1db6474f677adc (C:\Users\Luciano Muratore\Documents\ChordSeqAI\caches\9.3.0\transforms\3cabe9b242757d4ecb1db6474f677adc)
2026-03-30T18:25:02.958+0200 [DEBUG] [org.gradle.cache.internal.DefaultFileLockManager] Releasing lock on cache directory 3cabe9b242757d4ecb1db6474f677adc (C:\Users\Luciano Muratore\Documents\ChordSeqAI\caches\9.3.0\transforms\3cabe9b242757d4ecb1db6474f677adc).
2026-03-30T18:25:02.960+0200 [DEBUG] [org.gradle.cache.internal.LockOnDemandCrossProcessCacheAccess] Releasing file lock for cache directory 08d2c7dd0b3986e2824022c4970c0258 (C:\Users\Luciano Muratore\Documents\ChordSeqAI\caches\9.3.0\transforms\08d2c7dd0b3986e2824022c4970c0258)
2026-03-30T18:25:02.961+0200 [DEBUG] [org.gradle.cache.internal.DefaultFileLockManager] Releasing lock on cache directory 08d2c7dd0b3986e2824022c4970c0258 (C:\Users\Luciano Muratore\Documents\ChordSeqAI\caches\9.3.0\transforms\08d2c7dd0b3986e2824022c4970c0258).
2026-03-30T18:25:02.961+0200 [DEBUG] [org.gradle.cache.internal.LockOnDemandCrossProcessCacheAccess] Releasing file lock for cache directory bf4ddbcdd0ddd034f9913e74c8b8e89b (C:\Users\Luciano Muratore\Documents\ChordSeqAI\caches\9.3.0\transforms\bf4ddbcdd0ddd034f9913e74c8b8e89b)
2026-03-30T18:25:02.961+0200 [DEBUG] [org.gradle.cache.internal.DefaultFileLockManager] Releasing lock on cache directory bf4ddbcdd0ddd034f9913e74c8b8e89b (C:\Users\Luciano Muratore\Documents\ChordSeqAI\caches\9.3.0\transforms\bf4ddbcdd0ddd034f9913e74c8b8e89b).
2026-03-30T18:25:02.962+0200 [DEBUG] [org.gradle.cache.internal.LockOnDemandCrossProcessCacheAccess] Releasing file lock for cache directory aca8114087f7b29931ac09e6619174d3 (C:\Users\Luciano Muratore\Documents\ChordSeqAI\caches\9.3.0\transforms\aca8114087f7b29931ac09e6619174d3)
2026-03-30T18:25:02.962+0200 [DEBUG] [org.gradle.cache.internal.DefaultFileLockManager] Releasing lock on cache directory aca8114087f7b29931ac09e6619174d3 (C:\Users\Luciano Muratore\Documents\ChordSeqAI\caches\9.3.0\transforms\aca8114087f7b29931ac09e6619174d3).
2026-03-30T18:25:02.963+0200 [DEBUG] [org.gradle.cache.internal.LockOnDemandCrossProcessCacheAccess] Releasing file lock for cache directory 7ed8a882f42072153669b00ebdbbc610 (C:\Users\Luciano Muratore\Documents\ChordSeqAI\caches\9.3.0\transforms\7ed8a882f42072153669b00ebdbbc610)
2026-03-30T18:25:02.963+0200 [DEBUG] [org.gradle.cache.internal.DefaultFileLockManager] Releasing lock on cache directory 7ed8a882f42072153669b00ebdbbc610 (C:\Users\Luciano Muratore\Documents\ChordSeqAI\caches\9.3.0\transforms\7ed8a882f42072153669b00ebdbbc610).
2026-03-30T18:25:02.964+0200 [DEBUG] [org.gradle.cache.internal.LockOnDemandCrossProcessCacheAccess] Releasing file lock for cache directory c31268a1da4979bc3e8b43072c96c30f (C:\Users\Luciano Muratore\Documents\ChordSeqAI\caches\9.3.0\transforms\c31268a1da4979bc3e8b43072c96c30f)
2026-03-30T18:25:02.964+0200 [DEBUG] [org.gradle.cache.internal.DefaultFileLockManager] Releasing lock on cache directory c31268a1da4979bc3e8b43072c96c30f (C:\Users\Luciano Muratore\Documents\ChordSeqAI\caches\9.3.0\transforms\c31268a1da4979bc3e8b43072c96c30f).
2026-03-30T18:25:02.964+0200 [DEBUG] [org.gradle.cache.internal.LockOnDemandCrossProcessCacheAccess] Releasing file lock for cache directory 6d18e4b14cb7119829cc67eac7b1fd5f (C:\Users\Luciano Muratore\Documents\ChordSeqAI\caches\9.3.0\transforms\6d18e4b14cb7119829cc67eac7b1fd5f)
2026-03-30T18:25:02.964+0200 [DEBUG] [org.gradle.cache.internal.DefaultFileLockManager] Releasing lock on cache directory 6d18e4b14cb7119829cc67eac7b1fd5f (C:\Users\Luciano Muratore\Documents\ChordSeqAI\caches\9.3.0\transforms\6d18e4b14cb7119829cc67eac7b1fd5f).
2026-03-30T18:25:02.965+0200 [DEBUG] [org.gradle.cache.internal.LockOnDemandCrossProcessCacheAccess] Releasing file lock for cache directory f17f16dbd5bfd746ac1caf0ab842f560 (C:\Users\Luciano Muratore\Documents\ChordSeqAI\caches\9.3.0\transforms\f17f16dbd5bfd746ac1caf0ab842f560)
2026-03-30T18:25:02.965+0200 [DEBUG] [org.gradle.cache.internal.DefaultFileLockManager] Releasing lock on cache directory f17f16dbd5bfd746ac1caf0ab842f560 (C:\Users\Luciano Muratore\Documents\ChordSeqAI\caches\9.3.0\transforms\f17f16dbd5bfd746ac1caf0ab842f560).
2026-03-30T18:25:02.966+0200 [DEBUG] [org.gradle.cache.internal.LockOnDemandCrossProcessCacheAccess] Releasing file lock for cache directory ab83dc916bed32db056ddaf1d8b9f089 (C:\Users\Luciano Muratore\Documents\ChordSeqAI\caches\9.3.0\transforms\ab83dc916bed32db056ddaf1d8b9f089)
2026-03-30T18:25:02.967+0200 [DEBUG] [org.gradle.cache.internal.DefaultFileLockManager] Releasing lock on cache directory ab83dc916bed32db056ddaf1d8b9f089 (C:\Users\Luciano Muratore\Documents\ChordSeqAI\caches\9.3.0\transforms\ab83dc916bed32db056ddaf1d8b9f089).
2026-03-30T18:25:02.967+0200 [DEBUG] [org.gradle.cache.internal.LockOnDemandCrossProcessCacheAccess] Releasing file lock for cache directory 5c503c36912d03658f58da3d840af62b (C:\Users\Luciano Muratore\Documents\ChordSeqAI\caches\9.3.0\transforms\5c503c36912d03658f58da3d840af62b)
2026-03-30T18:25:02.968+0200 [DEBUG] [org.gradle.cache.internal.DefaultFileLockManager] Releasing lock on cache directory 5c503c36912d03658f58da3d840af62b (C:\Users\Luciano Muratore\Documents\ChordSeqAI\caches\9.3.0\transforms\5c503c36912d03658f58da3d840af62b).
2026-03-30T18:25:02.969+0200 [DEBUG] [org.gradle.cache.internal.LockOnDemandCrossProcessCacheAccess] Releasing file lock for cache directory e6f60fe4c69966b4735dbacd88b83c86 (C:\Users\Luciano Muratore\Documents\ChordSeqAI\caches\9.3.0\transforms\e6f60fe4c69966b4735dbacd88b83c86)
2026-03-30T18:25:02.969+0200 [DEBUG] [org.gradle.cache.internal.DefaultFileLockManager] Releasing lock on cache directory e6f60fe4c69966b4735dbacd88b83c86 (C:\Users\Luciano Muratore\Documents\ChordSeqAI\caches\9.3.0\transforms\e6f60fe4c69966b4735dbacd88b83c86).
2026-03-30T18:25:02.970+0200 [DEBUG] [org.gradle.cache.internal.LockOnDemandCrossProcessCacheAccess] Releasing file lock for cache directory 689f573f1120443abc632b88cb65e1f1 (C:\Users\Luciano Muratore\Documents\ChordSeqAI\caches\9.3.0\transforms\689f573f1120443abc632b88cb65e1f1)
2026-03-30T18:25:02.970+0200 [DEBUG] [org.gradle.cache.internal.DefaultFileLockManager] Releasing lock on cache directory 689f573f1120443abc632b88cb65e1f1 (C:\Users\Luciano Muratore\Documents\ChordSeqAI\caches\9.3.0\transforms\689f573f1120443abc632b88cb65e1f1).
2026-03-30T18:25:02.971+0200 [DEBUG] [org.gradle.cache.internal.LockOnDemandCrossProcessCacheAccess] Releasing file lock for cache directory 2e7ad7234d51b8cc31b40f3998fbe7c7 (C:\Users\Luciano Muratore\Documents\ChordSeqAI\caches\9.3.0\transforms\2e7ad7234d51b8cc31b40f3998fbe7c7)
2026-03-30T18:25:02.971+0200 [DEBUG] [org.gradle.cache.internal.DefaultFileLockManager] Releasing lock on cache directory 2e7ad7234d51b8cc31b40f3998fbe7c7 (C:\Users\Luciano Muratore\Documents\ChordSeqAI\caches\9.3.0\transforms\2e7ad7234d51b8cc31b40f3998fbe7c7).
2026-03-30T18:25:02.971+0200 [DEBUG] [org.gradle.cache.internal.LockOnDemandCrossProcessCacheAccess] Releasing file lock for cache directory 99d30b94ba73959b1ba95e679b3f50e1 (C:\Users\Luciano Muratore\Documents\ChordSeqAI\caches\9.3.0\transforms\99d30b94ba73959b1ba95e679b3f50e1)
2026-03-30T18:25:02.972+0200 [DEBUG] [org.gradle.cache.internal.DefaultFileLockManager] Releasing lock on cache directory 99d30b94ba73959b1ba95e679b3f50e1 (C:\Users\Luciano Muratore\Documents\ChordSeqAI\caches\9.3.0\transforms\99d30b94ba73959b1ba95e679b3f50e1).
2026-03-30T18:25:02.972+0200 [DEBUG] [org.gradle.cache.internal.LockOnDemandCrossProcessCacheAccess] Releasing file lock for cache directory a1504df581cdd8dce6deb4751c58626c (C:\Users\Luciano Muratore\Documents\ChordSeqAI\caches\9.3.0\transforms\a1504df581cdd8dce6deb4751c58626c)
2026-03-30T18:25:02.972+0200 [DEBUG] [org.gradle.cache.internal.DefaultFileLockManager] Releasing lock on cache directory a1504df581cdd8dce6deb4751c58626c (C:\Users\Luciano Muratore\Documents\ChordSeqAI\caches\9.3.0\transforms\a1504df581cdd8dce6deb4751c58626c).
2026-03-30T18:25:02.973+0200 [DEBUG] [org.gradle.cache.internal.LockOnDemandCrossProcessCacheAccess] Releasing file lock for cache directory 3e5d59bcf405f3afc5adc666e2b7d8b7 (C:\Users\Luciano Muratore\Documents\ChordSeqAI\caches\9.3.0\transforms\3e5d59bcf405f3afc5adc666e2b7d8b7)
2026-03-30T18:25:02.973+0200 [DEBUG] [org.gradle.cache.internal.DefaultFileLockManager] Releasing lock on cache directory 3e5d59bcf405f3afc5adc666e2b7d8b7 (C:\Users\Luciano Muratore\Documents\ChordSeqAI\caches\9.3.0\transforms\3e5d59bcf405f3afc5adc666e2b7d8b7).
2026-03-30T18:25:02.974+0200 [DEBUG] [org.gradle.cache.internal.LockOnDemandCrossProcessCacheAccess] Releasing file lock for cache directory 1f02c2cbcf84f23b841691a81265c685 (C:\Users\Luciano Muratore\Documents\ChordSeqAI\caches\9.3.0\transforms\1f02c2cbcf84f23b841691a81265c685)
2026-03-30T18:25:02.974+0200 [DEBUG] [org.gradle.cache.internal.DefaultFileLockManager] Releasing lock on cache directory 1f02c2cbcf84f23b841691a81265c685 (C:\Users\Luciano Muratore\Documents\ChordSeqAI\caches\9.3.0\transforms\1f02c2cbcf84f23b841691a81265c685).
2026-03-30T18:25:02.975+0200 [DEBUG] [org.gradle.cache.internal.LockOnDemandCrossProcessCacheAccess] Releasing file lock for cache directory dbeeb4c2d8e8f1a85292284ae903d371 (C:\Users\Luciano Muratore\Documents\ChordSeqAI\caches\9.3.0\transforms\dbeeb4c2d8e8f1a85292284ae903d371)
2026-03-30T18:25:02.975+0200 [DEBUG] [org.gradle.cache.internal.DefaultFileLockManager] Releasing lock on cache directory dbeeb4c2d8e8f1a85292284ae903d371 (C:\Users\Luciano Muratore\Documents\ChordSeqAI\caches\9.3.0\transforms\dbeeb4c2d8e8f1a85292284ae903d371).
2026-03-30T18:25:02.976+0200 [DEBUG] [org.gradle.cache.internal.LockOnDemandCrossProcessCacheAccess] Releasing file lock for cache directory f17dc76064aad53e2fcaba2038cd53c9 (C:\Users\Luciano Muratore\Documents\ChordSeqAI\caches\9.3.0\transforms\f17dc76064aad53e2fcaba2038cd53c9)
2026-03-30T18:25:02.976+0200 [DEBUG] [org.gradle.cache.internal.DefaultFileLockManager] Releasing lock on cache directory f17dc76064aad53e2fcaba2038cd53c9 (C:\Users\Luciano Muratore\Documents\ChordSeqAI\caches\9.3.0\transforms\f17dc76064aad53e2fcaba2038cd53c9).
2026-03-30T18:25:02.977+0200 [DEBUG] [org.gradle.cache.internal.LockOnDemandCrossProcessCacheAccess] Releasing file lock for cache directory be08910f2a169200b8ea81aab24d2f11 (C:\Users\Luciano Muratore\Documents\ChordSeqAI\caches\9.3.0\transforms\be08910f2a169200b8ea81aab24d2f11)
2026-03-30T18:25:02.977+0200 [DEBUG] [org.gradle.cache.internal.DefaultFileLockManager] Releasing lock on cache directory be08910f2a169200b8ea81aab24d2f11 (C:\Users\Luciano Muratore\Documents\ChordSeqAI\caches\9.3.0\transforms\be08910f2a169200b8ea81aab24d2f11).
2026-03-30T18:25:02.978+0200 [DEBUG] [org.gradle.cache.internal.LockOnDemandCrossProcessCacheAccess] Releasing file lock for cache directory b866cf13e994148e963a14565b4fa154 (C:\Users\Luciano Muratore\Documents\ChordSeqAI\caches\9.3.0\transforms\b866cf13e994148e963a14565b4fa154)
2026-03-30T18:25:02.978+0200 [DEBUG] [org.gradle.cache.internal.DefaultFileLockManager] Releasing lock on cache directory b866cf13e994148e963a14565b4fa154 (C:\Users\Luciano Muratore\Documents\ChordSeqAI\caches\9.3.0\transforms\b866cf13e994148e963a14565b4fa154).
2026-03-30T18:25:02.978+0200 [DEBUG] [org.gradle.cache.internal.LockOnDemandCrossProcessCacheAccess] Releasing file lock for cache directory fbb16284b4e1e0bc8247d8297bdd1203 (C:\Users\Luciano Muratore\Documents\ChordSeqAI\caches\9.3.0\transforms\fbb16284b4e1e0bc8247d8297bdd1203)
2026-03-30T18:25:02.978+0200 [DEBUG] [org.gradle.cache.internal.DefaultFileLockManager] Releasing lock on cache directory fbb16284b4e1e0bc8247d8297bdd1203 (C:\Users\Luciano Muratore\Documents\ChordSeqAI\caches\9.3.0\transforms\fbb16284b4e1e0bc8247d8297bdd1203).
2026-03-30T18:25:02.979+0200 [DEBUG] [org.gradle.cache.internal.LockOnDemandCrossProcessCacheAccess] Releasing file lock for cache directory bf5f9f0bf81d9dd4a6668a7bd9e8ad46 (C:\Users\Luciano Muratore\Documents\ChordSeqAI\caches\9.3.0\transforms\bf5f9f0bf81d9dd4a6668a7bd9e8ad46)
2026-03-30T18:25:02.979+0200 [DEBUG] [org.gradle.cache.internal.DefaultFileLockManager] Releasing lock on cache directory bf5f9f0bf81d9dd4a6668a7bd9e8ad46 (C:\Users\Luciano Muratore\Documents\ChordSeqAI\caches\9.3.0\transforms\bf5f9f0bf81d9dd4a6668a7bd9e8ad46).
2026-03-30T18:25:02.980+0200 [DEBUG] [org.gradle.cache.internal.LockOnDemandCrossProcessCacheAccess] Releasing file lock for cache directory 96b91cee6c738785462c08480a58d50c (C:\Users\Luciano Muratore\Documents\ChordSeqAI\caches\9.3.0\transforms\96b91cee6c738785462c08480a58d50c)
2026-03-30T18:25:02.980+0200 [DEBUG] [org.gradle.cache.internal.DefaultFileLockManager] Releasing lock on cache directory 96b91cee6c738785462c08480a58d50c (C:\Users\Luciano Muratore\Documents\ChordSeqAI\caches\9.3.0\transforms\96b91cee6c738785462c08480a58d50c).
2026-03-30T18:25:02.980+0200 [DEBUG] [org.gradle.cache.internal.LockOnDemandCrossProcessCacheAccess] Releasing file lock for cache directory 1d49a275248f11420abb2d90b62e845d (C:\Users\Luciano Muratore\Documents\ChordSeqAI\caches\9.3.0\transforms\1d49a275248f11420abb2d90b62e845d)
2026-03-30T18:25:02.981+0200 [DEBUG] [org.gradle.cache.internal.DefaultFileLockManager] Releasing lock on cache directory 1d49a275248f11420abb2d90b62e845d (C:\Users\Luciano Muratore\Documents\ChordSeqAI\caches\9.3.0\transforms\1d49a275248f11420abb2d90b62e845d).
2026-03-30T18:25:02.981+0200 [DEBUG] [org.gradle.cache.internal.LockOnDemandCrossProcessCacheAccess] Releasing file lock for cache directory f6c93594d378e858820bd9b835d7e701 (C:\Users\Luciano Muratore\Documents\ChordSeqAI\caches\9.3.0\transforms\f6c93594d378e858820bd9b835d7e701)
2026-03-30T18:25:02.981+0200 [DEBUG] [org.gradle.cache.internal.DefaultFileLockManager] Releasing lock on cache directory f6c93594d378e858820bd9b835d7e701 (C:\Users\Luciano Muratore\Documents\ChordSeqAI\caches\9.3.0\transforms\f6c93594d378e858820bd9b835d7e701).
2026-03-30T18:25:02.982+0200 [DEBUG] [org.gradle.cache.internal.LockOnDemandCrossProcessCacheAccess] Releasing file lock for cache directory 93c7641ab689067ba52fd44d960d6c31 (C:\Users\Luciano Muratore\Documents\ChordSeqAI\caches\9.3.0\transforms\93c7641ab689067ba52fd44d960d6c31)
2026-03-30T18:25:02.982+0200 [DEBUG] [org.gradle.cache.internal.DefaultFileLockManager] Releasing lock on cache directory 93c7641ab689067ba52fd44d960d6c31 (C:\Users\Luciano Muratore\Documents\ChordSeqAI\caches\9.3.0\transforms\93c7641ab689067ba52fd44d960d6c31).
2026-03-30T18:25:02.982+0200 [DEBUG] [org.gradle.cache.internal.LockOnDemandCrossProcessCacheAccess] Releasing file lock for cache directory 9e7bb40ce50eff012e7e006d421cf70b (C:\Users\Luciano Muratore\Documents\ChordSeqAI\caches\9.3.0\transforms\9e7bb40ce50eff012e7e006d421cf70b)
2026-03-30T18:25:02.982+0200 [DEBUG] [org.gradle.cache.internal.DefaultFileLockManager] Releasing lock on cache directory 9e7bb40ce50eff012e7e006d421cf70b (C:\Users\Luciano Muratore\Documents\ChordSeqAI\caches\9.3.0\transforms\9e7bb40ce50eff012e7e006d421cf70b).
2026-03-30T18:25:02.983+0200 [DEBUG] [org.gradle.cache.internal.LockOnDemandCrossProcessCacheAccess] Releasing file lock for cache directory 1e8e86e261fe5b296abf82e56888342a (C:\Users\Luciano Muratore\Documents\ChordSeqAI\caches\9.3.0\transforms\1e8e86e261fe5b296abf82e56888342a)
2026-03-30T18:25:02.983+0200 [DEBUG] [org.gradle.cache.internal.DefaultFileLockManager] Releasing lock on cache directory 1e8e86e261fe5b296abf82e56888342a (C:\Users\Luciano Muratore\Documents\ChordSeqAI\caches\9.3.0\transforms\1e8e86e261fe5b296abf82e56888342a).
2026-03-30T18:25:02.983+0200 [DEBUG] [org.gradle.cache.internal.LockOnDemandCrossProcessCacheAccess] Releasing file lock for cache directory 2172def9eb6b7cb3235dcfae3c1c9161 (C:\Users\Luciano Muratore\Documents\ChordSeqAI\caches\9.3.0\transforms\2172def9eb6b7cb3235dcfae3c1c9161)
2026-03-30T18:25:02.983+0200 [DEBUG] [org.gradle.cache.internal.DefaultFileLockManager] Releasing lock on cache directory 2172def9eb6b7cb3235dcfae3c1c9161 (C:\Users\Luciano Muratore\Documents\ChordSeqAI\caches\9.3.0\transforms\2172def9eb6b7cb3235dcfae3c1c9161).
2026-03-30T18:25:02.984+0200 [DEBUG] [org.gradle.cache.internal.LockOnDemandCrossProcessCacheAccess] Releasing file lock for cache directory cda3b78d1e2a18a95947a8b0470b5588 (C:\Users\Luciano Muratore\Documents\ChordSeqAI\caches\9.3.0\transforms\cda3b78d1e2a18a95947a8b0470b5588)
2026-03-30T18:25:02.984+0200 [DEBUG] [org.gradle.cache.internal.DefaultFileLockManager] Releasing lock on cache directory cda3b78d1e2a18a95947a8b0470b5588 (C:\Users\Luciano Muratore\Documents\ChordSeqAI\caches\9.3.0\transforms\cda3b78d1e2a18a95947a8b0470b5588).
2026-03-30T18:25:02.984+0200 [DEBUG] [org.gradle.cache.internal.LockOnDemandCrossProcessCacheAccess] Releasing file lock for cache directory 7b272bc3466eeae8998b577a0778999a (C:\Users\Luciano Muratore\Documents\ChordSeqAI\caches\9.3.0\transforms\7b272bc3466eeae8998b577a0778999a)
2026-03-30T18:25:02.984+0200 [DEBUG] [org.gradle.cache.internal.DefaultFileLockManager] Releasing lock on cache directory 7b272bc3466eeae8998b577a0778999a (C:\Users\Luciano Muratore\Documents\ChordSeqAI\caches\9.3.0\transforms\7b272bc3466eeae8998b577a0778999a).
2026-03-30T18:25:02.984+0200 [DEBUG] [org.gradle.cache.internal.LockOnDemandCrossProcessCacheAccess] Releasing file lock for cache directory 1d208ce552803d3d19ba31af189350cc (C:\Users\Luciano Muratore\Documents\ChordSeqAI\caches\9.3.0\transforms\1d208ce552803d3d19ba31af189350cc)
2026-03-30T18:25:02.984+0200 [DEBUG] [org.gradle.cache.internal.DefaultFileLockManager] Releasing lock on cache directory 1d208ce552803d3d19ba31af189350cc (C:\Users\Luciano Muratore\Documents\ChordSeqAI\caches\9.3.0\transforms\1d208ce552803d3d19ba31af189350cc).
2026-03-30T18:25:02.985+0200 [DEBUG] [org.gradle.cache.internal.LockOnDemandCrossProcessCacheAccess] Releasing file lock for cache directory 8a0a04a3fe7b7b43bcdb75c954e2c15d (C:\Users\Luciano Muratore\Documents\ChordSeqAI\caches\9.3.0\transforms\8a0a04a3fe7b7b43bcdb75c954e2c15d)
2026-03-30T18:25:02.985+0200 [DEBUG] [org.gradle.cache.internal.DefaultFileLockManager] Releasing lock on cache directory 8a0a04a3fe7b7b43bcdb75c954e2c15d (C:\Users\Luciano Muratore\Documents\ChordSeqAI\caches\9.3.0\transforms\8a0a04a3fe7b7b43bcdb75c954e2c15d).
2026-03-30T18:25:02.986+0200 [DEBUG] [org.gradle.cache.internal.LockOnDemandCrossProcessCacheAccess] Releasing file lock for cache directory 7e8c907cc4ccdbca601e65112da2f8bd (C:\Users\Luciano Muratore\Documents\ChordSeqAI\caches\9.3.0\transforms\7e8c907cc4ccdbca601e65112da2f8bd)
2026-03-30T18:25:02.986+0200 [DEBUG] [org.gradle.cache.internal.DefaultFileLockManager] Releasing lock on cache directory 7e8c907cc4ccdbca601e65112da2f8bd (C:\Users\Luciano Muratore\Documents\ChordSeqAI\caches\9.3.0\transforms\7e8c907cc4ccdbca601e65112da2f8bd).
2026-03-30T18:25:02.987+0200 [DEBUG] [org.gradle.cache.internal.LockOnDemandCrossProcessCacheAccess] Releasing file lock for cache directory 9838265dbc2afb8a0b2126fbc3eb31d5 (C:\Users\Luciano Muratore\Documents\ChordSeqAI\caches\9.3.0\transforms\9838265dbc2afb8a0b2126fbc3eb31d5)
2026-03-30T18:25:02.987+0200 [DEBUG] [org.gradle.cache.internal.DefaultFileLockManager] Releasing lock on cache directory 9838265dbc2afb8a0b2126fbc3eb31d5 (C:\Users\Luciano Muratore\Documents\ChordSeqAI\caches\9.3.0\transforms\9838265dbc2afb8a0b2126fbc3eb31d5).
2026-03-30T18:25:02.987+0200 [DEBUG] [org.gradle.cache.internal.LockOnDemandCrossProcessCacheAccess] Releasing file lock for cache directory 8af63120567161ad5cfac0cb0dc1b749 (C:\Users\Luciano Muratore\Documents\ChordSeqAI\caches\9.3.0\transforms\8af63120567161ad5cfac0cb0dc1b749)
2026-03-30T18:25:02.987+0200 [DEBUG] [org.gradle.cache.internal.DefaultFileLockManager] Releasing lock on cache directory 8af63120567161ad5cfac0cb0dc1b749 (C:\Users\Luciano Muratore\Documents\ChordSeqAI\caches\9.3.0\transforms\8af63120567161ad5cfac0cb0dc1b749).
2026-03-30T18:25:02.988+0200 [DEBUG] [org.gradle.cache.internal.LockOnDemandCrossProcessCacheAccess] Releasing file lock for cache directory e9ac77da6ac58da2f07256c78e434139 (C:\Users\Luciano Muratore\Documents\ChordSeqAI\caches\9.3.0\transforms\e9ac77da6ac58da2f07256c78e434139)
2026-03-30T18:25:02.988+0200 [DEBUG] [org.gradle.cache.internal.DefaultFileLockManager] Releasing lock on cache directory e9ac77da6ac58da2f07256c78e434139 (C:\Users\Luciano Muratore\Documents\ChordSeqAI\caches\9.3.0\transforms\e9ac77da6ac58da2f07256c78e434139).
2026-03-30T18:25:02.988+0200 [DEBUG] [org.gradle.cache.internal.LockOnDemandCrossProcessCacheAccess] Releasing file lock for cache directory fb136862d2ce432999d2ae3fbbb37616 (C:\Users\Luciano Muratore\Documents\ChordSeqAI\caches\9.3.0\transforms\fb136862d2ce432999d2ae3fbbb37616)
2026-03-30T18:25:02.988+0200 [DEBUG] [org.gradle.cache.internal.DefaultFileLockManager] Releasing lock on cache directory fb136862d2ce432999d2ae3fbbb37616 (C:\Users\Luciano Muratore\Documents\ChordSeqAI\caches\9.3.0\transforms\fb136862d2ce432999d2ae3fbbb37616).
2026-03-30T18:25:02.989+0200 [DEBUG] [org.gradle.cache.internal.LockOnDemandCrossProcessCacheAccess] Releasing file lock for cache directory 91642fe221ab530be493e8e09a3f5d0e (C:\Users\Luciano Muratore\Documents\ChordSeqAI\caches\9.3.0\transforms\91642fe221ab530be493e8e09a3f5d0e)
2026-03-30T18:25:02.989+0200 [DEBUG] [org.gradle.cache.internal.DefaultFileLockManager] Releasing lock on cache directory 91642fe221ab530be493e8e09a3f5d0e (C:\Users\Luciano Muratore\Documents\ChordSeqAI\caches\9.3.0\transforms\91642fe221ab530be493e8e09a3f5d0e).
2026-03-30T18:25:02.989+0200 [DEBUG] [org.gradle.cache.internal.LockOnDemandCrossProcessCacheAccess] Releasing file lock for cache directory 483a3540297a4b2d81d1ceb90fdfa21f (C:\Users\Luciano Muratore\Documents\ChordSeqAI\caches\9.3.0\transforms\483a3540297a4b2d81d1ceb90fdfa21f)
2026-03-30T18:25:02.989+0200 [DEBUG] [org.gradle.cache.internal.DefaultFileLockManager] Releasing lock on cache directory 483a3540297a4b2d81d1ceb90fdfa21f (C:\Users\Luciano Muratore\Documents\ChordSeqAI\caches\9.3.0\transforms\483a3540297a4b2d81d1ceb90fdfa21f).
2026-03-30T18:25:02.990+0200 [DEBUG] [org.gradle.cache.internal.LockOnDemandCrossProcessCacheAccess] Releasing file lock for cache directory e66c2ed9e817500c6175483536f77aa3 (C:\Users\Luciano Muratore\Documents\ChordSeqAI\caches\9.3.0\transforms\e66c2ed9e817500c6175483536f77aa3)
2026-03-30T18:25:02.990+0200 [DEBUG] [org.gradle.cache.internal.DefaultFileLockManager] Releasing lock on cache directory e66c2ed9e817500c6175483536f77aa3 (C:\Users\Luciano Muratore\Documents\ChordSeqAI\caches\9.3.0\transforms\e66c2ed9e817500c6175483536f77aa3).
2026-03-30T18:25:02.990+0200 [DEBUG] [org.gradle.cache.internal.LockOnDemandCrossProcessCacheAccess] Releasing file lock for cache directory 6f416278e9e7e2e17229ef538beced44 (C:\Users\Luciano Muratore\Documents\ChordSeqAI\caches\9.3.0\transforms\6f416278e9e7e2e17229ef538beced44)
2026-03-30T18:25:02.991+0200 [DEBUG] [org.gradle.cache.internal.DefaultFileLockManager] Releasing lock on cache directory 6f416278e9e7e2e17229ef538beced44 (C:\Users\Luciano Muratore\Documents\ChordSeqAI\caches\9.3.0\transforms\6f416278e9e7e2e17229ef538beced44).
2026-03-30T18:25:02.992+0200 [DEBUG] [org.gradle.cache.internal.LockOnDemandCrossProcessCacheAccess] Releasing file lock for cache directory a15cc9469cb500dedb795a475f23ef3b (C:\Users\Luciano Muratore\Documents\ChordSeqAI\caches\9.3.0\transforms\a15cc9469cb500dedb795a475f23ef3b)
2026-03-30T18:25:02.992+0200 [DEBUG] [org.gradle.cache.internal.DefaultFileLockManager] Releasing lock on cache directory a15cc9469cb500dedb795a475f23ef3b (C:\Users\Luciano Muratore\Documents\ChordSeqAI\caches\9.3.0\transforms\a15cc9469cb500dedb795a475f23ef3b).
2026-03-30T18:25:02.993+0200 [DEBUG] [org.gradle.cache.internal.LockOnDemandCrossProcessCacheAccess] Releasing file lock for cache directory 517e6bb6ef3a90f5ca9dfb92c2ea6c7d (C:\Users\Luciano Muratore\Documents\ChordSeqAI\caches\9.3.0\transforms\517e6bb6ef3a90f5ca9dfb92c2ea6c7d)
2026-03-30T18:25:02.993+0200 [DEBUG] [org.gradle.cache.internal.DefaultFileLockManager] Releasing lock on cache directory 517e6bb6ef3a90f5ca9dfb92c2ea6c7d (C:\Users\Luciano Muratore\Documents\ChordSeqAI\caches\9.3.0\transforms\517e6bb6ef3a90f5ca9dfb92c2ea6c7d).
2026-03-30T18:25:02.993+0200 [DEBUG] [org.gradle.cache.internal.LockOnDemandCrossProcessCacheAccess] Releasing file lock for cache directory 5db82516c3eed1146912400041bef8e0 (C:\Users\Luciano Muratore\Documents\ChordSeqAI\caches\9.3.0\transforms\5db82516c3eed1146912400041bef8e0)
2026-03-30T18:25:02.994+0200 [DEBUG] [org.gradle.cache.internal.DefaultFileLockManager] Releasing lock on cache directory 5db82516c3eed1146912400041bef8e0 (C:\Users\Luciano Muratore\Documents\ChordSeqAI\caches\9.3.0\transforms\5db82516c3eed1146912400041bef8e0).
2026-03-30T18:25:02.994+0200 [DEBUG] [org.gradle.cache.internal.LockOnDemandCrossProcessCacheAccess] Releasing file lock for cache directory c7b73ed0c19522a54bf2af7cc479c281 (C:\Users\Luciano Muratore\Documents\ChordSeqAI\caches\9.3.0\transforms\c7b73ed0c19522a54bf2af7cc479c281)
2026-03-30T18:25:02.994+0200 [DEBUG] [org.gradle.cache.internal.DefaultFileLockManager] Releasing lock on cache directory c7b73ed0c19522a54bf2af7cc479c281 (C:\Users\Luciano Muratore\Documents\ChordSeqAI\caches\9.3.0\transforms\c7b73ed0c19522a54bf2af7cc479c281).
2026-03-30T18:25:02.995+0200 [DEBUG] [org.gradle.cache.internal.LockOnDemandCrossProcessCacheAccess] Releasing file lock for cache directory 240dd78eab8a49379af36c2f6edd9a7a (C:\Users\Luciano Muratore\Documents\ChordSeqAI\caches\9.3.0\transforms\240dd78eab8a49379af36c2f6edd9a7a)
2026-03-30T18:25:02.995+0200 [DEBUG] [org.gradle.cache.internal.DefaultFileLockManager] Releasing lock on cache directory 240dd78eab8a49379af36c2f6edd9a7a (C:\Users\Luciano Muratore\Documents\ChordSeqAI\caches\9.3.0\transforms\240dd78eab8a49379af36c2f6edd9a7a).
2026-03-30T18:25:02.996+0200 [DEBUG] [org.gradle.cache.internal.LockOnDemandCrossProcessCacheAccess] Releasing file lock for cache directory d77917e5f2a1b8d0473f61c17c874897 (C:\Users\Luciano Muratore\Documents\ChordSeqAI\caches\9.3.0\transforms\d77917e5f2a1b8d0473f61c17c874897)
2026-03-30T18:25:02.996+0200 [DEBUG] [org.gradle.cache.internal.DefaultFileLockManager] Releasing lock on cache directory d77917e5f2a1b8d0473f61c17c874897 (C:\Users\Luciano Muratore\Documents\ChordSeqAI\caches\9.3.0\transforms\d77917e5f2a1b8d0473f61c17c874897).
2026-03-30T18:25:02.996+0200 [DEBUG] [org.gradle.cache.internal.LockOnDemandCrossProcessCacheAccess] Releasing file lock for cache directory 43d2a26c0a0ee50b9d36972e0f6b73a0 (C:\Users\Luciano Muratore\Documents\ChordSeqAI\caches\9.3.0\transforms\43d2a26c0a0ee50b9d36972e0f6b73a0)
2026-03-30T18:25:02.996+0200 [DEBUG] [org.gradle.cache.internal.DefaultFileLockManager] Releasing lock on cache directory 43d2a26c0a0ee50b9d36972e0f6b73a0 (C:\Users\Luciano Muratore\Documents\ChordSeqAI\caches\9.3.0\transforms\43d2a26c0a0ee50b9d36972e0f6b73a0).
2026-03-30T18:25:02.997+0200 [DEBUG] [org.gradle.cache.internal.LockOnDemandCrossProcessCacheAccess] Releasing file lock for cache directory 461420f1a4df7bd893c5ff31cb9e5a6c (C:\Users\Luciano Muratore\Documents\ChordSeqAI\caches\9.3.0\transforms\461420f1a4df7bd893c5ff31cb9e5a6c)
2026-03-30T18:25:02.997+0200 [DEBUG] [org.gradle.cache.internal.DefaultFileLockManager] Releasing lock on cache directory 461420f1a4df7bd893c5ff31cb9e5a6c (C:\Users\Luciano Muratore\Documents\ChordSeqAI\caches\9.3.0\transforms\461420f1a4df7bd893c5ff31cb9e5a6c).
2026-03-30T18:25:02.998+0200 [DEBUG] [org.gradle.cache.internal.LockOnDemandCrossProcessCacheAccess] Releasing file lock for cache directory a149c955a2b3ff9a91ed624862a2c383 (C:\Users\Luciano Muratore\Documents\ChordSeqAI\caches\9.3.0\transforms\a149c955a2b3ff9a91ed624862a2c383)
2026-03-30T18:25:02.998+0200 [DEBUG] [org.gradle.cache.internal.DefaultFileLockManager] Releasing lock on cache directory a149c955a2b3ff9a91ed624862a2c383 (C:\Users\Luciano Muratore\Documents\ChordSeqAI\caches\9.3.0\transforms\a149c955a2b3ff9a91ed624862a2c383).
2026-03-30T18:25:02.998+0200 [DEBUG] [org.gradle.cache.internal.LockOnDemandCrossProcessCacheAccess] Releasing file lock for cache directory 9221fcad8722bced5823ed1b6790f45b (C:\Users\Luciano Muratore\Documents\ChordSeqAI\caches\9.3.0\transforms\9221fcad8722bced5823ed1b6790f45b)
2026-03-30T18:25:02.998+0200 [DEBUG] [org.gradle.cache.internal.DefaultFileLockManager] Releasing lock on cache directory 9221fcad8722bced5823ed1b6790f45b (C:\Users\Luciano Muratore\Documents\ChordSeqAI\caches\9.3.0\transforms\9221fcad8722bced5823ed1b6790f45b).
2026-03-30T18:25:02.999+0200 [DEBUG] [org.gradle.cache.internal.LockOnDemandCrossProcessCacheAccess] Releasing file lock for cache directory cc60a805d2c99aa7abbf1c72a7fee383 (C:\Users\Luciano Muratore\Documents\ChordSeqAI\caches\9.3.0\transforms\cc60a805d2c99aa7abbf1c72a7fee383)
2026-03-30T18:25:02.999+0200 [DEBUG] [org.gradle.cache.internal.DefaultFileLockManager] Releasing lock on cache directory cc60a805d2c99aa7abbf1c72a7fee383 (C:\Users\Luciano Muratore\Documents\ChordSeqAI\caches\9.3.0\transforms\cc60a805d2c99aa7abbf1c72a7fee383).
2026-03-30T18:25:03.000+0200 [DEBUG] [org.gradle.cache.internal.LockOnDemandCrossProcessCacheAccess] Releasing file lock for cache directory 4b334adb6733ea812eac236d88b1ac4d (C:\Users\Luciano Muratore\Documents\ChordSeqAI\caches\9.3.0\transforms\4b334adb6733ea812eac236d88b1ac4d)
2026-03-30T18:25:03.000+0200 [DEBUG] [org.gradle.cache.internal.DefaultFileLockManager] Releasing lock on cache directory 4b334adb6733ea812eac236d88b1ac4d (C:\Users\Luciano Muratore\Documents\ChordSeqAI\caches\9.3.0\transforms\4b334adb6733ea812eac236d88b1ac4d).
2026-03-30T18:25:03.000+0200 [DEBUG] [org.gradle.cache.internal.LockOnDemandCrossProcessCacheAccess] Releasing file lock for cache directory 52f56d27ba7e57a6b4df3f594cca50ca (C:\Users\Luciano Muratore\Documents\ChordSeqAI\caches\9.3.0\transforms\52f56d27ba7e57a6b4df3f594cca50ca)
2026-03-30T18:25:03.000+0200 [DEBUG] [org.gradle.cache.internal.DefaultFileLockManager] Releasing lock on cache directory 52f56d27ba7e57a6b4df3f594cca50ca (C:\Users\Luciano Muratore\Documents\ChordSeqAI\caches\9.3.0\transforms\52f56d27ba7e57a6b4df3f594cca50ca).
2026-03-30T18:25:03.001+0200 [DEBUG] [org.gradle.cache.internal.LockOnDemandCrossProcessCacheAccess] Releasing file lock for cache directory 5372314c14b36cbb128e416680500bc3 (C:\Users\Luciano Muratore\Documents\ChordSeqAI\caches\9.3.0\transforms\5372314c14b36cbb128e416680500bc3)
2026-03-30T18:25:03.001+0200 [DEBUG] [org.gradle.cache.internal.DefaultFileLockManager] Releasing lock on cache directory 5372314c14b36cbb128e416680500bc3 (C:\Users\Luciano Muratore\Documents\ChordSeqAI\caches\9.3.0\transforms\5372314c14b36cbb128e416680500bc3).
2026-03-30T18:25:03.001+0200 [DEBUG] [org.gradle.cache.internal.LockOnDemandCrossProcessCacheAccess] Releasing file lock for cache directory 2990043fd131be7e7c561c441749efa3 (C:\Users\Luciano Muratore\Documents\ChordSeqAI\caches\9.3.0\transforms\2990043fd131be7e7c561c441749efa3)
2026-03-30T18:25:03.001+0200 [DEBUG] [org.gradle.cache.internal.DefaultFileLockManager] Releasing lock on cache directory 2990043fd131be7e7c561c441749efa3 (C:\Users\Luciano Muratore\Documents\ChordSeqAI\caches\9.3.0\transforms\2990043fd131be7e7c561c441749efa3).
2026-03-30T18:25:03.002+0200 [DEBUG] [org.gradle.cache.internal.LockOnDemandCrossProcessCacheAccess] Releasing file lock for cache directory 9932a4efeec58607e55ddb917c35ad6c (C:\Users\Luciano Muratore\Documents\ChordSeqAI\caches\9.3.0\transforms\9932a4efeec58607e55ddb917c35ad6c)
2026-03-30T18:25:03.003+0200 [DEBUG] [org.gradle.cache.internal.DefaultFileLockManager] Releasing lock on cache directory 9932a4efeec58607e55ddb917c35ad6c (C:\Users\Luciano Muratore\Documents\ChordSeqAI\caches\9.3.0\transforms\9932a4efeec58607e55ddb917c35ad6c).
2026-03-30T18:25:03.003+0200 [DEBUG] [org.gradle.cache.internal.LockOnDemandCrossProcessCacheAccess] Releasing file lock for cache directory 04554be5a529335c8705cadbb6044f69 (C:\Users\Luciano Muratore\Documents\ChordSeqAI\caches\9.3.0\transforms\04554be5a529335c8705cadbb6044f69)
2026-03-30T18:25:03.003+0200 [DEBUG] [org.gradle.cache.internal.DefaultFileLockManager] Releasing lock on cache directory 04554be5a529335c8705cadbb6044f69 (C:\Users\Luciano Muratore\Documents\ChordSeqAI\caches\9.3.0\transforms\04554be5a529335c8705cadbb6044f69).
2026-03-30T18:25:03.004+0200 [DEBUG] [org.gradle.cache.internal.LockOnDemandCrossProcessCacheAccess] Releasing file lock for cache directory a386d6dc8ffcca79c8464f659c1503a2 (C:\Users\Luciano Muratore\Documents\ChordSeqAI\caches\9.3.0\transforms\a386d6dc8ffcca79c8464f659c1503a2)
2026-03-30T18:25:03.004+0200 [DEBUG] [org.gradle.cache.internal.DefaultFileLockManager] Releasing lock on cache directory a386d6dc8ffcca79c8464f659c1503a2 (C:\Users\Luciano Muratore\Documents\ChordSeqAI\caches\9.3.0\transforms\a386d6dc8ffcca79c8464f659c1503a2).
2026-03-30T18:25:03.004+0200 [DEBUG] [org.gradle.cache.internal.LockOnDemandCrossProcessCacheAccess] Releasing file lock for cache directory b8440e25ae1e3496f770cf6577b923f1 (C:\Users\Luciano Muratore\Documents\ChordSeqAI\caches\9.3.0\transforms\b8440e25ae1e3496f770cf6577b923f1)
2026-03-30T18:25:03.004+0200 [DEBUG] [org.gradle.cache.internal.DefaultFileLockManager] Releasing lock on cache directory b8440e25ae1e3496f770cf6577b923f1 (C:\Users\Luciano Muratore\Documents\ChordSeqAI\caches\9.3.0\transforms\b8440e25ae1e3496f770cf6577b923f1).
2026-03-30T18:25:03.005+0200 [DEBUG] [org.gradle.cache.internal.LockOnDemandCrossProcessCacheAccess] Releasing file lock for cache directory e7d6eb8653c9ec7fa6a8b848db5a16eb (C:\Users\Luciano Muratore\Documents\ChordSeqAI\caches\9.3.0\transforms\e7d6eb8653c9ec7fa6a8b848db5a16eb)
2026-03-30T18:25:03.005+0200 [DEBUG] [org.gradle.cache.internal.DefaultFileLockManager] Releasing lock on cache directory e7d6eb8653c9ec7fa6a8b848db5a16eb (C:\Users\Luciano Muratore\Documents\ChordSeqAI\caches\9.3.0\transforms\e7d6eb8653c9ec7fa6a8b848db5a16eb).
2026-03-30T18:25:03.011+0200 [DEBUG] [org.gradle.cache.internal.LockOnDemandCrossProcessCacheAccess] Releasing file lock for cache directory 8b8ab82136efbbc4135ea94e49343a59 (C:\Users\Luciano Muratore\Documents\ChordSeqAI\caches\9.3.0\transforms\8b8ab82136efbbc4135ea94e49343a59)
2026-03-30T18:25:03.011+0200 [DEBUG] [org.gradle.cache.internal.DefaultFileLockManager] Releasing lock on cache directory 8b8ab82136efbbc4135ea94e49343a59 (C:\Users\Luciano Muratore\Documents\ChordSeqAI\caches\9.3.0\transforms\8b8ab82136efbbc4135ea94e49343a59).
2026-03-30T18:25:03.011+0200 [DEBUG] [org.gradle.cache.internal.LockOnDemandCrossProcessCacheAccess] Releasing file lock for cache directory e6599fba2f69a85bc186adccf3ec5630 (C:\Users\Luciano Muratore\Documents\ChordSeqAI\caches\9.3.0\transforms\e6599fba2f69a85bc186adccf3ec5630)
2026-03-30T18:25:03.012+0200 [DEBUG] [org.gradle.cache.internal.DefaultFileLockManager] Releasing lock on cache directory e6599fba2f69a85bc186adccf3ec5630 (C:\Users\Luciano Muratore\Documents\ChordSeqAI\caches\9.3.0\transforms\e6599fba2f69a85bc186adccf3ec5630).
2026-03-30T18:25:03.012+0200 [DEBUG] [org.gradle.cache.internal.LockOnDemandCrossProcessCacheAccess] Releasing file lock for cache directory b91b8aaaa08882a23f4f5ac4b9ba7e11 (C:\Users\Luciano Muratore\Documents\ChordSeqAI\caches\9.3.0\transforms\b91b8aaaa08882a23f4f5ac4b9ba7e11)
2026-03-30T18:25:03.012+0200 [DEBUG] [org.gradle.cache.internal.DefaultFileLockManager] Releasing lock on cache directory b91b8aaaa08882a23f4f5ac4b9ba7e11 (C:\Users\Luciano Muratore\Documents\ChordSeqAI\caches\9.3.0\transforms\b91b8aaaa08882a23f4f5ac4b9ba7e11).
2026-03-30T18:25:03.013+0200 [DEBUG] [org.gradle.cache.internal.LockOnDemandCrossProcessCacheAccess] Releasing file lock for cache directory 7cfed8830b5cf8da9285c8a8b8ac8c26 (C:\Users\Luciano Muratore\Documents\ChordSeqAI\caches\9.3.0\transforms\7cfed8830b5cf8da9285c8a8b8ac8c26)
2026-03-30T18:25:03.013+0200 [DEBUG] [org.gradle.cache.internal.DefaultFileLockManager] Releasing lock on cache directory 7cfed8830b5cf8da9285c8a8b8ac8c26 (C:\Users\Luciano Muratore\Documents\ChordSeqAI\caches\9.3.0\transforms\7cfed8830b5cf8da9285c8a8b8ac8c26).
2026-03-30T18:25:03.014+0200 [DEBUG] [org.gradle.cache.internal.LockOnDemandCrossProcessCacheAccess] Releasing file lock for cache directory 2d40e57e83d8b2476abebab7d43826fd (C:\Users\Luciano Muratore\Documents\ChordSeqAI\caches\9.3.0\transforms\2d40e57e83d8b2476abebab7d43826fd)
2026-03-30T18:25:03.014+0200 [DEBUG] [org.gradle.cache.internal.DefaultFileLockManager] Releasing lock on cache directory 2d40e57e83d8b2476abebab7d43826fd (C:\Users\Luciano Muratore\Documents\ChordSeqAI\caches\9.3.0\transforms\2d40e57e83d8b2476abebab7d43826fd).
2026-03-30T18:25:03.014+0200 [DEBUG] [org.gradle.cache.internal.LockOnDemandCrossProcessCacheAccess] Releasing file lock for cache directory c551fd0ad0c498fc61877e9c8e3fe548 (C:\Users\Luciano Muratore\Documents\ChordSeqAI\caches\9.3.0\transforms\c551fd0ad0c498fc61877e9c8e3fe548)
2026-03-30T18:25:03.014+0200 [DEBUG] [org.gradle.cache.internal.DefaultFileLockManager] Releasing lock on cache directory c551fd0ad0c498fc61877e9c8e3fe548 (C:\Users\Luciano Muratore\Documents\ChordSeqAI\caches\9.3.0\transforms\c551fd0ad0c498fc61877e9c8e3fe548).
2026-03-30T18:25:03.015+0200 [DEBUG] [org.gradle.cache.internal.LockOnDemandCrossProcessCacheAccess] Releasing file lock for cache directory 6cb1a8a5237985a6111d9145e7670ddf (C:\Users\Luciano Muratore\Documents\ChordSeqAI\caches\9.3.0\transforms\6cb1a8a5237985a6111d9145e7670ddf)
2026-03-30T18:25:03.015+0200 [DEBUG] [org.gradle.cache.internal.DefaultFileLockManager] Releasing lock on cache directory 6cb1a8a5237985a6111d9145e7670ddf (C:\Users\Luciano Muratore\Documents\ChordSeqAI\caches\9.3.0\transforms\6cb1a8a5237985a6111d9145e7670ddf).
2026-03-30T18:25:03.015+0200 [DEBUG] [org.gradle.cache.internal.LockOnDemandCrossProcessCacheAccess] Releasing file lock for cache directory ca9a7d78ab7b38b11a2319eb76427238 (C:\Users\Luciano Muratore\Documents\ChordSeqAI\caches\9.3.0\transforms\ca9a7d78ab7b38b11a2319eb76427238)
2026-03-30T18:25:03.015+0200 [DEBUG] [org.gradle.cache.internal.DefaultFileLockManager] Releasing lock on cache directory ca9a7d78ab7b38b11a2319eb76427238 (C:\Users\Luciano Muratore\Documents\ChordSeqAI\caches\9.3.0\transforms\ca9a7d78ab7b38b11a2319eb76427238).
2026-03-30T18:25:03.016+0200 [DEBUG] [org.gradle.cache.internal.LockOnDemandCrossProcessCacheAccess] Releasing file lock for cache directory 8a9345eedf5ecac4eb98c7a70a069299 (C:\Users\Luciano Muratore\Documents\ChordSeqAI\caches\9.3.0\transforms\8a9345eedf5ecac4eb98c7a70a069299)
2026-03-30T18:25:03.016+0200 [DEBUG] [org.gradle.cache.internal.DefaultFileLockManager] Releasing lock on cache directory 8a9345eedf5ecac4eb98c7a70a069299 (C:\Users\Luciano Muratore\Documents\ChordSeqAI\caches\9.3.0\transforms\8a9345eedf5ecac4eb98c7a70a069299).
2026-03-30T18:25:03.016+0200 [DEBUG] [org.gradle.cache.internal.LockOnDemandCrossProcessCacheAccess] Releasing file lock for cache directory 9ffb6c790efbf49ee6412e5dc8a2ea48 (C:\Users\Luciano Muratore\Documents\ChordSeqAI\caches\9.3.0\transforms\9ffb6c790efbf49ee6412e5dc8a2ea48)
2026-03-30T18:25:03.016+0200 [DEBUG] [org.gradle.cache.internal.DefaultFileLockManager] Releasing lock on cache directory 9ffb6c790efbf49ee6412e5dc8a2ea48 (C:\Users\Luciano Muratore\Documents\ChordSeqAI\caches\9.3.0\transforms\9ffb6c790efbf49ee6412e5dc8a2ea48).
2026-03-30T18:25:03.016+0200 [DEBUG] [org.gradle.cache.internal.LockOnDemandCrossProcessCacheAccess] Releasing file lock for cache directory 380a97b0b072a6a24eb2880f2b7bf21f (C:\Users\Luciano Muratore\Documents\ChordSeqAI\caches\9.3.0\transforms\380a97b0b072a6a24eb2880f2b7bf21f)
2026-03-30T18:25:03.017+0200 [DEBUG] [org.gradle.cache.internal.DefaultFileLockManager] Releasing lock on cache directory 380a97b0b072a6a24eb2880f2b7bf21f (C:\Users\Luciano Muratore\Documents\ChordSeqAI\caches\9.3.0\transforms\380a97b0b072a6a24eb2880f2b7bf21f).
2026-03-30T18:25:03.017+0200 [DEBUG] [org.gradle.cache.internal.LockOnDemandCrossProcessCacheAccess] Releasing file lock for cache directory 77327d26c2c971c1c22eb3b31b3aad2c (C:\Users\Luciano Muratore\Documents\ChordSeqAI\caches\9.3.0\transforms\77327d26c2c971c1c22eb3b31b3aad2c)
2026-03-30T18:25:03.017+0200 [DEBUG] [org.gradle.cache.internal.DefaultFileLockManager] Releasing lock on cache directory 77327d26c2c971c1c22eb3b31b3aad2c (C:\Users\Luciano Muratore\Documents\ChordSeqAI\caches\9.3.0\transforms\77327d26c2c971c1c22eb3b31b3aad2c).
2026-03-30T18:25:03.017+0200 [DEBUG] [org.gradle.cache.internal.LockOnDemandCrossProcessCacheAccess] Releasing file lock for cache directory 79808657d23f389b50fcd53e273e8af1 (C:\Users\Luciano Muratore\Documents\ChordSeqAI\caches\9.3.0\transforms\79808657d23f389b50fcd53e273e8af1)
2026-03-30T18:25:03.018+0200 [DEBUG] [org.gradle.cache.internal.DefaultFileLockManager] Releasing lock on cache directory 79808657d23f389b50fcd53e273e8af1 (C:\Users\Luciano Muratore\Documents\ChordSeqAI\caches\9.3.0\transforms\79808657d23f389b50fcd53e273e8af1).
2026-03-30T18:25:03.018+0200 [DEBUG] [org.gradle.cache.internal.LockOnDemandCrossProcessCacheAccess] Releasing file lock for cache directory 02116e868878d26414eff52d2a81abc6 (C:\Users\Luciano Muratore\Documents\ChordSeqAI\caches\9.3.0\transforms\02116e868878d26414eff52d2a81abc6)
2026-03-30T18:25:03.019+0200 [DEBUG] [org.gradle.cache.internal.DefaultFileLockManager] Releasing lock on cache directory 02116e868878d26414eff52d2a81abc6 (C:\Users\Luciano Muratore\Documents\ChordSeqAI\caches\9.3.0\transforms\02116e868878d26414eff52d2a81abc6).
2026-03-30T18:25:03.019+0200 [DEBUG] [org.gradle.cache.internal.LockOnDemandCrossProcessCacheAccess] Releasing file lock for cache directory 5bcf558313542cd4672e1d4ebbf9579c (C:\Users\Luciano Muratore\Documents\ChordSeqAI\caches\9.3.0\transforms\5bcf558313542cd4672e1d4ebbf9579c)
2026-03-30T18:25:03.019+0200 [DEBUG] [org.gradle.cache.internal.DefaultFileLockManager] Releasing lock on cache directory 5bcf558313542cd4672e1d4ebbf9579c (C:\Users\Luciano Muratore\Documents\ChordSeqAI\caches\9.3.0\transforms\5bcf558313542cd4672e1d4ebbf9579c).
2026-03-30T18:25:03.019+0200 [DEBUG] [org.gradle.cache.internal.LockOnDemandCrossProcessCacheAccess] Releasing file lock for cache directory 9ed36e16cea7fabe9db0d8f360b38aad (C:\Users\Luciano Muratore\Documents\ChordSeqAI\caches\9.3.0\transforms\9ed36e16cea7fabe9db0d8f360b38aad)
2026-03-30T18:25:03.019+0200 [DEBUG] [org.gradle.cache.internal.DefaultFileLockManager] Releasing lock on cache directory 9ed36e16cea7fabe9db0d8f360b38aad (C:\Users\Luciano Muratore\Documents\ChordSeqAI\caches\9.3.0\transforms\9ed36e16cea7fabe9db0d8f360b38aad).
2026-03-30T18:25:03.021+0200 [DEBUG] [org.gradle.cache.internal.LockOnDemandCrossProcessCacheAccess] Releasing file lock for cache directory 09262433bc831ba083be731da0563a17 (C:\Users\Luciano Muratore\Documents\ChordSeqAI\caches\9.3.0\transforms\09262433bc831ba083be731da0563a17)
2026-03-30T18:25:03.021+0200 [DEBUG] [org.gradle.cache.internal.DefaultFileLockManager] Releasing lock on cache directory 09262433bc831ba083be731da0563a17 (C:\Users\Luciano Muratore\Documents\ChordSeqAI\caches\9.3.0\transforms\09262433bc831ba083be731da0563a17).
2026-03-30T18:25:03.021+0200 [DEBUG] [org.gradle.cache.internal.LockOnDemandCrossProcessCacheAccess] Releasing file lock for cache directory 4d87fae0c4800f942c9ecb8a270a9843 (C:\Users\Luciano Muratore\Documents\ChordSeqAI\caches\9.3.0\transforms\4d87fae0c4800f942c9ecb8a270a9843)
2026-03-30T18:25:03.021+0200 [DEBUG] [org.gradle.cache.internal.DefaultFileLockManager] Releasing lock on cache directory 4d87fae0c4800f942c9ecb8a270a9843 (C:\Users\Luciano Muratore\Documents\ChordSeqAI\caches\9.3.0\transforms\4d87fae0c4800f942c9ecb8a270a9843).
2026-03-30T18:25:03.022+0200 [DEBUG] [org.gradle.cache.internal.LockOnDemandCrossProcessCacheAccess] Releasing file lock for cache directory 602d479e20dd4e289ff6f8d46b0edc72 (C:\Users\Luciano Muratore\Documents\ChordSeqAI\caches\9.3.0\transforms\602d479e20dd4e289ff6f8d46b0edc72)
2026-03-30T18:25:03.022+0200 [DEBUG] [org.gradle.cache.internal.DefaultFileLockManager] Releasing lock on cache directory 602d479e20dd4e289ff6f8d46b0edc72 (C:\Users\Luciano Muratore\Documents\ChordSeqAI\caches\9.3.0\transforms\602d479e20dd4e289ff6f8d46b0edc72).
2026-03-30T18:25:03.022+0200 [DEBUG] [org.gradle.cache.internal.LockOnDemandCrossProcessCacheAccess] Releasing file lock for cache directory c8b5d92bdbcc878521f11c2c7f38fe28 (C:\Users\Luciano Muratore\Documents\ChordSeqAI\caches\9.3.0\transforms\c8b5d92bdbcc878521f11c2c7f38fe28)
2026-03-30T18:25:03.022+0200 [DEBUG] [org.gradle.cache.internal.DefaultFileLockManager] Releasing lock on cache directory c8b5d92bdbcc878521f11c2c7f38fe28 (C:\Users\Luciano Muratore\Documents\ChordSeqAI\caches\9.3.0\transforms\c8b5d92bdbcc878521f11c2c7f38fe28).
2026-03-30T18:25:03.023+0200 [DEBUG] [org.gradle.cache.internal.LockOnDemandCrossProcessCacheAccess] Releasing file lock for cache directory 16dd78724c1427749fd514a5d3bfd5c1 (C:\Users\Luciano Muratore\Documents\ChordSeqAI\caches\9.3.0\transforms\16dd78724c1427749fd514a5d3bfd5c1)
2026-03-30T18:25:03.023+0200 [DEBUG] [org.gradle.cache.internal.DefaultFileLockManager] Releasing lock on cache directory 16dd78724c1427749fd514a5d3bfd5c1 (C:\Users\Luciano Muratore\Documents\ChordSeqAI\caches\9.3.0\transforms\16dd78724c1427749fd514a5d3bfd5c1).
2026-03-30T18:25:03.023+0200 [DEBUG] [org.gradle.cache.internal.LockOnDemandCrossProcessCacheAccess] Releasing file lock for cache directory 5cb0efc3354c01a4e4aeed45c04062bd (C:\Users\Luciano Muratore\Documents\ChordSeqAI\caches\9.3.0\transforms\5cb0efc3354c01a4e4aeed45c04062bd)
2026-03-30T18:25:03.024+0200 [DEBUG] [org.gradle.cache.internal.DefaultFileLockManager] Releasing lock on cache directory 5cb0efc3354c01a4e4aeed45c04062bd (C:\Users\Luciano Muratore\Documents\ChordSeqAI\caches\9.3.0\transforms\5cb0efc3354c01a4e4aeed45c04062bd).
2026-03-30T18:25:03.024+0200 [DEBUG] [org.gradle.cache.internal.LockOnDemandCrossProcessCacheAccess] Releasing file lock for cache directory f1c50561da74cc8ab317fe617d3d2d52 (C:\Users\Luciano Muratore\Documents\ChordSeqAI\caches\9.3.0\transforms\f1c50561da74cc8ab317fe617d3d2d52)
2026-03-30T18:25:03.024+0200 [DEBUG] [org.gradle.cache.internal.DefaultFileLockManager] Releasing lock on cache directory f1c50561da74cc8ab317fe617d3d2d52 (C:\Users\Luciano Muratore\Documents\ChordSeqAI\caches\9.3.0\transforms\f1c50561da74cc8ab317fe617d3d2d52).
2026-03-30T18:25:03.024+0200 [DEBUG] [org.gradle.cache.internal.LockOnDemandCrossProcessCacheAccess] Releasing file lock for cache directory fd217d9a0654e56d002a4ffc114bfc17 (C:\Users\Luciano Muratore\Documents\ChordSeqAI\caches\9.3.0\transforms\fd217d9a0654e56d002a4ffc114bfc17)
2026-03-30T18:25:03.024+0200 [DEBUG] [org.gradle.cache.internal.DefaultFileLockManager] Releasing lock on cache directory fd217d9a0654e56d002a4ffc114bfc17 (C:\Users\Luciano Muratore\Documents\ChordSeqAI\caches\9.3.0\transforms\fd217d9a0654e56d002a4ffc114bfc17).
2026-03-30T18:25:03.025+0200 [DEBUG] [org.gradle.cache.internal.LockOnDemandCrossProcessCacheAccess] Releasing file lock for cache directory a67019cc7d77830c1f31aabbb74504a2 (C:\Users\Luciano Muratore\Documents\ChordSeqAI\caches\9.3.0\transforms\a67019cc7d77830c1f31aabbb74504a2)
2026-03-30T18:25:03.025+0200 [DEBUG] [org.gradle.cache.internal.DefaultFileLockManager] Releasing lock on cache directory a67019cc7d77830c1f31aabbb74504a2 (C:\Users\Luciano Muratore\Documents\ChordSeqAI\caches\9.3.0\transforms\a67019cc7d77830c1f31aabbb74504a2).
2026-03-30T18:25:03.025+0200 [DEBUG] [org.gradle.cache.internal.LockOnDemandCrossProcessCacheAccess] Releasing file lock for cache directory 777947b6829a00ed23aab174abae55ac (C:\Users\Luciano Muratore\Documents\ChordSeqAI\caches\9.3.0\transforms\777947b6829a00ed23aab174abae55ac)
2026-03-30T18:25:03.025+0200 [DEBUG] [org.gradle.cache.internal.DefaultFileLockManager] Releasing lock on cache directory 777947b6829a00ed23aab174abae55ac (C:\Users\Luciano Muratore\Documents\ChordSeqAI\caches\9.3.0\transforms\777947b6829a00ed23aab174abae55ac).
2026-03-30T18:25:03.026+0200 [DEBUG] [org.gradle.cache.internal.LockOnDemandCrossProcessCacheAccess] Releasing file lock for cache directory 2bef1d90804a595a024912c9e1febeb4 (C:\Users\Luciano Muratore\Documents\ChordSeqAI\caches\9.3.0\transforms\2bef1d90804a595a024912c9e1febeb4)
2026-03-30T18:25:03.026+0200 [DEBUG] [org.gradle.cache.internal.DefaultFileLockManager] Releasing lock on cache directory 2bef1d90804a595a024912c9e1febeb4 (C:\Users\Luciano Muratore\Documents\ChordSeqAI\caches\9.3.0\transforms\2bef1d90804a595a024912c9e1febeb4).
2026-03-30T18:25:03.026+0200 [DEBUG] [org.gradle.cache.internal.LockOnDemandCrossProcessCacheAccess] Releasing file lock for cache directory f218036c712dde003d5be59ba553386f (C:\Users\Luciano Muratore\Documents\ChordSeqAI\caches\9.3.0\transforms\f218036c712dde003d5be59ba553386f)
2026-03-30T18:25:03.026+0200 [DEBUG] [org.gradle.cache.internal.DefaultFileLockManager] Releasing lock on cache directory f218036c712dde003d5be59ba553386f (C:\Users\Luciano Muratore\Documents\ChordSeqAI\caches\9.3.0\transforms\f218036c712dde003d5be59ba553386f).
2026-03-30T18:25:03.027+0200 [DEBUG] [org.gradle.cache.internal.LockOnDemandCrossProcessCacheAccess] Releasing file lock for cache directory c7fd213f9acc95f21c4fdb5f3bd10a67 (C:\Users\Luciano Muratore\Documents\ChordSeqAI\caches\9.3.0\transforms\c7fd213f9acc95f21c4fdb5f3bd10a67)
2026-03-30T18:25:03.027+0200 [DEBUG] [org.gradle.cache.internal.DefaultFileLockManager] Releasing lock on cache directory c7fd213f9acc95f21c4fdb5f3bd10a67 (C:\Users\Luciano Muratore\Documents\ChordSeqAI\caches\9.3.0\transforms\c7fd213f9acc95f21c4fdb5f3bd10a67).
2026-03-30T18:25:03.028+0200 [DEBUG] [org.gradle.cache.internal.LockOnDemandCrossProcessCacheAccess] Releasing file lock for cache directory 45fae8d788f3375b455093a7ba5a9f7d (C:\Users\Luciano Muratore\Documents\ChordSeqAI\caches\9.3.0\transforms\45fae8d788f3375b455093a7ba5a9f7d)
2026-03-30T18:25:03.028+0200 [DEBUG] [org.gradle.cache.internal.DefaultFileLockManager] Releasing lock on cache directory 45fae8d788f3375b455093a7ba5a9f7d (C:\Users\Luciano Muratore\Documents\ChordSeqAI\caches\9.3.0\transforms\45fae8d788f3375b455093a7ba5a9f7d).
2026-03-30T18:25:03.028+0200 [DEBUG] [org.gradle.cache.internal.LockOnDemandCrossProcessCacheAccess] Releasing file lock for cache directory c9147bfdc77dd4c891e47f59078083dd (C:\Users\Luciano Muratore\Documents\ChordSeqAI\caches\9.3.0\transforms\c9147bfdc77dd4c891e47f59078083dd)
2026-03-30T18:25:03.028+0200 [DEBUG] [org.gradle.cache.internal.DefaultFileLockManager] Releasing lock on cache directory c9147bfdc77dd4c891e47f59078083dd (C:\Users\Luciano Muratore\Documents\ChordSeqAI\caches\9.3.0\transforms\c9147bfdc77dd4c891e47f59078083dd).
2026-03-30T18:25:03.029+0200 [DEBUG] [org.gradle.cache.internal.LockOnDemandCrossProcessCacheAccess] Releasing file lock for cache directory 58271cd4b9a438f3566a19ba02ca75e6 (C:\Users\Luciano Muratore\Documents\ChordSeqAI\caches\9.3.0\transforms\58271cd4b9a438f3566a19ba02ca75e6)
2026-03-30T18:25:03.029+0200 [DEBUG] [org.gradle.cache.internal.DefaultFileLockManager] Releasing lock on cache directory 58271cd4b9a438f3566a19ba02ca75e6 (C:\Users\Luciano Muratore\Documents\ChordSeqAI\caches\9.3.0\transforms\58271cd4b9a438f3566a19ba02ca75e6).
2026-03-30T18:25:03.029+0200 [DEBUG] [org.gradle.cache.internal.LockOnDemandCrossProcessCacheAccess] Releasing file lock for cache directory 314e1de46dec3ce1960d95a1343290ef (C:\Users\Luciano Muratore\Documents\ChordSeqAI\caches\9.3.0\transforms\314e1de46dec3ce1960d95a1343290ef)
2026-03-30T18:25:03.029+0200 [DEBUG] [org.gradle.cache.internal.DefaultFileLockManager] Releasing lock on cache directory 314e1de46dec3ce1960d95a1343290ef (C:\Users\Luciano Muratore\Documents\ChordSeqAI\caches\9.3.0\transforms\314e1de46dec3ce1960d95a1343290ef).
2026-03-30T18:25:03.030+0200 [DEBUG] [org.gradle.cache.internal.LockOnDemandCrossProcessCacheAccess] Releasing file lock for cache directory e7f19699c3bd60197577f788acc05b03 (C:\Users\Luciano Muratore\Documents\ChordSeqAI\caches\9.3.0\transforms\e7f19699c3bd60197577f788acc05b03)
2026-03-30T18:25:03.030+0200 [DEBUG] [org.gradle.cache.internal.DefaultFileLockManager] Releasing lock on cache directory e7f19699c3bd60197577f788acc05b03 (C:\Users\Luciano Muratore\Documents\ChordSeqAI\caches\9.3.0\transforms\e7f19699c3bd60197577f788acc05b03).
2026-03-30T18:25:03.030+0200 [DEBUG] [org.gradle.cache.internal.LockOnDemandCrossProcessCacheAccess] Releasing file lock for cache directory 6c1ce95b2562e4e5ec35b838edae46c3 (C:\Users\Luciano Muratore\Documents\ChordSeqAI\caches\9.3.0\transforms\6c1ce95b2562e4e5ec35b838edae46c3)
2026-03-30T18:25:03.030+0200 [DEBUG] [org.gradle.cache.internal.DefaultFileLockManager] Releasing lock on cache directory 6c1ce95b2562e4e5ec35b838edae46c3 (C:\Users\Luciano Muratore\Documents\ChordSeqAI\caches\9.3.0\transforms\6c1ce95b2562e4e5ec35b838edae46c3).
2026-03-30T18:25:03.031+0200 [DEBUG] [org.gradle.cache.internal.LockOnDemandCrossProcessCacheAccess] Releasing file lock for cache directory 3a3636757baebd990f0129ac4ecff228 (C:\Users\Luciano Muratore\Documents\ChordSeqAI\caches\9.3.0\transforms\3a3636757baebd990f0129ac4ecff228)
2026-03-30T18:25:03.031+0200 [DEBUG] [org.gradle.cache.internal.DefaultFileLockManager] Releasing lock on cache directory 3a3636757baebd990f0129ac4ecff228 (C:\Users\Luciano Muratore\Documents\ChordSeqAI\caches\9.3.0\transforms\3a3636757baebd990f0129ac4ecff228).
2026-03-30T18:25:03.031+0200 [DEBUG] [org.gradle.cache.internal.LockOnDemandCrossProcessCacheAccess] Releasing file lock for cache directory 453ff5bd49b20fcde55ee4075aa90f0d (C:\Users\Luciano Muratore\Documents\ChordSeqAI\caches\9.3.0\transforms\453ff5bd49b20fcde55ee4075aa90f0d)
2026-03-30T18:25:03.031+0200 [DEBUG] [org.gradle.cache.internal.DefaultFileLockManager] Releasing lock on cache directory 453ff5bd49b20fcde55ee4075aa90f0d (C:\Users\Luciano Muratore\Documents\ChordSeqAI\caches\9.3.0\transforms\453ff5bd49b20fcde55ee4075aa90f0d).
2026-03-30T18:25:03.032+0200 [DEBUG] [org.gradle.cache.internal.LockOnDemandCrossProcessCacheAccess] Releasing file lock for cache directory 3269c0423f4d840bdebfdbb52f039c36 (C:\Users\Luciano Muratore\Documents\ChordSeqAI\caches\9.3.0\transforms\3269c0423f4d840bdebfdbb52f039c36)
2026-03-30T18:25:03.032+0200 [DEBUG] [org.gradle.cache.internal.DefaultFileLockManager] Releasing lock on cache directory 3269c0423f4d840bdebfdbb52f039c36 (C:\Users\Luciano Muratore\Documents\ChordSeqAI\caches\9.3.0\transforms\3269c0423f4d840bdebfdbb52f039c36).
2026-03-30T18:25:03.032+0200 [DEBUG] [org.gradle.cache.internal.LockOnDemandCrossProcessCacheAccess] Releasing file lock for cache directory d0733194dc8c8615793df8b051a3273e (C:\Users\Luciano Muratore\Documents\ChordSeqAI\caches\9.3.0\transforms\d0733194dc8c8615793df8b051a3273e)
2026-03-30T18:25:03.032+0200 [DEBUG] [org.gradle.cache.internal.DefaultFileLockManager] Releasing lock on cache directory d0733194dc8c8615793df8b051a3273e (C:\Users\Luciano Muratore\Documents\ChordSeqAI\caches\9.3.0\transforms\d0733194dc8c8615793df8b051a3273e).
2026-03-30T18:25:03.033+0200 [DEBUG] [org.gradle.cache.internal.LockOnDemandCrossProcessCacheAccess] Releasing file lock for cache directory 4c1b5d0a17387a22a85e9fee8f018522 (C:\Users\Luciano Muratore\Documents\ChordSeqAI\caches\9.3.0\transforms\4c1b5d0a17387a22a85e9fee8f018522)
2026-03-30T18:25:03.033+0200 [DEBUG] [org.gradle.cache.internal.DefaultFileLockManager] Releasing lock on cache directory 4c1b5d0a17387a22a85e9fee8f018522 (C:\Users\Luciano Muratore\Documents\ChordSeqAI\caches\9.3.0\transforms\4c1b5d0a17387a22a85e9fee8f018522).
2026-03-30T18:25:03.033+0200 [DEBUG] [org.gradle.cache.internal.LockOnDemandCrossProcessCacheAccess] Releasing file lock for cache directory f3d482efe84ab8359ee35163475e8262 (C:\Users\Luciano Muratore\Documents\ChordSeqAI\caches\9.3.0\transforms\f3d482efe84ab8359ee35163475e8262)
2026-03-30T18:25:03.033+0200 [DEBUG] [org.gradle.cache.internal.DefaultFileLockManager] Releasing lock on cache directory f3d482efe84ab8359ee35163475e8262 (C:\Users\Luciano Muratore\Documents\ChordSeqAI\caches\9.3.0\transforms\f3d482efe84ab8359ee35163475e8262).
2026-03-30T18:25:03.034+0200 [DEBUG] [org.gradle.cache.internal.LockOnDemandCrossProcessCacheAccess] Releasing file lock for cache directory 11c13724b353148b0cab65ae6e21b1f6 (C:\Users\Luciano Muratore\Documents\ChordSeqAI\caches\9.3.0\transforms\11c13724b353148b0cab65ae6e21b1f6)
2026-03-30T18:25:03.034+0200 [DEBUG] [org.gradle.cache.internal.DefaultFileLockManager] Releasing lock on cache directory 11c13724b353148b0cab65ae6e21b1f6 (C:\Users\Luciano Muratore\Documents\ChordSeqAI\caches\9.3.0\transforms\11c13724b353148b0cab65ae6e21b1f6).
2026-03-30T18:25:03.034+0200 [DEBUG] [org.gradle.cache.internal.LockOnDemandCrossProcessCacheAccess] Releasing file lock for cache directory 3490616f797b76d60e8258353b70c49f (C:\Users\Luciano Muratore\Documents\ChordSeqAI\caches\9.3.0\transforms\3490616f797b76d60e8258353b70c49f)
2026-03-30T18:25:03.035+0200 [DEBUG] [org.gradle.cache.internal.DefaultFileLockManager] Releasing lock on cache directory 3490616f797b76d60e8258353b70c49f (C:\Users\Luciano Muratore\Documents\ChordSeqAI\caches\9.3.0\transforms\3490616f797b76d60e8258353b70c49f).
2026-03-30T18:25:03.036+0200 [DEBUG] [org.gradle.cache.internal.LockOnDemandCrossProcessCacheAccess] Releasing file lock for cache directory efc1b54ab9fe934c2efc48a45f7a650d (C:\Users\Luciano Muratore\Documents\ChordSeqAI\caches\9.3.0\transforms\efc1b54ab9fe934c2efc48a45f7a650d)
2026-03-30T18:25:03.037+0200 [DEBUG] [org.gradle.cache.internal.DefaultFileLockManager] Releasing lock on cache directory efc1b54ab9fe934c2efc48a45f7a650d (C:\Users\Luciano Muratore\Documents\ChordSeqAI\caches\9.3.0\transforms\efc1b54ab9fe934c2efc48a45f7a650d).
2026-03-30T18:25:03.037+0200 [DEBUG] [org.gradle.cache.internal.LockOnDemandCrossProcessCacheAccess] Releasing file lock for cache directory a51991e8b1871518d36f542c563ca0c8 (C:\Users\Luciano Muratore\Documents\ChordSeqAI\caches\9.3.0\transforms\a51991e8b1871518d36f542c563ca0c8)
2026-03-30T18:25:03.037+0200 [DEBUG] [org.gradle.cache.internal.DefaultFileLockManager] Releasing lock on cache directory a51991e8b1871518d36f542c563ca0c8 (C:\Users\Luciano Muratore\Documents\ChordSeqAI\caches\9.3.0\transforms\a51991e8b1871518d36f542c563ca0c8).
2026-03-30T18:25:03.037+0200 [DEBUG] [org.gradle.cache.internal.LockOnDemandCrossProcessCacheAccess] Releasing file lock for cache directory ebf14f972e9506dc36bb8a01f00fddc3 (C:\Users\Luciano Muratore\Documents\ChordSeqAI\caches\9.3.0\transforms\ebf14f972e9506dc36bb8a01f00fddc3)
2026-03-30T18:25:03.038+0200 [DEBUG] [org.gradle.cache.internal.DefaultFileLockManager] Releasing lock on cache directory ebf14f972e9506dc36bb8a01f00fddc3 (C:\Users\Luciano Muratore\Documents\ChordSeqAI\caches\9.3.0\transforms\ebf14f972e9506dc36bb8a01f00fddc3).
2026-03-30T18:25:03.038+0200 [DEBUG] [org.gradle.cache.internal.LockOnDemandCrossProcessCacheAccess] Releasing file lock for cache directory bf9d2028416da4979416b7909f1a69a6 (C:\Users\Luciano Muratore\Documents\ChordSeqAI\caches\9.3.0\transforms\bf9d2028416da4979416b7909f1a69a6)
2026-03-30T18:25:03.038+0200 [DEBUG] [org.gradle.cache.internal.DefaultFileLockManager] Releasing lock on cache directory bf9d2028416da4979416b7909f1a69a6 (C:\Users\Luciano Muratore\Documents\ChordSeqAI\caches\9.3.0\transforms\bf9d2028416da4979416b7909f1a69a6).
2026-03-30T18:25:03.039+0200 [DEBUG] [org.gradle.cache.internal.LockOnDemandCrossProcessCacheAccess] Releasing file lock for cache directory 62e8fe82948be7fe6c7b7b712dd7832c (C:\Users\Luciano Muratore\Documents\ChordSeqAI\caches\9.3.0\transforms\62e8fe82948be7fe6c7b7b712dd7832c)
2026-03-30T18:25:03.039+0200 [DEBUG] [org.gradle.cache.internal.DefaultFileLockManager] Releasing lock on cache directory 62e8fe82948be7fe6c7b7b712dd7832c (C:\Users\Luciano Muratore\Documents\ChordSeqAI\caches\9.3.0\transforms\62e8fe82948be7fe6c7b7b712dd7832c).
2026-03-30T18:25:03.039+0200 [DEBUG] [org.gradle.cache.internal.LockOnDemandCrossProcessCacheAccess] Releasing file lock for cache directory 41d8d6df2dc3b60561253dc19a7a57d9 (C:\Users\Luciano Muratore\Documents\ChordSeqAI\caches\9.3.0\transforms\41d8d6df2dc3b60561253dc19a7a57d9)
2026-03-30T18:25:03.039+0200 [DEBUG] [org.gradle.cache.internal.DefaultFileLockManager] Releasing lock on cache directory 41d8d6df2dc3b60561253dc19a7a57d9 (C:\Users\Luciano Muratore\Documents\ChordSeqAI\caches\9.3.0\transforms\41d8d6df2dc3b60561253dc19a7a57d9).
2026-03-30T18:25:03.040+0200 [DEBUG] [org.gradle.cache.internal.LockOnDemandCrossProcessCacheAccess] Releasing file lock for cache directory fe8c410c3ddac242153f78e1c2e2d06d (C:\Users\Luciano Muratore\Documents\ChordSeqAI\caches\9.3.0\transforms\fe8c410c3ddac242153f78e1c2e2d06d)
2026-03-30T18:25:03.040+0200 [DEBUG] [org.gradle.cache.internal.DefaultFileLockManager] Releasing lock on cache directory fe8c410c3ddac242153f78e1c2e2d06d (C:\Users\Luciano Muratore\Documents\ChordSeqAI\caches\9.3.0\transforms\fe8c410c3ddac242153f78e1c2e2d06d).
2026-03-30T18:25:03.040+0200 [DEBUG] [org.gradle.cache.internal.LockOnDemandCrossProcessCacheAccess] Releasing file lock for cache directory ff587d9761340db0e8f517d7a5f66f73 (C:\Users\Luciano Muratore\Documents\ChordSeqAI\caches\9.3.0\transforms\ff587d9761340db0e8f517d7a5f66f73)
2026-03-30T18:25:03.040+0200 [DEBUG] [org.gradle.cache.internal.DefaultFileLockManager] Releasing lock on cache directory ff587d9761340db0e8f517d7a5f66f73 (C:\Users\Luciano Muratore\Documents\ChordSeqAI\caches\9.3.0\transforms\ff587d9761340db0e8f517d7a5f66f73).
2026-03-30T18:25:03.041+0200 [DEBUG] [org.gradle.cache.internal.LockOnDemandCrossProcessCacheAccess] Releasing file lock for cache directory 64b9d884d9a7c9ac34164cbe7a1365bf (C:\Users\Luciano Muratore\Documents\ChordSeqAI\caches\9.3.0\transforms\64b9d884d9a7c9ac34164cbe7a1365bf)
2026-03-30T18:25:03.041+0200 [DEBUG] [org.gradle.cache.internal.DefaultFileLockManager] Releasing lock on cache directory 64b9d884d9a7c9ac34164cbe7a1365bf (C:\Users\Luciano Muratore\Documents\ChordSeqAI\caches\9.3.0\transforms\64b9d884d9a7c9ac34164cbe7a1365bf).
2026-03-30T18:25:03.042+0200 [DEBUG] [org.gradle.cache.internal.LockOnDemandCrossProcessCacheAccess] Releasing file lock for cache directory c170e08025536aef070fa3c821faa746 (C:\Users\Luciano Muratore\Documents\ChordSeqAI\caches\9.3.0\transforms\c170e08025536aef070fa3c821faa746)
2026-03-30T18:25:03.042+0200 [DEBUG] [org.gradle.cache.internal.DefaultFileLockManager] Releasing lock on cache directory c170e08025536aef070fa3c821faa746 (C:\Users\Luciano Muratore\Documents\ChordSeqAI\caches\9.3.0\transforms\c170e08025536aef070fa3c821faa746).
2026-03-30T18:25:03.042+0200 [DEBUG] [org.gradle.cache.internal.LockOnDemandCrossProcessCacheAccess] Releasing file lock for cache directory 468009751a43d5aaee647c8e1904e2c7 (C:\Users\Luciano Muratore\Documents\ChordSeqAI\caches\9.3.0\transforms\468009751a43d5aaee647c8e1904e2c7)
2026-03-30T18:25:03.043+0200 [DEBUG] [org.gradle.cache.internal.DefaultFileLockManager] Releasing lock on cache directory 468009751a43d5aaee647c8e1904e2c7 (C:\Users\Luciano Muratore\Documents\ChordSeqAI\caches\9.3.0\transforms\468009751a43d5aaee647c8e1904e2c7).
2026-03-30T18:25:03.043+0200 [DEBUG] [org.gradle.cache.internal.LockOnDemandCrossProcessCacheAccess] Releasing file lock for cache directory da1f38a5ce2f6cbef62bdb03617443d3 (C:\Users\Luciano Muratore\Documents\ChordSeqAI\caches\9.3.0\transforms\da1f38a5ce2f6cbef62bdb03617443d3)
2026-03-30T18:25:03.043+0200 [DEBUG] [org.gradle.cache.internal.DefaultFileLockManager] Releasing lock on cache directory da1f38a5ce2f6cbef62bdb03617443d3 (C:\Users\Luciano Muratore\Documents\ChordSeqAI\caches\9.3.0\transforms\da1f38a5ce2f6cbef62bdb03617443d3).
2026-03-30T18:25:03.044+0200 [DEBUG] [org.gradle.cache.internal.LockOnDemandCrossProcessCacheAccess] Releasing file lock for cache directory ae1cd64ecc40f32bc057ec97ffc5b451 (C:\Users\Luciano Muratore\Documents\ChordSeqAI\caches\9.3.0\transforms\ae1cd64ecc40f32bc057ec97ffc5b451)
2026-03-30T18:25:03.044+0200 [DEBUG] [org.gradle.cache.internal.DefaultFileLockManager] Releasing lock on cache directory ae1cd64ecc40f32bc057ec97ffc5b451 (C:\Users\Luciano Muratore\Documents\ChordSeqAI\caches\9.3.0\transforms\ae1cd64ecc40f32bc057ec97ffc5b451).
2026-03-30T18:25:03.044+0200 [DEBUG] [org.gradle.cache.internal.LockOnDemandCrossProcessCacheAccess] Releasing file lock for cache directory c9e36df8ba4831296b863be19ba196d8 (C:\Users\Luciano Muratore\Documents\ChordSeqAI\caches\9.3.0\transforms\c9e36df8ba4831296b863be19ba196d8)
2026-03-30T18:25:03.044+0200 [DEBUG] [org.gradle.cache.internal.DefaultFileLockManager] Releasing lock on cache directory c9e36df8ba4831296b863be19ba196d8 (C:\Users\Luciano Muratore\Documents\ChordSeqAI\caches\9.3.0\transforms\c9e36df8ba4831296b863be19ba196d8).
2026-03-30T18:25:03.045+0200 [DEBUG] [org.gradle.cache.internal.LockOnDemandCrossProcessCacheAccess] Releasing file lock for cache directory 1210a45b6f2b73b3423c962dd6595707 (C:\Users\Luciano Muratore\Documents\ChordSeqAI\caches\9.3.0\transforms\1210a45b6f2b73b3423c962dd6595707)
2026-03-30T18:25:03.045+0200 [DEBUG] [org.gradle.cache.internal.DefaultFileLockManager] Releasing lock on cache directory 1210a45b6f2b73b3423c962dd6595707 (C:\Users\Luciano Muratore\Documents\ChordSeqAI\caches\9.3.0\transforms\1210a45b6f2b73b3423c962dd6595707).
2026-03-30T18:25:03.045+0200 [DEBUG] [org.gradle.cache.internal.LockOnDemandCrossProcessCacheAccess] Releasing file lock for cache directory 21957dd56ee36a2a5438f02d8d66d49a (C:\Users\Luciano Muratore\Documents\ChordSeqAI\caches\9.3.0\transforms\21957dd56ee36a2a5438f02d8d66d49a)
2026-03-30T18:25:03.045+0200 [DEBUG] [org.gradle.cache.internal.DefaultFileLockManager] Releasing lock on cache directory 21957dd56ee36a2a5438f02d8d66d49a (C:\Users\Luciano Muratore\Documents\ChordSeqAI\caches\9.3.0\transforms\21957dd56ee36a2a5438f02d8d66d49a).
2026-03-30T18:25:03.046+0200 [DEBUG] [org.gradle.cache.internal.LockOnDemandCrossProcessCacheAccess] Releasing file lock for cache directory 6cdfd6374ec15555ebdc833e2c097681 (C:\Users\Luciano Muratore\Documents\ChordSeqAI\caches\9.3.0\transforms\6cdfd6374ec15555ebdc833e2c097681)
2026-03-30T18:25:03.046+0200 [DEBUG] [org.gradle.cache.internal.DefaultFileLockManager] Releasing lock on cache directory 6cdfd6374ec15555ebdc833e2c097681 (C:\Users\Luciano Muratore\Documents\ChordSeqAI\caches\9.3.0\transforms\6cdfd6374ec15555ebdc833e2c097681).
2026-03-30T18:25:03.046+0200 [DEBUG] [org.gradle.cache.internal.LockOnDemandCrossProcessCacheAccess] Releasing file lock for cache directory 110a2fcdb0709856b18f434e0ca5858b (C:\Users\Luciano Muratore\Documents\ChordSeqAI\caches\9.3.0\transforms\110a2fcdb0709856b18f434e0ca5858b)
2026-03-30T18:25:03.047+0200 [DEBUG] [org.gradle.cache.internal.DefaultFileLockManager] Releasing lock on cache directory 110a2fcdb0709856b18f434e0ca5858b (C:\Users\Luciano Muratore\Documents\ChordSeqAI\caches\9.3.0\transforms\110a2fcdb0709856b18f434e0ca5858b).
2026-03-30T18:25:03.048+0200 [DEBUG] [org.gradle.cache.internal.LockOnDemandCrossProcessCacheAccess] Releasing file lock for cache directory d56154a56b33c5f00982b2b136bf3430 (C:\Users\Luciano Muratore\Documents\ChordSeqAI\caches\9.3.0\transforms\d56154a56b33c5f00982b2b136bf3430)
2026-03-30T18:25:03.048+0200 [DEBUG] [org.gradle.cache.internal.DefaultFileLockManager] Releasing lock on cache directory d56154a56b33c5f00982b2b136bf3430 (C:\Users\Luciano Muratore\Documents\ChordSeqAI\caches\9.3.0\transforms\d56154a56b33c5f00982b2b136bf3430).
2026-03-30T18:25:03.049+0200 [DEBUG] [org.gradle.cache.internal.LockOnDemandCrossProcessCacheAccess] Releasing file lock for cache directory bc5558203a6d0981a024b69a8494ac01 (C:\Users\Luciano Muratore\Documents\ChordSeqAI\caches\9.3.0\transforms\bc5558203a6d0981a024b69a8494ac01)
2026-03-30T18:25:03.049+0200 [DEBUG] [org.gradle.cache.internal.DefaultFileLockManager] Releasing lock on cache directory bc5558203a6d0981a024b69a8494ac01 (C:\Users\Luciano Muratore\Documents\ChordSeqAI\caches\9.3.0\transforms\bc5558203a6d0981a024b69a8494ac01).
2026-03-30T18:25:03.050+0200 [DEBUG] [org.gradle.cache.internal.LockOnDemandCrossProcessCacheAccess] Releasing file lock for cache directory 02143676a4f058a54201136be7700abc (C:\Users\Luciano Muratore\Documents\ChordSeqAI\caches\9.3.0\transforms\02143676a4f058a54201136be7700abc)
2026-03-30T18:25:03.050+0200 [DEBUG] [org.gradle.cache.internal.DefaultFileLockManager] Releasing lock on cache directory 02143676a4f058a54201136be7700abc (C:\Users\Luciano Muratore\Documents\ChordSeqAI\caches\9.3.0\transforms\02143676a4f058a54201136be7700abc).
2026-03-30T18:25:03.051+0200 [DEBUG] [org.gradle.cache.internal.LockOnDemandCrossProcessCacheAccess] Releasing file lock for cache directory 95dc50c24eaa4d1f7afb9c53e02b0373 (C:\Users\Luciano Muratore\Documents\ChordSeqAI\caches\9.3.0\transforms\95dc50c24eaa4d1f7afb9c53e02b0373)
2026-03-30T18:25:03.051+0200 [DEBUG] [org.gradle.cache.internal.DefaultFileLockManager] Releasing lock on cache directory 95dc50c24eaa4d1f7afb9c53e02b0373 (C:\Users\Luciano Muratore\Documents\ChordSeqAI\caches\9.3.0\transforms\95dc50c24eaa4d1f7afb9c53e02b0373).
2026-03-30T18:25:03.053+0200 [DEBUG] [org.gradle.cache.internal.LockOnDemandCrossProcessCacheAccess] Releasing file lock for cache directory 74936b664eaa91e2d9cd974f73e9219d (C:\Users\Luciano Muratore\Documents\ChordSeqAI\caches\9.3.0\transforms\74936b664eaa91e2d9cd974f73e9219d)
2026-03-30T18:25:03.053+0200 [DEBUG] [org.gradle.cache.internal.DefaultFileLockManager] Releasing lock on cache directory 74936b664eaa91e2d9cd974f73e9219d (C:\Users\Luciano Muratore\Documents\ChordSeqAI\caches\9.3.0\transforms\74936b664eaa91e2d9cd974f73e9219d).
2026-03-30T18:25:03.054+0200 [DEBUG] [org.gradle.cache.internal.LockOnDemandCrossProcessCacheAccess] Releasing file lock for cache directory d7c6d97626ce44b575e9391c2b304c98 (C:\Users\Luciano Muratore\Documents\ChordSeqAI\caches\9.3.0\transforms\d7c6d97626ce44b575e9391c2b304c98)
2026-03-30T18:25:03.054+0200 [DEBUG] [org.gradle.cache.internal.DefaultFileLockManager] Releasing lock on cache directory d7c6d97626ce44b575e9391c2b304c98 (C:\Users\Luciano Muratore\Documents\ChordSeqAI\caches\9.3.0\transforms\d7c6d97626ce44b575e9391c2b304c98).
2026-03-30T18:25:03.054+0200 [DEBUG] [org.gradle.cache.internal.LockOnDemandCrossProcessCacheAccess] Releasing file lock for cache directory 73535431fac614734d3e83bfd29d78cb (C:\Users\Luciano Muratore\Documents\ChordSeqAI\caches\9.3.0\transforms\73535431fac614734d3e83bfd29d78cb)
2026-03-30T18:25:03.054+0200 [DEBUG] [org.gradle.cache.internal.DefaultFileLockManager] Releasing lock on cache directory 73535431fac614734d3e83bfd29d78cb (C:\Users\Luciano Muratore\Documents\ChordSeqAI\caches\9.3.0\transforms\73535431fac614734d3e83bfd29d78cb).
2026-03-30T18:25:03.055+0200 [DEBUG] [org.gradle.cache.internal.LockOnDemandCrossProcessCacheAccess] Releasing file lock for cache directory a9c47aba8b75451dd8452b87b0a32482 (C:\Users\Luciano Muratore\Documents\ChordSeqAI\caches\9.3.0\transforms\a9c47aba8b75451dd8452b87b0a32482)
2026-03-30T18:25:03.055+0200 [DEBUG] [org.gradle.cache.internal.DefaultFileLockManager] Releasing lock on cache directory a9c47aba8b75451dd8452b87b0a32482 (C:\Users\Luciano Muratore\Documents\ChordSeqAI\caches\9.3.0\transforms\a9c47aba8b75451dd8452b87b0a32482).
2026-03-30T18:25:03.055+0200 [DEBUG] [org.gradle.cache.internal.LockOnDemandCrossProcessCacheAccess] Releasing file lock for cache directory d924616c6552735e0b60a7bfabef9e24 (C:\Users\Luciano Muratore\Documents\ChordSeqAI\caches\9.3.0\transforms\d924616c6552735e0b60a7bfabef9e24)
2026-03-30T18:25:03.055+0200 [DEBUG] [org.gradle.cache.internal.DefaultFileLockManager] Releasing lock on cache directory d924616c6552735e0b60a7bfabef9e24 (C:\Users\Luciano Muratore\Documents\ChordSeqAI\caches\9.3.0\transforms\d924616c6552735e0b60a7bfabef9e24).
2026-03-30T18:25:03.056+0200 [DEBUG] [org.gradle.cache.internal.LockOnDemandCrossProcessCacheAccess] Releasing file lock for cache directory 016be1d937dc14ec81f490b56a17778a (C:\Users\Luciano Muratore\Documents\ChordSeqAI\caches\9.3.0\transforms\016be1d937dc14ec81f490b56a17778a)
2026-03-30T18:25:03.056+0200 [DEBUG] [org.gradle.cache.internal.DefaultFileLockManager] Releasing lock on cache directory 016be1d937dc14ec81f490b56a17778a (C:\Users\Luciano Muratore\Documents\ChordSeqAI\caches\9.3.0\transforms\016be1d937dc14ec81f490b56a17778a).
2026-03-30T18:25:03.057+0200 [DEBUG] [org.gradle.cache.internal.LockOnDemandCrossProcessCacheAccess] Releasing file lock for cache directory 4b2f2c7f9d9081369dc655e86f6e694b (C:\Users\Luciano Muratore\Documents\ChordSeqAI\caches\9.3.0\transforms\4b2f2c7f9d9081369dc655e86f6e694b)
2026-03-30T18:25:03.057+0200 [DEBUG] [org.gradle.cache.internal.DefaultFileLockManager] Releasing lock on cache directory 4b2f2c7f9d9081369dc655e86f6e694b (C:\Users\Luciano Muratore\Documents\ChordSeqAI\caches\9.3.0\transforms\4b2f2c7f9d9081369dc655e86f6e694b).
2026-03-30T18:25:03.057+0200 [DEBUG] [org.gradle.cache.internal.LockOnDemandCrossProcessCacheAccess] Releasing file lock for cache directory 0974be7135f8f43d268461d89b2f1b21 (C:\Users\Luciano Muratore\Documents\ChordSeqAI\caches\9.3.0\transforms\0974be7135f8f43d268461d89b2f1b21)
2026-03-30T18:25:03.058+0200 [DEBUG] [org.gradle.cache.internal.DefaultFileLockManager] Releasing lock on cache directory 0974be7135f8f43d268461d89b2f1b21 (C:\Users\Luciano Muratore\Documents\ChordSeqAI\caches\9.3.0\transforms\0974be7135f8f43d268461d89b2f1b21).
2026-03-30T18:25:03.058+0200 [DEBUG] [org.gradle.cache.internal.LockOnDemandCrossProcessCacheAccess] Releasing file lock for cache directory 46f53c442ab8e9f77ad6c7840d5a6394 (C:\Users\Luciano Muratore\Documents\ChordSeqAI\caches\9.3.0\transforms\46f53c442ab8e9f77ad6c7840d5a6394)
2026-03-30T18:25:03.058+0200 [DEBUG] [org.gradle.cache.internal.DefaultFileLockManager] Releasing lock on cache directory 46f53c442ab8e9f77ad6c7840d5a6394 (C:\Users\Luciano Muratore\Documents\ChordSeqAI\caches\9.3.0\transforms\46f53c442ab8e9f77ad6c7840d5a6394).
2026-03-30T18:25:03.059+0200 [DEBUG] [org.gradle.cache.internal.LockOnDemandCrossProcessCacheAccess] Releasing file lock for cache directory 78227d748396b363211c2f54902cf70d (C:\Users\Luciano Muratore\Documents\ChordSeqAI\caches\9.3.0\transforms\78227d748396b363211c2f54902cf70d)
2026-03-30T18:25:03.059+0200 [DEBUG] [org.gradle.cache.internal.DefaultFileLockManager] Releasing lock on cache directory 78227d748396b363211c2f54902cf70d (C:\Users\Luciano Muratore\Documents\ChordSeqAI\caches\9.3.0\transforms\78227d748396b363211c2f54902cf70d).
2026-03-30T18:25:03.059+0200 [DEBUG] [org.gradle.cache.internal.LockOnDemandCrossProcessCacheAccess] Releasing file lock for cache directory e6831ce2c849d7f91aec8b98c079438b (C:\Users\Luciano Muratore\Documents\ChordSeqAI\caches\9.3.0\transforms\e6831ce2c849d7f91aec8b98c079438b)
2026-03-30T18:25:03.059+0200 [DEBUG] [org.gradle.cache.internal.DefaultFileLockManager] Releasing lock on cache directory e6831ce2c849d7f91aec8b98c079438b (C:\Users\Luciano Muratore\Documents\ChordSeqAI\caches\9.3.0\transforms\e6831ce2c849d7f91aec8b98c079438b).
2026-03-30T18:25:03.059+0200 [DEBUG] [org.gradle.cache.internal.LockOnDemandCrossProcessCacheAccess] Releasing file lock for cache directory b7826e57e3936f55984447f35bc75234 (C:\Users\Luciano Muratore\Documents\ChordSeqAI\caches\9.3.0\transforms\b7826e57e3936f55984447f35bc75234)
2026-03-30T18:25:03.059+0200 [DEBUG] [org.gradle.cache.internal.DefaultFileLockManager] Releasing lock on cache directory b7826e57e3936f55984447f35bc75234 (C:\Users\Luciano Muratore\Documents\ChordSeqAI\caches\9.3.0\transforms\b7826e57e3936f55984447f35bc75234).
2026-03-30T18:25:03.060+0200 [DEBUG] [org.gradle.cache.internal.LockOnDemandCrossProcessCacheAccess] Releasing file lock for cache directory 2b0bae8d918018ed0d5f462e3f2206ca (C:\Users\Luciano Muratore\Documents\ChordSeqAI\caches\9.3.0\transforms\2b0bae8d918018ed0d5f462e3f2206ca)
2026-03-30T18:25:03.060+0200 [DEBUG] [org.gradle.cache.internal.DefaultFileLockManager] Releasing lock on cache directory 2b0bae8d918018ed0d5f462e3f2206ca (C:\Users\Luciano Muratore\Documents\ChordSeqAI\caches\9.3.0\transforms\2b0bae8d918018ed0d5f462e3f2206ca).
2026-03-30T18:25:03.060+0200 [DEBUG] [org.gradle.cache.internal.LockOnDemandCrossProcessCacheAccess] Releasing file lock for cache directory 72cf15b8f97162a85c24fb8d70b787e6 (C:\Users\Luciano Muratore\Documents\ChordSeqAI\caches\9.3.0\transforms\72cf15b8f97162a85c24fb8d70b787e6)
2026-03-30T18:25:03.060+0200 [DEBUG] [org.gradle.cache.internal.DefaultFileLockManager] Releasing lock on cache directory 72cf15b8f97162a85c24fb8d70b787e6 (C:\Users\Luciano Muratore\Documents\ChordSeqAI\caches\9.3.0\transforms\72cf15b8f97162a85c24fb8d70b787e6).
2026-03-30T18:25:03.061+0200 [DEBUG] [org.gradle.cache.internal.LockOnDemandCrossProcessCacheAccess] Releasing file lock for cache directory 3bc602d5f3019d4f06872f1b8fefbb8a (C:\Users\Luciano Muratore\Documents\ChordSeqAI\caches\9.3.0\transforms\3bc602d5f3019d4f06872f1b8fefbb8a)
2026-03-30T18:25:03.061+0200 [DEBUG] [org.gradle.cache.internal.DefaultFileLockManager] Releasing lock on cache directory 3bc602d5f3019d4f06872f1b8fefbb8a (C:\Users\Luciano Muratore\Documents\ChordSeqAI\caches\9.3.0\transforms\3bc602d5f3019d4f06872f1b8fefbb8a).
2026-03-30T18:25:03.061+0200 [DEBUG] [org.gradle.cache.internal.LockOnDemandCrossProcessCacheAccess] Releasing file lock for cache directory f16820db90968bc2e1a0707fc832e0c9 (C:\Users\Luciano Muratore\Documents\ChordSeqAI\caches\9.3.0\transforms\f16820db90968bc2e1a0707fc832e0c9)
2026-03-30T18:25:03.061+0200 [DEBUG] [org.gradle.cache.internal.DefaultFileLockManager] Releasing lock on cache directory f16820db90968bc2e1a0707fc832e0c9 (C:\Users\Luciano Muratore\Documents\ChordSeqAI\caches\9.3.0\transforms\f16820db90968bc2e1a0707fc832e0c9).
2026-03-30T18:25:03.062+0200 [DEBUG] [org.gradle.cache.internal.LockOnDemandCrossProcessCacheAccess] Releasing file lock for cache directory a37ce242b3b42637eb853bdac71baa0c (C:\Users\Luciano Muratore\Documents\ChordSeqAI\caches\9.3.0\transforms\a37ce242b3b42637eb853bdac71baa0c)
2026-03-30T18:25:03.062+0200 [DEBUG] [org.gradle.cache.internal.DefaultFileLockManager] Releasing lock on cache directory a37ce242b3b42637eb853bdac71baa0c (C:\Users\Luciano Muratore\Documents\ChordSeqAI\caches\9.3.0\transforms\a37ce242b3b42637eb853bdac71baa0c).
2026-03-30T18:25:03.062+0200 [DEBUG] [org.gradle.cache.internal.LockOnDemandCrossProcessCacheAccess] Releasing file lock for cache directory 2bfa05a44ffb505aece774fbd1edd77d (C:\Users\Luciano Muratore\Documents\ChordSeqAI\caches\9.3.0\transforms\2bfa05a44ffb505aece774fbd1edd77d)
2026-03-30T18:25:03.062+0200 [DEBUG] [org.gradle.cache.internal.DefaultFileLockManager] Releasing lock on cache directory 2bfa05a44ffb505aece774fbd1edd77d (C:\Users\Luciano Muratore\Documents\ChordSeqAI\caches\9.3.0\transforms\2bfa05a44ffb505aece774fbd1edd77d).
2026-03-30T18:25:03.063+0200 [DEBUG] [org.gradle.cache.internal.LockOnDemandCrossProcessCacheAccess] Releasing file lock for cache directory 70d187150a224638cc70c58bd8be376f (C:\Users\Luciano Muratore\Documents\ChordSeqAI\caches\9.3.0\transforms\70d187150a224638cc70c58bd8be376f)
2026-03-30T18:25:03.063+0200 [DEBUG] [org.gradle.cache.internal.DefaultFileLockManager] Releasing lock on cache directory 70d187150a224638cc70c58bd8be376f (C:\Users\Luciano Muratore\Documents\ChordSeqAI\caches\9.3.0\transforms\70d187150a224638cc70c58bd8be376f).
2026-03-30T18:25:03.063+0200 [DEBUG] [org.gradle.cache.internal.LockOnDemandCrossProcessCacheAccess] Releasing file lock for cache directory e032c5711b4446487f7401b243f70747 (C:\Users\Luciano Muratore\Documents\ChordSeqAI\caches\9.3.0\transforms\e032c5711b4446487f7401b243f70747)
2026-03-30T18:25:03.064+0200 [DEBUG] [org.gradle.cache.internal.DefaultFileLockManager] Releasing lock on cache directory e032c5711b4446487f7401b243f70747 (C:\Users\Luciano Muratore\Documents\ChordSeqAI\caches\9.3.0\transforms\e032c5711b4446487f7401b243f70747).
2026-03-30T18:25:03.064+0200 [DEBUG] [org.gradle.cache.internal.LockOnDemandCrossProcessCacheAccess] Releasing file lock for cache directory 2537ecaf70c1c44a1252a9476ff85370 (C:\Users\Luciano Muratore\Documents\ChordSeqAI\caches\9.3.0\transforms\2537ecaf70c1c44a1252a9476ff85370)
2026-03-30T18:25:03.064+0200 [DEBUG] [org.gradle.cache.internal.DefaultFileLockManager] Releasing lock on cache directory 2537ecaf70c1c44a1252a9476ff85370 (C:\Users\Luciano Muratore\Documents\ChordSeqAI\caches\9.3.0\transforms\2537ecaf70c1c44a1252a9476ff85370).
2026-03-30T18:25:03.064+0200 [DEBUG] [org.gradle.cache.internal.LockOnDemandCrossProcessCacheAccess] Releasing file lock for cache directory e3ecaea394bdecd83875fd90ade08722 (C:\Users\Luciano Muratore\Documents\ChordSeqAI\caches\9.3.0\transforms\e3ecaea394bdecd83875fd90ade08722)
2026-03-30T18:25:03.064+0200 [DEBUG] [org.gradle.cache.internal.DefaultFileLockManager] Releasing lock on cache directory e3ecaea394bdecd83875fd90ade08722 (C:\Users\Luciano Muratore\Documents\ChordSeqAI\caches\9.3.0\transforms\e3ecaea394bdecd83875fd90ade08722).
2026-03-30T18:25:03.064+0200 [DEBUG] [org.gradle.cache.internal.LockOnDemandCrossProcessCacheAccess] Releasing file lock for cache directory c414017e3043cbd97da389fbf8f6c969 (C:\Users\Luciano Muratore\Documents\ChordSeqAI\caches\9.3.0\transforms\c414017e3043cbd97da389fbf8f6c969)
2026-03-30T18:25:03.064+0200 [DEBUG] [org.gradle.cache.internal.DefaultFileLockManager] Releasing lock on cache directory c414017e3043cbd97da389fbf8f6c969 (C:\Users\Luciano Muratore\Documents\ChordSeqAI\caches\9.3.0\transforms\c414017e3043cbd97da389fbf8f6c969).
2026-03-30T18:25:03.065+0200 [DEBUG] [org.gradle.cache.internal.LockOnDemandCrossProcessCacheAccess] Releasing file lock for cache directory 1e71a8208c8b92a3a29369470dc8b354 (C:\Users\Luciano Muratore\Documents\ChordSeqAI\caches\9.3.0\transforms\1e71a8208c8b92a3a29369470dc8b354)
2026-03-30T18:25:03.065+0200 [DEBUG] [org.gradle.cache.internal.DefaultFileLockManager] Releasing lock on cache directory 1e71a8208c8b92a3a29369470dc8b354 (C:\Users\Luciano Muratore\Documents\ChordSeqAI\caches\9.3.0\transforms\1e71a8208c8b92a3a29369470dc8b354).
2026-03-30T18:25:03.065+0200 [DEBUG] [org.gradle.cache.internal.LockOnDemandCrossProcessCacheAccess] Releasing file lock for cache directory 4e008c630899f37a1661708f5198781a (C:\Users\Luciano Muratore\Documents\ChordSeqAI\caches\9.3.0\transforms\4e008c630899f37a1661708f5198781a)
2026-03-30T18:25:03.065+0200 [DEBUG] [org.gradle.cache.internal.DefaultFileLockManager] Releasing lock on cache directory 4e008c630899f37a1661708f5198781a (C:\Users\Luciano Muratore\Documents\ChordSeqAI\caches\9.3.0\transforms\4e008c630899f37a1661708f5198781a).
2026-03-30T18:25:03.065+0200 [DEBUG] [org.gradle.cache.internal.LockOnDemandCrossProcessCacheAccess] Releasing file lock for cache directory 4e9629844524cd41e6328d432ac5c600 (C:\Users\Luciano Muratore\Documents\ChordSeqAI\caches\9.3.0\transforms\4e9629844524cd41e6328d432ac5c600)
2026-03-30T18:25:03.065+0200 [DEBUG] [org.gradle.cache.internal.DefaultFileLockManager] Releasing lock on cache directory 4e9629844524cd41e6328d432ac5c600 (C:\Users\Luciano Muratore\Documents\ChordSeqAI\caches\9.3.0\transforms\4e9629844524cd41e6328d432ac5c600).
2026-03-30T18:25:03.066+0200 [DEBUG] [org.gradle.cache.internal.LockOnDemandCrossProcessCacheAccess] Releasing file lock for cache directory cfede3a1b4fa545ca980674e7b795750 (C:\Users\Luciano Muratore\Documents\ChordSeqAI\caches\9.3.0\transforms\cfede3a1b4fa545ca980674e7b795750)
2026-03-30T18:25:03.066+0200 [DEBUG] [org.gradle.cache.internal.DefaultFileLockManager] Releasing lock on cache directory cfede3a1b4fa545ca980674e7b795750 (C:\Users\Luciano Muratore\Documents\ChordSeqAI\caches\9.3.0\transforms\cfede3a1b4fa545ca980674e7b795750).
2026-03-30T18:25:03.066+0200 [DEBUG] [org.gradle.cache.internal.LockOnDemandCrossProcessCacheAccess] Releasing file lock for cache directory 4ed1d27cddf03de9409c7eb32fdb9896 (C:\Users\Luciano Muratore\Documents\ChordSeqAI\caches\9.3.0\transforms\4ed1d27cddf03de9409c7eb32fdb9896)
2026-03-30T18:25:03.066+0200 [DEBUG] [org.gradle.cache.internal.DefaultFileLockManager] Releasing lock on cache directory 4ed1d27cddf03de9409c7eb32fdb9896 (C:\Users\Luciano Muratore\Documents\ChordSeqAI\caches\9.3.0\transforms\4ed1d27cddf03de9409c7eb32fdb9896).
2026-03-30T18:25:03.067+0200 [DEBUG] [org.gradle.cache.internal.LockOnDemandCrossProcessCacheAccess] Releasing file lock for cache directory 28f0b2224eac382c7b4b5313cfb26abd (C:\Users\Luciano Muratore\Documents\ChordSeqAI\caches\9.3.0\transforms\28f0b2224eac382c7b4b5313cfb26abd)
2026-03-30T18:25:03.067+0200 [DEBUG] [org.gradle.cache.internal.DefaultFileLockManager] Releasing lock on cache directory 28f0b2224eac382c7b4b5313cfb26abd (C:\Users\Luciano Muratore\Documents\ChordSeqAI\caches\9.3.0\transforms\28f0b2224eac382c7b4b5313cfb26abd).
2026-03-30T18:25:03.067+0200 [DEBUG] [org.gradle.cache.internal.LockOnDemandCrossProcessCacheAccess] Releasing file lock for cache directory 92055ef45a8604aa738dab94d84ff555 (C:\Users\Luciano Muratore\Documents\ChordSeqAI\caches\9.3.0\transforms\92055ef45a8604aa738dab94d84ff555)
2026-03-30T18:25:03.067+0200 [DEBUG] [org.gradle.cache.internal.DefaultFileLockManager] Releasing lock on cache directory 92055ef45a8604aa738dab94d84ff555 (C:\Users\Luciano Muratore\Documents\ChordSeqAI\caches\9.3.0\transforms\92055ef45a8604aa738dab94d84ff555).
2026-03-30T18:25:03.068+0200 [DEBUG] [org.gradle.cache.internal.LockOnDemandCrossProcessCacheAccess] Releasing file lock for cache directory 07f87544f2544fb6c33f4ec89b3b08fd (C:\Users\Luciano Muratore\Documents\ChordSeqAI\caches\9.3.0\transforms\07f87544f2544fb6c33f4ec89b3b08fd)
2026-03-30T18:25:03.068+0200 [DEBUG] [org.gradle.cache.internal.DefaultFileLockManager] Releasing lock on cache directory 07f87544f2544fb6c33f4ec89b3b08fd (C:\Users\Luciano Muratore\Documents\ChordSeqAI\caches\9.3.0\transforms\07f87544f2544fb6c33f4ec89b3b08fd).
2026-03-30T18:25:03.069+0200 [DEBUG] [org.gradle.cache.internal.LockOnDemandCrossProcessCacheAccess] Releasing file lock for cache directory 811fa5c9b66614c0bfd9c9da9cbe6c2d (C:\Users\Luciano Muratore\Documents\ChordSeqAI\caches\9.3.0\transforms\811fa5c9b66614c0bfd9c9da9cbe6c2d)
2026-03-30T18:25:03.069+0200 [DEBUG] [org.gradle.cache.internal.DefaultFileLockManager] Releasing lock on cache directory 811fa5c9b66614c0bfd9c9da9cbe6c2d (C:\Users\Luciano Muratore\Documents\ChordSeqAI\caches\9.3.0\transforms\811fa5c9b66614c0bfd9c9da9cbe6c2d).
2026-03-30T18:25:03.070+0200 [DEBUG] [org.gradle.cache.internal.LockOnDemandCrossProcessCacheAccess] Releasing file lock for cache directory 36cec6009a9ef46e453555dd3d22a96f (C:\Users\Luciano Muratore\Documents\ChordSeqAI\caches\9.3.0\transforms\36cec6009a9ef46e453555dd3d22a96f)
2026-03-30T18:25:03.070+0200 [DEBUG] [org.gradle.cache.internal.DefaultFileLockManager] Releasing lock on cache directory 36cec6009a9ef46e453555dd3d22a96f (C:\Users\Luciano Muratore\Documents\ChordSeqAI\caches\9.3.0\transforms\36cec6009a9ef46e453555dd3d22a96f).
2026-03-30T18:25:03.071+0200 [DEBUG] [org.gradle.cache.internal.LockOnDemandCrossProcessCacheAccess] Releasing file lock for cache directory e26c33fd27542049f67f0349d03b6925 (C:\Users\Luciano Muratore\Documents\ChordSeqAI\caches\9.3.0\transforms\e26c33fd27542049f67f0349d03b6925)
2026-03-30T18:25:03.071+0200 [DEBUG] [org.gradle.cache.internal.DefaultFileLockManager] Releasing lock on cache directory e26c33fd27542049f67f0349d03b6925 (C:\Users\Luciano Muratore\Documents\ChordSeqAI\caches\9.3.0\transforms\e26c33fd27542049f67f0349d03b6925).
2026-03-30T18:25:03.071+0200 [DEBUG] [org.gradle.cache.internal.LockOnDemandCrossProcessCacheAccess] Releasing file lock for cache directory ddfc18209393429442093f4d3a073b16 (C:\Users\Luciano Muratore\Documents\ChordSeqAI\caches\9.3.0\transforms\ddfc18209393429442093f4d3a073b16)
2026-03-30T18:25:03.071+0200 [DEBUG] [org.gradle.cache.internal.DefaultFileLockManager] Releasing lock on cache directory ddfc18209393429442093f4d3a073b16 (C:\Users\Luciano Muratore\Documents\ChordSeqAI\caches\9.3.0\transforms\ddfc18209393429442093f4d3a073b16).
2026-03-30T18:25:03.072+0200 [DEBUG] [org.gradle.cache.internal.LockOnDemandCrossProcessCacheAccess] Releasing file lock for cache directory 56558d801378de1e575c97bb5afb8623 (C:\Users\Luciano Muratore\Documents\ChordSeqAI\caches\9.3.0\transforms\56558d801378de1e575c97bb5afb8623)
2026-03-30T18:25:03.072+0200 [DEBUG] [org.gradle.cache.internal.DefaultFileLockManager] Releasing lock on cache directory 56558d801378de1e575c97bb5afb8623 (C:\Users\Luciano Muratore\Documents\ChordSeqAI\caches\9.3.0\transforms\56558d801378de1e575c97bb5afb8623).
2026-03-30T18:25:03.073+0200 [DEBUG] [org.gradle.cache.internal.LockOnDemandCrossProcessCacheAccess] Releasing file lock for cache directory d9b21638b6c1020cd47162645c4fb1d7 (C:\Users\Luciano Muratore\Documents\ChordSeqAI\caches\9.3.0\transforms\d9b21638b6c1020cd47162645c4fb1d7)
2026-03-30T18:25:03.073+0200 [DEBUG] [org.gradle.cache.internal.DefaultFileLockManager] Releasing lock on cache directory d9b21638b6c1020cd47162645c4fb1d7 (C:\Users\Luciano Muratore\Documents\ChordSeqAI\caches\9.3.0\transforms\d9b21638b6c1020cd47162645c4fb1d7).
2026-03-30T18:25:03.073+0200 [DEBUG] [org.gradle.cache.internal.LockOnDemandCrossProcessCacheAccess] Releasing file lock for cache directory 90971532f2d5a51a3d8a5de2d2366be9 (C:\Users\Luciano Muratore\Documents\ChordSeqAI\caches\9.3.0\transforms\90971532f2d5a51a3d8a5de2d2366be9)
2026-03-30T18:25:03.073+0200 [DEBUG] [org.gradle.cache.internal.DefaultFileLockManager] Releasing lock on cache directory 90971532f2d5a51a3d8a5de2d2366be9 (C:\Users\Luciano Muratore\Documents\ChordSeqAI\caches\9.3.0\transforms\90971532f2d5a51a3d8a5de2d2366be9).
2026-03-30T18:25:03.074+0200 [DEBUG] [org.gradle.cache.internal.LockOnDemandCrossProcessCacheAccess] Releasing file lock for cache directory 717ec650475dff187b6e11859eda4032 (C:\Users\Luciano Muratore\Documents\ChordSeqAI\caches\9.3.0\transforms\717ec650475dff187b6e11859eda4032)
2026-03-30T18:25:03.074+0200 [DEBUG] [org.gradle.cache.internal.DefaultFileLockManager] Releasing lock on cache directory 717ec650475dff187b6e11859eda4032 (C:\Users\Luciano Muratore\Documents\ChordSeqAI\caches\9.3.0\transforms\717ec650475dff187b6e11859eda4032).
2026-03-30T18:25:03.074+0200 [DEBUG] [org.gradle.cache.internal.LockOnDemandCrossProcessCacheAccess] Releasing file lock for cache directory 6f8ce01c9eae19ddd36479141f4c97e7 (C:\Users\Luciano Muratore\Documents\ChordSeqAI\caches\9.3.0\transforms\6f8ce01c9eae19ddd36479141f4c97e7)
2026-03-30T18:25:03.074+0200 [DEBUG] [org.gradle.cache.internal.DefaultFileLockManager] Releasing lock on cache directory 6f8ce01c9eae19ddd36479141f4c97e7 (C:\Users\Luciano Muratore\Documents\ChordSeqAI\caches\9.3.0\transforms\6f8ce01c9eae19ddd36479141f4c97e7).
2026-03-30T18:25:03.075+0200 [DEBUG] [org.gradle.cache.internal.LockOnDemandCrossProcessCacheAccess] Releasing file lock for cache directory a8e60fd9655f34b25e5b98d87ea1a884 (C:\Users\Luciano Muratore\Documents\ChordSeqAI\caches\9.3.0\transforms\a8e60fd9655f34b25e5b98d87ea1a884)
2026-03-30T18:25:03.075+0200 [DEBUG] [org.gradle.cache.internal.DefaultFileLockManager] Releasing lock on cache directory a8e60fd9655f34b25e5b98d87ea1a884 (C:\Users\Luciano Muratore\Documents\ChordSeqAI\caches\9.3.0\transforms\a8e60fd9655f34b25e5b98d87ea1a884).
2026-03-30T18:25:03.075+0200 [DEBUG] [org.gradle.cache.internal.LockOnDemandCrossProcessCacheAccess] Releasing file lock for cache directory 85f90bef0f9571f054cec48c45ff4495 (C:\Users\Luciano Muratore\Documents\ChordSeqAI\caches\9.3.0\transforms\85f90bef0f9571f054cec48c45ff4495)
2026-03-30T18:25:03.075+0200 [DEBUG] [org.gradle.cache.internal.DefaultFileLockManager] Releasing lock on cache directory 85f90bef0f9571f054cec48c45ff4495 (C:\Users\Luciano Muratore\Documents\ChordSeqAI\caches\9.3.0\transforms\85f90bef0f9571f054cec48c45ff4495).
2026-03-30T18:25:03.076+0200 [DEBUG] [org.gradle.cache.internal.LockOnDemandCrossProcessCacheAccess] Releasing file lock for cache directory 66d85e4cd81bf4983c781fddf8df2775 (C:\Users\Luciano Muratore\Documents\ChordSeqAI\caches\9.3.0\transforms\66d85e4cd81bf4983c781fddf8df2775)
2026-03-30T18:25:03.076+0200 [DEBUG] [org.gradle.cache.internal.DefaultFileLockManager] Releasing lock on cache directory 66d85e4cd81bf4983c781fddf8df2775 (C:\Users\Luciano Muratore\Documents\ChordSeqAI\caches\9.3.0\transforms\66d85e4cd81bf4983c781fddf8df2775).
2026-03-30T18:25:03.077+0200 [DEBUG] [org.gradle.cache.internal.LockOnDemandCrossProcessCacheAccess] Releasing file lock for cache directory 23b1d862ab228a3e4db25f743d1e0bea (C:\Users\Luciano Muratore\Documents\ChordSeqAI\caches\9.3.0\transforms\23b1d862ab228a3e4db25f743d1e0bea)
2026-03-30T18:25:03.078+0200 [DEBUG] [org.gradle.cache.internal.DefaultFileLockManager] Releasing lock on cache directory 23b1d862ab228a3e4db25f743d1e0bea (C:\Users\Luciano Muratore\Documents\ChordSeqAI\caches\9.3.0\transforms\23b1d862ab228a3e4db25f743d1e0bea).
2026-03-30T18:25:03.078+0200 [DEBUG] [org.gradle.cache.internal.LockOnDemandCrossProcessCacheAccess] Releasing file lock for cache directory d2ff69adafeca9deeccccac5210eb4e1 (C:\Users\Luciano Muratore\Documents\ChordSeqAI\caches\9.3.0\transforms\d2ff69adafeca9deeccccac5210eb4e1)
2026-03-30T18:25:03.078+0200 [DEBUG] [org.gradle.cache.internal.DefaultFileLockManager] Releasing lock on cache directory d2ff69adafeca9deeccccac5210eb4e1 (C:\Users\Luciano Muratore\Documents\ChordSeqAI\caches\9.3.0\transforms\d2ff69adafeca9deeccccac5210eb4e1).
2026-03-30T18:25:03.080+0200 [DEBUG] [org.gradle.cache.internal.LockOnDemandCrossProcessCacheAccess] Releasing file lock for cache directory 4b5cb433c2148bcd109d35cbdc7d2561 (C:\Users\Luciano Muratore\Documents\ChordSeqAI\caches\9.3.0\transforms\4b5cb433c2148bcd109d35cbdc7d2561)
2026-03-30T18:25:03.080+0200 [DEBUG] [org.gradle.cache.internal.DefaultFileLockManager] Releasing lock on cache directory 4b5cb433c2148bcd109d35cbdc7d2561 (C:\Users\Luciano Muratore\Documents\ChordSeqAI\caches\9.3.0\transforms\4b5cb433c2148bcd109d35cbdc7d2561).
2026-03-30T18:25:03.080+0200 [DEBUG] [org.gradle.cache.internal.LockOnDemandCrossProcessCacheAccess] Releasing file lock for cache directory 26706b60915d7b9405edf77754560c87 (C:\Users\Luciano Muratore\Documents\ChordSeqAI\caches\9.3.0\transforms\26706b60915d7b9405edf77754560c87)
2026-03-30T18:25:03.080+0200 [DEBUG] [org.gradle.cache.internal.DefaultFileLockManager] Releasing lock on cache directory 26706b60915d7b9405edf77754560c87 (C:\Users\Luciano Muratore\Documents\ChordSeqAI\caches\9.3.0\transforms\26706b60915d7b9405edf77754560c87).
2026-03-30T18:25:03.081+0200 [DEBUG] [org.gradle.cache.internal.LockOnDemandCrossProcessCacheAccess] Releasing file lock for cache directory 8f77ad86a4577e686a87305022be2801 (C:\Users\Luciano Muratore\Documents\ChordSeqAI\caches\9.3.0\transforms\8f77ad86a4577e686a87305022be2801)
2026-03-30T18:25:03.081+0200 [DEBUG] [org.gradle.cache.internal.DefaultFileLockManager] Releasing lock on cache directory 8f77ad86a4577e686a87305022be2801 (C:\Users\Luciano Muratore\Documents\ChordSeqAI\caches\9.3.0\transforms\8f77ad86a4577e686a87305022be2801).
2026-03-30T18:25:03.082+0200 [DEBUG] [org.gradle.cache.internal.LockOnDemandCrossProcessCacheAccess] Releasing file lock for cache directory 23a382fd24f597bc2f28d2d9037f6afa (C:\Users\Luciano Muratore\Documents\ChordSeqAI\caches\9.3.0\transforms\23a382fd24f597bc2f28d2d9037f6afa)
2026-03-30T18:25:03.082+0200 [DEBUG] [org.gradle.cache.internal.DefaultFileLockManager] Releasing lock on cache directory 23a382fd24f597bc2f28d2d9037f6afa (C:\Users\Luciano Muratore\Documents\ChordSeqAI\caches\9.3.0\transforms\23a382fd24f597bc2f28d2d9037f6afa).
2026-03-30T18:25:03.082+0200 [DEBUG] [org.gradle.cache.internal.LockOnDemandCrossProcessCacheAccess] Releasing file lock for cache directory d99ac63d4b91de8c880715bae8af5fc7 (C:\Users\Luciano Muratore\Documents\ChordSeqAI\caches\9.3.0\transforms\d99ac63d4b91de8c880715bae8af5fc7)
2026-03-30T18:25:03.083+0200 [DEBUG] [org.gradle.cache.internal.DefaultFileLockManager] Releasing lock on cache directory d99ac63d4b91de8c880715bae8af5fc7 (C:\Users\Luciano Muratore\Documents\ChordSeqAI\caches\9.3.0\transforms\d99ac63d4b91de8c880715bae8af5fc7).
2026-03-30T18:25:03.083+0200 [DEBUG] [org.gradle.cache.internal.LockOnDemandCrossProcessCacheAccess] Releasing file lock for cache directory fdbc6fd8856acdead02f5ad5a7780680 (C:\Users\Luciano Muratore\Documents\ChordSeqAI\caches\9.3.0\transforms\fdbc6fd8856acdead02f5ad5a7780680)
2026-03-30T18:25:03.083+0200 [DEBUG] [org.gradle.cache.internal.DefaultFileLockManager] Releasing lock on cache directory fdbc6fd8856acdead02f5ad5a7780680 (C:\Users\Luciano Muratore\Documents\ChordSeqAI\caches\9.3.0\transforms\fdbc6fd8856acdead02f5ad5a7780680).
2026-03-30T18:25:03.083+0200 [DEBUG] [org.gradle.cache.internal.LockOnDemandCrossProcessCacheAccess] Releasing file lock for cache directory fb4f492692e0c891246cd1343e1f63e7 (C:\Users\Luciano Muratore\Documents\ChordSeqAI\caches\9.3.0\transforms\fb4f492692e0c891246cd1343e1f63e7)
2026-03-30T18:25:03.083+0200 [DEBUG] [org.gradle.cache.internal.DefaultFileLockManager] Releasing lock on cache directory fb4f492692e0c891246cd1343e1f63e7 (C:\Users\Luciano Muratore\Documents\ChordSeqAI\caches\9.3.0\transforms\fb4f492692e0c891246cd1343e1f63e7).
2026-03-30T18:25:03.084+0200 [DEBUG] [org.gradle.cache.internal.LockOnDemandCrossProcessCacheAccess] Releasing file lock for cache directory a2e30252804d3ba8c3485ffdceba9892 (C:\Users\Luciano Muratore\Documents\ChordSeqAI\caches\9.3.0\transforms\a2e30252804d3ba8c3485ffdceba9892)
2026-03-30T18:25:03.084+0200 [DEBUG] [org.gradle.cache.internal.DefaultFileLockManager] Releasing lock on cache directory a2e30252804d3ba8c3485ffdceba9892 (C:\Users\Luciano Muratore\Documents\ChordSeqAI\caches\9.3.0\transforms\a2e30252804d3ba8c3485ffdceba9892).
2026-03-30T18:25:03.085+0200 [DEBUG] [org.gradle.cache.internal.LockOnDemandCrossProcessCacheAccess] Releasing file lock for cache directory d57cb8d15fee8ad053aa7f2f8442d5ce (C:\Users\Luciano Muratore\Documents\ChordSeqAI\caches\9.3.0\transforms\d57cb8d15fee8ad053aa7f2f8442d5ce)
2026-03-30T18:25:03.085+0200 [DEBUG] [org.gradle.cache.internal.DefaultFileLockManager] Releasing lock on cache directory d57cb8d15fee8ad053aa7f2f8442d5ce (C:\Users\Luciano Muratore\Documents\ChordSeqAI\caches\9.3.0\transforms\d57cb8d15fee8ad053aa7f2f8442d5ce).
2026-03-30T18:25:03.086+0200 [DEBUG] [org.gradle.cache.internal.LockOnDemandCrossProcessCacheAccess] Releasing file lock for cache directory ab78dca7e706927bf10b976e1e96bb48 (C:\Users\Luciano Muratore\Documents\ChordSeqAI\caches\9.3.0\transforms\ab78dca7e706927bf10b976e1e96bb48)
2026-03-30T18:25:03.086+0200 [DEBUG] [org.gradle.cache.internal.DefaultFileLockManager] Releasing lock on cache directory ab78dca7e706927bf10b976e1e96bb48 (C:\Users\Luciano Muratore\Documents\ChordSeqAI\caches\9.3.0\transforms\ab78dca7e706927bf10b976e1e96bb48).
2026-03-30T18:25:03.086+0200 [DEBUG] [org.gradle.cache.internal.LockOnDemandCrossProcessCacheAccess] Releasing file lock for cache directory efcd0b0cdd9ce50a0587401fac729f04 (C:\Users\Luciano Muratore\Documents\ChordSeqAI\caches\9.3.0\transforms\efcd0b0cdd9ce50a0587401fac729f04)
2026-03-30T18:25:03.086+0200 [DEBUG] [org.gradle.cache.internal.DefaultFileLockManager] Releasing lock on cache directory efcd0b0cdd9ce50a0587401fac729f04 (C:\Users\Luciano Muratore\Documents\ChordSeqAI\caches\9.3.0\transforms\efcd0b0cdd9ce50a0587401fac729f04).
2026-03-30T18:25:03.087+0200 [DEBUG] [org.gradle.cache.internal.LockOnDemandCrossProcessCacheAccess] Releasing file lock for cache directory 09e16076362339cc20da1c0381111eed (C:\Users\Luciano Muratore\Documents\ChordSeqAI\caches\9.3.0\transforms\09e16076362339cc20da1c0381111eed)
2026-03-30T18:25:03.087+0200 [DEBUG] [org.gradle.cache.internal.DefaultFileLockManager] Releasing lock on cache directory 09e16076362339cc20da1c0381111eed (C:\Users\Luciano Muratore\Documents\ChordSeqAI\caches\9.3.0\transforms\09e16076362339cc20da1c0381111eed).
2026-03-30T18:25:03.087+0200 [DEBUG] [org.gradle.cache.internal.LockOnDemandCrossProcessCacheAccess] Releasing file lock for cache directory abbc6983b58d5c198461836802ebc126 (C:\Users\Luciano Muratore\Documents\ChordSeqAI\caches\9.3.0\transforms\abbc6983b58d5c198461836802ebc126)
2026-03-30T18:25:03.087+0200 [DEBUG] [org.gradle.cache.internal.DefaultFileLockManager] Releasing lock on cache directory abbc6983b58d5c198461836802ebc126 (C:\Users\Luciano Muratore\Documents\ChordSeqAI\caches\9.3.0\transforms\abbc6983b58d5c198461836802ebc126).
2026-03-30T18:25:03.087+0200 [DEBUG] [org.gradle.cache.internal.LockOnDemandCrossProcessCacheAccess] Releasing file lock for cache directory 78ec09bef2938b08e37534583f090cb3 (C:\Users\Luciano Muratore\Documents\ChordSeqAI\caches\9.3.0\transforms\78ec09bef2938b08e37534583f090cb3)
2026-03-30T18:25:03.087+0200 [DEBUG] [org.gradle.cache.internal.DefaultFileLockManager] Releasing lock on cache directory 78ec09bef2938b08e37534583f090cb3 (C:\Users\Luciano Muratore\Documents\ChordSeqAI\caches\9.3.0\transforms\78ec09bef2938b08e37534583f090cb3).
2026-03-30T18:25:03.088+0200 [DEBUG] [org.gradle.cache.internal.LockOnDemandCrossProcessCacheAccess] Releasing file lock for cache directory 674f30667a6a44e7968e7c80e6450ab7 (C:\Users\Luciano Muratore\Documents\ChordSeqAI\caches\9.3.0\transforms\674f30667a6a44e7968e7c80e6450ab7)
2026-03-30T18:25:03.088+0200 [DEBUG] [org.gradle.cache.internal.DefaultFileLockManager] Releasing lock on cache directory 674f30667a6a44e7968e7c80e6450ab7 (C:\Users\Luciano Muratore\Documents\ChordSeqAI\caches\9.3.0\transforms\674f30667a6a44e7968e7c80e6450ab7).
2026-03-30T18:25:03.088+0200 [DEBUG] [org.gradle.cache.internal.LockOnDemandCrossProcessCacheAccess] Releasing file lock for cache directory da6798509b04e91d01218c643dd7cbb9 (C:\Users\Luciano Muratore\Documents\ChordSeqAI\caches\9.3.0\transforms\da6798509b04e91d01218c643dd7cbb9)
2026-03-30T18:25:03.088+0200 [DEBUG] [org.gradle.cache.internal.DefaultFileLockManager] Releasing lock on cache directory da6798509b04e91d01218c643dd7cbb9 (C:\Users\Luciano Muratore\Documents\ChordSeqAI\caches\9.3.0\transforms\da6798509b04e91d01218c643dd7cbb9).
2026-03-30T18:25:03.089+0200 [DEBUG] [org.gradle.cache.internal.LockOnDemandCrossProcessCacheAccess] Releasing file lock for cache directory 8d82ba0786101e24287a2d1d1eaf1fb9 (C:\Users\Luciano Muratore\Documents\ChordSeqAI\caches\9.3.0\transforms\8d82ba0786101e24287a2d1d1eaf1fb9)
2026-03-30T18:25:03.089+0200 [DEBUG] [org.gradle.cache.internal.DefaultFileLockManager] Releasing lock on cache directory 8d82ba0786101e24287a2d1d1eaf1fb9 (C:\Users\Luciano Muratore\Documents\ChordSeqAI\caches\9.3.0\transforms\8d82ba0786101e24287a2d1d1eaf1fb9).
2026-03-30T18:25:03.089+0200 [DEBUG] [org.gradle.cache.internal.LockOnDemandCrossProcessCacheAccess] Releasing file lock for cache directory 85b15ef22c7b32e992c532542e688908 (C:\Users\Luciano Muratore\Documents\ChordSeqAI\caches\9.3.0\transforms\85b15ef22c7b32e992c532542e688908)
2026-03-30T18:25:03.089+0200 [DEBUG] [org.gradle.cache.internal.DefaultFileLockManager] Releasing lock on cache directory 85b15ef22c7b32e992c532542e688908 (C:\Users\Luciano Muratore\Documents\ChordSeqAI\caches\9.3.0\transforms\85b15ef22c7b32e992c532542e688908).
2026-03-30T18:25:03.090+0200 [DEBUG] [org.gradle.cache.internal.LockOnDemandCrossProcessCacheAccess] Releasing file lock for cache directory 7839d9b7198f817a630ed4d9fb3a6f18 (C:\Users\Luciano Muratore\Documents\ChordSeqAI\caches\9.3.0\transforms\7839d9b7198f817a630ed4d9fb3a6f18)
2026-03-30T18:25:03.090+0200 [DEBUG] [org.gradle.cache.internal.DefaultFileLockManager] Releasing lock on cache directory 7839d9b7198f817a630ed4d9fb3a6f18 (C:\Users\Luciano Muratore\Documents\ChordSeqAI\caches\9.3.0\transforms\7839d9b7198f817a630ed4d9fb3a6f18).
2026-03-30T18:25:03.090+0200 [DEBUG] [org.gradle.cache.internal.LockOnDemandCrossProcessCacheAccess] Releasing file lock for cache directory 81e9e16dce28b9ce8a762eb806c25277 (C:\Users\Luciano Muratore\Documents\ChordSeqAI\caches\9.3.0\transforms\81e9e16dce28b9ce8a762eb806c25277)
2026-03-30T18:25:03.090+0200 [DEBUG] [org.gradle.cache.internal.DefaultFileLockManager] Releasing lock on cache directory 81e9e16dce28b9ce8a762eb806c25277 (C:\Users\Luciano Muratore\Documents\ChordSeqAI\caches\9.3.0\transforms\81e9e16dce28b9ce8a762eb806c25277).
2026-03-30T18:25:03.090+0200 [DEBUG] [org.gradle.cache.internal.LockOnDemandCrossProcessCacheAccess] Releasing file lock for cache directory 40f971b077cbb6ebf0fd97b556d9ef9a (C:\Users\Luciano Muratore\Documents\ChordSeqAI\caches\9.3.0\transforms\40f971b077cbb6ebf0fd97b556d9ef9a)
2026-03-30T18:25:03.091+0200 [DEBUG] [org.gradle.cache.internal.DefaultFileLockManager] Releasing lock on cache directory 40f971b077cbb6ebf0fd97b556d9ef9a (C:\Users\Luciano Muratore\Documents\ChordSeqAI\caches\9.3.0\transforms\40f971b077cbb6ebf0fd97b556d9ef9a).
2026-03-30T18:25:03.092+0200 [DEBUG] [org.gradle.cache.internal.LockOnDemandCrossProcessCacheAccess] Releasing file lock for cache directory 849d325624936e31d071e878dbc237a3 (C:\Users\Luciano Muratore\Documents\ChordSeqAI\caches\9.3.0\transforms\849d325624936e31d071e878dbc237a3)
2026-03-30T18:25:03.092+0200 [DEBUG] [org.gradle.cache.internal.DefaultFileLockManager] Releasing lock on cache directory 849d325624936e31d071e878dbc237a3 (C:\Users\Luciano Muratore\Documents\ChordSeqAI\caches\9.3.0\transforms\849d325624936e31d071e878dbc237a3).
2026-03-30T18:25:03.092+0200 [DEBUG] [org.gradle.cache.internal.LockOnDemandCrossProcessCacheAccess] Releasing file lock for cache directory e1d25b570048074fa29cb95478a043bb (C:\Users\Luciano Muratore\Documents\ChordSeqAI\caches\9.3.0\transforms\e1d25b570048074fa29cb95478a043bb)
2026-03-30T18:25:03.092+0200 [DEBUG] [org.gradle.cache.internal.DefaultFileLockManager] Releasing lock on cache directory e1d25b570048074fa29cb95478a043bb (C:\Users\Luciano Muratore\Documents\ChordSeqAI\caches\9.3.0\transforms\e1d25b570048074fa29cb95478a043bb).
2026-03-30T18:25:03.092+0200 [DEBUG] [org.gradle.cache.internal.LockOnDemandCrossProcessCacheAccess] Releasing file lock for cache directory baef292fed64b3a88ca8a310675076ab (C:\Users\Luciano Muratore\Documents\ChordSeqAI\caches\9.3.0\transforms\baef292fed64b3a88ca8a310675076ab)
2026-03-30T18:25:03.093+0200 [DEBUG] [org.gradle.cache.internal.DefaultFileLockManager] Releasing lock on cache directory baef292fed64b3a88ca8a310675076ab (C:\Users\Luciano Muratore\Documents\ChordSeqAI\caches\9.3.0\transforms\baef292fed64b3a88ca8a310675076ab).
2026-03-30T18:25:03.093+0200 [DEBUG] [org.gradle.cache.internal.LockOnDemandCrossProcessCacheAccess] Releasing file lock for cache directory 486391359bf30d4b2ac9d227bd86f4a8 (C:\Users\Luciano Muratore\Documents\ChordSeqAI\caches\9.3.0\transforms\486391359bf30d4b2ac9d227bd86f4a8)
2026-03-30T18:25:03.093+0200 [DEBUG] [org.gradle.cache.internal.DefaultFileLockManager] Releasing lock on cache directory 486391359bf30d4b2ac9d227bd86f4a8 (C:\Users\Luciano Muratore\Documents\ChordSeqAI\caches\9.3.0\transforms\486391359bf30d4b2ac9d227bd86f4a8).
2026-03-30T18:25:03.093+0200 [DEBUG] [org.gradle.cache.internal.LockOnDemandCrossProcessCacheAccess] Releasing file lock for cache directory 350d3f860304c6580c60757070c30943 (C:\Users\Luciano Muratore\Documents\ChordSeqAI\caches\9.3.0\transforms\350d3f860304c6580c60757070c30943)
2026-03-30T18:25:03.093+0200 [DEBUG] [org.gradle.cache.internal.DefaultFileLockManager] Releasing lock on cache directory 350d3f860304c6580c60757070c30943 (C:\Users\Luciano Muratore\Documents\ChordSeqAI\caches\9.3.0\transforms\350d3f860304c6580c60757070c30943).
2026-03-30T18:25:03.094+0200 [DEBUG] [org.gradle.cache.internal.LockOnDemandCrossProcessCacheAccess] Releasing file lock for cache directory 486ed1ee50814d1a0cfb9bc8f3bab875 (C:\Users\Luciano Muratore\Documents\ChordSeqAI\caches\9.3.0\transforms\486ed1ee50814d1a0cfb9bc8f3bab875)
2026-03-30T18:25:03.094+0200 [DEBUG] [org.gradle.cache.internal.DefaultFileLockManager] Releasing lock on cache directory 486ed1ee50814d1a0cfb9bc8f3bab875 (C:\Users\Luciano Muratore\Documents\ChordSeqAI\caches\9.3.0\transforms\486ed1ee50814d1a0cfb9bc8f3bab875).
2026-03-30T18:25:03.094+0200 [DEBUG] [org.gradle.cache.internal.LockOnDemandCrossProcessCacheAccess] Releasing file lock for cache directory 8657cab3145fbec1e3156caf3aa5d57b (C:\Users\Luciano Muratore\Documents\ChordSeqAI\caches\9.3.0\transforms\8657cab3145fbec1e3156caf3aa5d57b)
2026-03-30T18:25:03.094+0200 [DEBUG] [org.gradle.cache.internal.DefaultFileLockManager] Releasing lock on cache directory 8657cab3145fbec1e3156caf3aa5d57b (C:\Users\Luciano Muratore\Documents\ChordSeqAI\caches\9.3.0\transforms\8657cab3145fbec1e3156caf3aa5d57b).
2026-03-30T18:25:03.094+0200 [DEBUG] [org.gradle.cache.internal.LockOnDemandCrossProcessCacheAccess] Releasing file lock for cache directory 848bd4458deb638adb51437f18549724 (C:\Users\Luciano Muratore\Documents\ChordSeqAI\caches\9.3.0\transforms\848bd4458deb638adb51437f18549724)
2026-03-30T18:25:03.094+0200 [DEBUG] [org.gradle.cache.internal.DefaultFileLockManager] Releasing lock on cache directory 848bd4458deb638adb51437f18549724 (C:\Users\Luciano Muratore\Documents\ChordSeqAI\caches\9.3.0\transforms\848bd4458deb638adb51437f18549724).
2026-03-30T18:25:03.094+0200 [DEBUG] [org.gradle.cache.internal.LockOnDemandCrossProcessCacheAccess] Releasing file lock for cache directory 6580b5bf1437595cd356933418f2f0b6 (C:\Users\Luciano Muratore\Documents\ChordSeqAI\caches\9.3.0\transforms\6580b5bf1437595cd356933418f2f0b6)
2026-03-30T18:25:03.095+0200 [DEBUG] [org.gradle.cache.internal.DefaultFileLockManager] Releasing lock on cache directory 6580b5bf1437595cd356933418f2f0b6 (C:\Users\Luciano Muratore\Documents\ChordSeqAI\caches\9.3.0\transforms\6580b5bf1437595cd356933418f2f0b6).
2026-03-30T18:25:03.095+0200 [DEBUG] [org.gradle.cache.internal.LockOnDemandCrossProcessCacheAccess] Releasing file lock for cache directory 049314ea02c56d93437b150ed7f85fbe (C:\Users\Luciano Muratore\Documents\ChordSeqAI\caches\9.3.0\transforms\049314ea02c56d93437b150ed7f85fbe)
2026-03-30T18:25:03.095+0200 [DEBUG] [org.gradle.cache.internal.DefaultFileLockManager] Releasing lock on cache directory 049314ea02c56d93437b150ed7f85fbe (C:\Users\Luciano Muratore\Documents\ChordSeqAI\caches\9.3.0\transforms\049314ea02c56d93437b150ed7f85fbe).
2026-03-30T18:25:03.095+0200 [DEBUG] [org.gradle.cache.internal.LockOnDemandCrossProcessCacheAccess] Releasing file lock for cache directory c7fdb5eedad843083fdc2cb2612bf332 (C:\Users\Luciano Muratore\Documents\ChordSeqAI\caches\9.3.0\transforms\c7fdb5eedad843083fdc2cb2612bf332)
2026-03-30T18:25:03.095+0200 [DEBUG] [org.gradle.cache.internal.DefaultFileLockManager] Releasing lock on cache directory c7fdb5eedad843083fdc2cb2612bf332 (C:\Users\Luciano Muratore\Documents\ChordSeqAI\caches\9.3.0\transforms\c7fdb5eedad843083fdc2cb2612bf332).
2026-03-30T18:25:03.095+0200 [DEBUG] [org.gradle.cache.internal.LockOnDemandCrossProcessCacheAccess] Releasing file lock for cache directory c7607dd1c7335abd59ac16cc18552f3e (C:\Users\Luciano Muratore\Documents\ChordSeqAI\caches\9.3.0\transforms\c7607dd1c7335abd59ac16cc18552f3e)
2026-03-30T18:25:03.095+0200 [DEBUG] [org.gradle.cache.internal.DefaultFileLockManager] Releasing lock on cache directory c7607dd1c7335abd59ac16cc18552f3e (C:\Users\Luciano Muratore\Documents\ChordSeqAI\caches\9.3.0\transforms\c7607dd1c7335abd59ac16cc18552f3e).
2026-03-30T18:25:03.096+0200 [DEBUG] [org.gradle.cache.internal.LockOnDemandCrossProcessCacheAccess] Releasing file lock for cache directory 5ff83f40da19083d35d43a56a95049e6 (C:\Users\Luciano Muratore\Documents\ChordSeqAI\caches\9.3.0\transforms\5ff83f40da19083d35d43a56a95049e6)
2026-03-30T18:25:03.096+0200 [DEBUG] [org.gradle.cache.internal.DefaultFileLockManager] Releasing lock on cache directory 5ff83f40da19083d35d43a56a95049e6 (C:\Users\Luciano Muratore\Documents\ChordSeqAI\caches\9.3.0\transforms\5ff83f40da19083d35d43a56a95049e6).
2026-03-30T18:25:03.096+0200 [DEBUG] [org.gradle.cache.internal.LockOnDemandCrossProcessCacheAccess] Releasing file lock for cache directory 5b121c278575cfa4da40c21d3a2ba705 (C:\Users\Luciano Muratore\Documents\ChordSeqAI\caches\9.3.0\transforms\5b121c278575cfa4da40c21d3a2ba705)
2026-03-30T18:25:03.096+0200 [DEBUG] [org.gradle.cache.internal.DefaultFileLockManager] Releasing lock on cache directory 5b121c278575cfa4da40c21d3a2ba705 (C:\Users\Luciano Muratore\Documents\ChordSeqAI\caches\9.3.0\transforms\5b121c278575cfa4da40c21d3a2ba705).
2026-03-30T18:25:03.096+0200 [DEBUG] [org.gradle.cache.internal.LockOnDemandCrossProcessCacheAccess] Releasing file lock for cache directory a70cdca12ded8cb4e0c30eb6223ac33c (C:\Users\Luciano Muratore\Documents\ChordSeqAI\caches\9.3.0\transforms\a70cdca12ded8cb4e0c30eb6223ac33c)
2026-03-30T18:25:03.096+0200 [DEBUG] [org.gradle.cache.internal.DefaultFileLockManager] Releasing lock on cache directory a70cdca12ded8cb4e0c30eb6223ac33c (C:\Users\Luciano Muratore\Documents\ChordSeqAI\caches\9.3.0\transforms\a70cdca12ded8cb4e0c30eb6223ac33c).
2026-03-30T18:25:03.096+0200 [DEBUG] [org.gradle.cache.internal.LockOnDemandCrossProcessCacheAccess] Releasing file lock for cache directory c0f74828c4fc0d8d8ba3ef5303706c25 (C:\Users\Luciano Muratore\Documents\ChordSeqAI\caches\9.3.0\transforms\c0f74828c4fc0d8d8ba3ef5303706c25)
2026-03-30T18:25:03.096+0200 [DEBUG] [org.gradle.cache.internal.DefaultFileLockManager] Releasing lock on cache directory c0f74828c4fc0d8d8ba3ef5303706c25 (C:\Users\Luciano Muratore\Documents\ChordSeqAI\caches\9.3.0\transforms\c0f74828c4fc0d8d8ba3ef5303706c25).
2026-03-30T18:25:03.097+0200 [DEBUG] [org.gradle.cache.internal.LockOnDemandCrossProcessCacheAccess] Releasing file lock for cache directory 18e730ce652060a5cc4e0471258874d7 (C:\Users\Luciano Muratore\Documents\ChordSeqAI\caches\9.3.0\transforms\18e730ce652060a5cc4e0471258874d7)
2026-03-30T18:25:03.097+0200 [DEBUG] [org.gradle.cache.internal.DefaultFileLockManager] Releasing lock on cache directory 18e730ce652060a5cc4e0471258874d7 (C:\Users\Luciano Muratore\Documents\ChordSeqAI\caches\9.3.0\transforms\18e730ce652060a5cc4e0471258874d7).
2026-03-30T18:25:03.097+0200 [DEBUG] [org.gradle.cache.internal.LockOnDemandCrossProcessCacheAccess] Releasing file lock for cache directory 2976dbe71b4c59ded4cf8ac5cd42f98c (C:\Users\Luciano Muratore\Documents\ChordSeqAI\caches\9.3.0\transforms\2976dbe71b4c59ded4cf8ac5cd42f98c)
2026-03-30T18:25:03.097+0200 [DEBUG] [org.gradle.cache.internal.DefaultFileLockManager] Releasing lock on cache directory 2976dbe71b4c59ded4cf8ac5cd42f98c (C:\Users\Luciano Muratore\Documents\ChordSeqAI\caches\9.3.0\transforms\2976dbe71b4c59ded4cf8ac5cd42f98c).
2026-03-30T18:25:03.097+0200 [DEBUG] [org.gradle.cache.internal.LockOnDemandCrossProcessCacheAccess] Releasing file lock for cache directory e2204b17932e510d963e223599433be0 (C:\Users\Luciano Muratore\Documents\ChordSeqAI\caches\9.3.0\transforms\e2204b17932e510d963e223599433be0)
2026-03-30T18:25:03.098+0200 [DEBUG] [org.gradle.cache.internal.DefaultFileLockManager] Releasing lock on cache directory e2204b17932e510d963e223599433be0 (C:\Users\Luciano Muratore\Documents\ChordSeqAI\caches\9.3.0\transforms\e2204b17932e510d963e223599433be0).
2026-03-30T18:25:03.098+0200 [DEBUG] [org.gradle.cache.internal.LockOnDemandCrossProcessCacheAccess] Releasing file lock for cache directory 75c80cf443f7b932df44657985739ae7 (C:\Users\Luciano Muratore\Documents\ChordSeqAI\caches\9.3.0\transforms\75c80cf443f7b932df44657985739ae7)
2026-03-30T18:25:03.098+0200 [DEBUG] [org.gradle.cache.internal.DefaultFileLockManager] Releasing lock on cache directory 75c80cf443f7b932df44657985739ae7 (C:\Users\Luciano Muratore\Documents\ChordSeqAI\caches\9.3.0\transforms\75c80cf443f7b932df44657985739ae7).
2026-03-30T18:25:03.099+0200 [DEBUG] [org.gradle.cache.internal.LockOnDemandCrossProcessCacheAccess] Releasing file lock for cache directory 37f9f184a5431b7ab79da7a745de44cb (C:\Users\Luciano Muratore\Documents\ChordSeqAI\caches\9.3.0\transforms\37f9f184a5431b7ab79da7a745de44cb)
2026-03-30T18:25:03.099+0200 [DEBUG] [org.gradle.cache.internal.DefaultFileLockManager] Releasing lock on cache directory 37f9f184a5431b7ab79da7a745de44cb (C:\Users\Luciano Muratore\Documents\ChordSeqAI\caches\9.3.0\transforms\37f9f184a5431b7ab79da7a745de44cb).
2026-03-30T18:25:03.099+0200 [DEBUG] [org.gradle.cache.internal.LockOnDemandCrossProcessCacheAccess] Releasing file lock for cache directory b9463cd2c02e0e9597cad2f8a4ac24de (C:\Users\Luciano Muratore\Documents\ChordSeqAI\caches\9.3.0\transforms\b9463cd2c02e0e9597cad2f8a4ac24de)
2026-03-30T18:25:03.100+0200 [DEBUG] [org.gradle.cache.internal.DefaultFileLockManager] Releasing lock on cache directory b9463cd2c02e0e9597cad2f8a4ac24de (C:\Users\Luciano Muratore\Documents\ChordSeqAI\caches\9.3.0\transforms\b9463cd2c02e0e9597cad2f8a4ac24de).
2026-03-30T18:25:03.100+0200 [DEBUG] [org.gradle.cache.internal.LockOnDemandCrossProcessCacheAccess] Releasing file lock for cache directory 8f252bc61c33ff4de29227199069f016 (C:\Users\Luciano Muratore\Documents\ChordSeqAI\caches\9.3.0\transforms\8f252bc61c33ff4de29227199069f016)
2026-03-30T18:25:03.101+0200 [DEBUG] [org.gradle.cache.internal.DefaultFileLockManager] Releasing lock on cache directory 8f252bc61c33ff4de29227199069f016 (C:\Users\Luciano Muratore\Documents\ChordSeqAI\caches\9.3.0\transforms\8f252bc61c33ff4de29227199069f016).
2026-03-30T18:25:03.102+0200 [DEBUG] [org.gradle.cache.internal.LockOnDemandCrossProcessCacheAccess] Releasing file lock for cache directory 85d159ea76e14b76d78b28d1c12b6573 (C:\Users\Luciano Muratore\Documents\ChordSeqAI\caches\9.3.0\transforms\85d159ea76e14b76d78b28d1c12b6573)
2026-03-30T18:25:03.103+0200 [DEBUG] [org.gradle.cache.internal.DefaultFileLockManager] Releasing lock on cache directory 85d159ea76e14b76d78b28d1c12b6573 (C:\Users\Luciano Muratore\Documents\ChordSeqAI\caches\9.3.0\transforms\85d159ea76e14b76d78b28d1c12b6573).
2026-03-30T18:25:03.103+0200 [DEBUG] [org.gradle.cache.internal.LockOnDemandCrossProcessCacheAccess] Releasing file lock for cache directory dc2879c236facad09f1dc36b8f95df73 (C:\Users\Luciano Muratore\Documents\ChordSeqAI\caches\9.3.0\transforms\dc2879c236facad09f1dc36b8f95df73)
2026-03-30T18:25:03.103+0200 [DEBUG] [org.gradle.cache.internal.DefaultFileLockManager] Releasing lock on cache directory dc2879c236facad09f1dc36b8f95df73 (C:\Users\Luciano Muratore\Documents\ChordSeqAI\caches\9.3.0\transforms\dc2879c236facad09f1dc36b8f95df73).
2026-03-30T18:25:03.104+0200 [DEBUG] [org.gradle.cache.internal.LockOnDemandCrossProcessCacheAccess] Releasing file lock for cache directory ca2c1cf67401216f9dc8000067f86b68 (C:\Users\Luciano Muratore\Documents\ChordSeqAI\caches\9.3.0\transforms\ca2c1cf67401216f9dc8000067f86b68)
2026-03-30T18:25:03.104+0200 [DEBUG] [org.gradle.cache.internal.DefaultFileLockManager] Releasing lock on cache directory ca2c1cf67401216f9dc8000067f86b68 (C:\Users\Luciano Muratore\Documents\ChordSeqAI\caches\9.3.0\transforms\ca2c1cf67401216f9dc8000067f86b68).
2026-03-30T18:25:03.104+0200 [DEBUG] [org.gradle.cache.internal.LockOnDemandCrossProcessCacheAccess] Releasing file lock for cache directory df1ef5175c0250a1691e72ff264ed2ba (C:\Users\Luciano Muratore\Documents\ChordSeqAI\caches\9.3.0\transforms\df1ef5175c0250a1691e72ff264ed2ba)
2026-03-30T18:25:03.104+0200 [DEBUG] [org.gradle.cache.internal.DefaultFileLockManager] Releasing lock on cache directory df1ef5175c0250a1691e72ff264ed2ba (C:\Users\Luciano Muratore\Documents\ChordSeqAI\caches\9.3.0\transforms\df1ef5175c0250a1691e72ff264ed2ba).
2026-03-30T18:25:03.104+0200 [DEBUG] [org.gradle.cache.internal.LockOnDemandCrossProcessCacheAccess] Releasing file lock for cache directory 453eb42edcc3cfd30f6affa515274a01 (C:\Users\Luciano Muratore\Documents\ChordSeqAI\caches\9.3.0\transforms\453eb42edcc3cfd30f6affa515274a01)
2026-03-30T18:25:03.104+0200 [DEBUG] [org.gradle.cache.internal.DefaultFileLockManager] Releasing lock on cache directory 453eb42edcc3cfd30f6affa515274a01 (C:\Users\Luciano Muratore\Documents\ChordSeqAI\caches\9.3.0\transforms\453eb42edcc3cfd30f6affa515274a01).
2026-03-30T18:25:03.105+0200 [DEBUG] [org.gradle.cache.internal.LockOnDemandCrossProcessCacheAccess] Releasing file lock for cache directory 06d368727ae75a0567aa583b760e898b (C:\Users\Luciano Muratore\Documents\ChordSeqAI\caches\9.3.0\transforms\06d368727ae75a0567aa583b760e898b)
2026-03-30T18:25:03.105+0200 [DEBUG] [org.gradle.cache.internal.DefaultFileLockManager] Releasing lock on cache directory 06d368727ae75a0567aa583b760e898b (C:\Users\Luciano Muratore\Documents\ChordSeqAI\caches\9.3.0\transforms\06d368727ae75a0567aa583b760e898b).
2026-03-30T18:25:03.105+0200 [DEBUG] [org.gradle.cache.internal.LockOnDemandCrossProcessCacheAccess] Releasing file lock for cache directory df52f0e3561f4c5e89d58922823508a8 (C:\Users\Luciano Muratore\Documents\ChordSeqAI\caches\9.3.0\transforms\df52f0e3561f4c5e89d58922823508a8)
2026-03-30T18:25:03.105+0200 [DEBUG] [org.gradle.cache.internal.DefaultFileLockManager] Releasing lock on cache directory df52f0e3561f4c5e89d58922823508a8 (C:\Users\Luciano Muratore\Documents\ChordSeqAI\caches\9.3.0\transforms\df52f0e3561f4c5e89d58922823508a8).
2026-03-30T18:25:03.106+0200 [DEBUG] [org.gradle.cache.internal.LockOnDemandCrossProcessCacheAccess] Releasing file lock for cache directory 400bd96995e0dea5a677830557765a36 (C:\Users\Luciano Muratore\Documents\ChordSeqAI\caches\9.3.0\transforms\400bd96995e0dea5a677830557765a36)
2026-03-30T18:25:03.106+0200 [DEBUG] [org.gradle.cache.internal.DefaultFileLockManager] Releasing lock on cache directory 400bd96995e0dea5a677830557765a36 (C:\Users\Luciano Muratore\Documents\ChordSeqAI\caches\9.3.0\transforms\400bd96995e0dea5a677830557765a36).
2026-03-30T18:25:03.106+0200 [DEBUG] [org.gradle.cache.internal.LockOnDemandCrossProcessCacheAccess] Releasing file lock for cache directory 5474688a7875849c81628d3d8a682da9 (C:\Users\Luciano Muratore\Documents\ChordSeqAI\caches\9.3.0\transforms\5474688a7875849c81628d3d8a682da9)
2026-03-30T18:25:03.107+0200 [DEBUG] [org.gradle.cache.internal.DefaultFileLockManager] Releasing lock on cache directory 5474688a7875849c81628d3d8a682da9 (C:\Users\Luciano Muratore\Documents\ChordSeqAI\caches\9.3.0\transforms\5474688a7875849c81628d3d8a682da9).
2026-03-30T18:25:03.107+0200 [DEBUG] [org.gradle.cache.internal.LockOnDemandCrossProcessCacheAccess] Releasing file lock for cache directory dda55b58ea5bc2c244dbb72fa1b81627 (C:\Users\Luciano Muratore\Documents\ChordSeqAI\caches\9.3.0\transforms\dda55b58ea5bc2c244dbb72fa1b81627)
2026-03-30T18:25:03.107+0200 [DEBUG] [org.gradle.cache.internal.DefaultFileLockManager] Releasing lock on cache directory dda55b58ea5bc2c244dbb72fa1b81627 (C:\Users\Luciano Muratore\Documents\ChordSeqAI\caches\9.3.0\transforms\dda55b58ea5bc2c244dbb72fa1b81627).
2026-03-30T18:25:03.108+0200 [DEBUG] [org.gradle.cache.internal.LockOnDemandCrossProcessCacheAccess] Releasing file lock for cache directory a4d3a48e6f015e884354b55c941400c4 (C:\Users\Luciano Muratore\Documents\ChordSeqAI\caches\9.3.0\transforms\a4d3a48e6f015e884354b55c941400c4)
2026-03-30T18:25:03.108+0200 [DEBUG] [org.gradle.cache.internal.DefaultFileLockManager] Releasing lock on cache directory a4d3a48e6f015e884354b55c941400c4 (C:\Users\Luciano Muratore\Documents\ChordSeqAI\caches\9.3.0\transforms\a4d3a48e6f015e884354b55c941400c4).
2026-03-30T18:25:03.108+0200 [DEBUG] [org.gradle.cache.internal.LockOnDemandCrossProcessCacheAccess] Releasing file lock for cache directory 61a5766bccf26401618870f3dd2cf405 (C:\Users\Luciano Muratore\Documents\ChordSeqAI\caches\9.3.0\transforms\61a5766bccf26401618870f3dd2cf405)
2026-03-30T18:25:03.108+0200 [DEBUG] [org.gradle.cache.internal.DefaultFileLockManager] Releasing lock on cache directory 61a5766bccf26401618870f3dd2cf405 (C:\Users\Luciano Muratore\Documents\ChordSeqAI\caches\9.3.0\transforms\61a5766bccf26401618870f3dd2cf405).
2026-03-30T18:25:03.109+0200 [DEBUG] [org.gradle.cache.internal.LockOnDemandCrossProcessCacheAccess] Releasing file lock for cache directory 495f5fb50f0dd070a8a84db49369abba (C:\Users\Luciano Muratore\Documents\ChordSeqAI\caches\9.3.0\transforms\495f5fb50f0dd070a8a84db49369abba)
2026-03-30T18:25:03.109+0200 [DEBUG] [org.gradle.cache.internal.DefaultFileLockManager] Releasing lock on cache directory 495f5fb50f0dd070a8a84db49369abba (C:\Users\Luciano Muratore\Documents\ChordSeqAI\caches\9.3.0\transforms\495f5fb50f0dd070a8a84db49369abba).
2026-03-30T18:25:03.109+0200 [DEBUG] [org.gradle.cache.internal.LockOnDemandCrossProcessCacheAccess] Releasing file lock for cache directory c9e2194371faa378cf63eebc04eb5201 (C:\Users\Luciano Muratore\Documents\ChordSeqAI\caches\9.3.0\transforms\c9e2194371faa378cf63eebc04eb5201)
2026-03-30T18:25:03.110+0200 [DEBUG] [org.gradle.cache.internal.DefaultFileLockManager] Releasing lock on cache directory c9e2194371faa378cf63eebc04eb5201 (C:\Users\Luciano Muratore\Documents\ChordSeqAI\caches\9.3.0\transforms\c9e2194371faa378cf63eebc04eb5201).
2026-03-30T18:25:03.110+0200 [DEBUG] [org.gradle.cache.internal.LockOnDemandCrossProcessCacheAccess] Releasing file lock for cache directory 9b3bc2a39c77fa44ef2a737d997a3877 (C:\Users\Luciano Muratore\Documents\ChordSeqAI\caches\9.3.0\transforms\9b3bc2a39c77fa44ef2a737d997a3877)
2026-03-30T18:25:03.110+0200 [DEBUG] [org.gradle.cache.internal.DefaultFileLockManager] Releasing lock on cache directory 9b3bc2a39c77fa44ef2a737d997a3877 (C:\Users\Luciano Muratore\Documents\ChordSeqAI\caches\9.3.0\transforms\9b3bc2a39c77fa44ef2a737d997a3877).
2026-03-30T18:25:03.111+0200 [DEBUG] [org.gradle.cache.internal.LockOnDemandCrossProcessCacheAccess] Releasing file lock for cache directory 39d80433d499596df6e859fbd4e0ca39 (C:\Users\Luciano Muratore\Documents\ChordSeqAI\caches\9.3.0\transforms\39d80433d499596df6e859fbd4e0ca39)
2026-03-30T18:25:03.111+0200 [DEBUG] [org.gradle.cache.internal.DefaultFileLockManager] Releasing lock on cache directory 39d80433d499596df6e859fbd4e0ca39 (C:\Users\Luciano Muratore\Documents\ChordSeqAI\caches\9.3.0\transforms\39d80433d499596df6e859fbd4e0ca39).
2026-03-30T18:25:03.111+0200 [DEBUG] [org.gradle.cache.internal.LockOnDemandCrossProcessCacheAccess] Releasing file lock for cache directory 12fe02e8bb94ad5f1048356b53bedd32 (C:\Users\Luciano Muratore\Documents\ChordSeqAI\caches\9.3.0\transforms\12fe02e8bb94ad5f1048356b53bedd32)
2026-03-30T18:25:03.111+0200 [DEBUG] [org.gradle.cache.internal.DefaultFileLockManager] Releasing lock on cache directory 12fe02e8bb94ad5f1048356b53bedd32 (C:\Users\Luciano Muratore\Documents\ChordSeqAI\caches\9.3.0\transforms\12fe02e8bb94ad5f1048356b53bedd32).
2026-03-30T18:25:03.112+0200 [DEBUG] [org.gradle.cache.internal.LockOnDemandCrossProcessCacheAccess] Releasing file lock for cache directory ecfbed607469b0ca0368a914b0856937 (C:\Users\Luciano Muratore\Documents\ChordSeqAI\caches\9.3.0\transforms\ecfbed607469b0ca0368a914b0856937)
2026-03-30T18:25:03.112+0200 [DEBUG] [org.gradle.cache.internal.DefaultFileLockManager] Releasing lock on cache directory ecfbed607469b0ca0368a914b0856937 (C:\Users\Luciano Muratore\Documents\ChordSeqAI\caches\9.3.0\transforms\ecfbed607469b0ca0368a914b0856937).
2026-03-30T18:25:03.112+0200 [DEBUG] [org.gradle.cache.internal.LockOnDemandCrossProcessCacheAccess] Releasing file lock for cache directory c426bb94b023b816d8f6790d41ef63b7 (C:\Users\Luciano Muratore\Documents\ChordSeqAI\caches\9.3.0\transforms\c426bb94b023b816d8f6790d41ef63b7)
2026-03-30T18:25:03.112+0200 [DEBUG] [org.gradle.cache.internal.DefaultFileLockManager] Releasing lock on cache directory c426bb94b023b816d8f6790d41ef63b7 (C:\Users\Luciano Muratore\Documents\ChordSeqAI\caches\9.3.0\transforms\c426bb94b023b816d8f6790d41ef63b7).
2026-03-30T18:25:03.113+0200 [DEBUG] [org.gradle.cache.internal.LockOnDemandCrossProcessCacheAccess] Releasing file lock for cache directory bdc6d48b25a8d89b08eb6f1e4c1ebb3e (C:\Users\Luciano Muratore\Documents\ChordSeqAI\caches\9.3.0\transforms\bdc6d48b25a8d89b08eb6f1e4c1ebb3e)
2026-03-30T18:25:03.113+0200 [DEBUG] [org.gradle.cache.internal.DefaultFileLockManager] Releasing lock on cache directory bdc6d48b25a8d89b08eb6f1e4c1ebb3e (C:\Users\Luciano Muratore\Documents\ChordSeqAI\caches\9.3.0\transforms\bdc6d48b25a8d89b08eb6f1e4c1ebb3e).
2026-03-30T18:25:03.114+0200 [DEBUG] [org.gradle.cache.internal.LockOnDemandCrossProcessCacheAccess] Releasing file lock for cache directory 95495991a25190913bba469b485d14f6 (C:\Users\Luciano Muratore\Documents\ChordSeqAI\caches\9.3.0\transforms\95495991a25190913bba469b485d14f6)
2026-03-30T18:25:03.114+0200 [DEBUG] [org.gradle.cache.internal.DefaultFileLockManager] Releasing lock on cache directory 95495991a25190913bba469b485d14f6 (C:\Users\Luciano Muratore\Documents\ChordSeqAI\caches\9.3.0\transforms\95495991a25190913bba469b485d14f6).
2026-03-30T18:25:03.114+0200 [DEBUG] [org.gradle.cache.internal.LockOnDemandCrossProcessCacheAccess] Releasing file lock for cache directory bb34009e0aa9eeca82a3d694cb5b8201 (C:\Users\Luciano Muratore\Documents\ChordSeqAI\caches\9.3.0\transforms\bb34009e0aa9eeca82a3d694cb5b8201)
2026-03-30T18:25:03.114+0200 [DEBUG] [org.gradle.cache.internal.DefaultFileLockManager] Releasing lock on cache directory bb34009e0aa9eeca82a3d694cb5b8201 (C:\Users\Luciano Muratore\Documents\ChordSeqAI\caches\9.3.0\transforms\bb34009e0aa9eeca82a3d694cb5b8201).
2026-03-30T18:25:03.115+0200 [DEBUG] [org.gradle.cache.internal.LockOnDemandCrossProcessCacheAccess] Releasing file lock for cache directory af3e43dc322f23bd19747d4e73695a61 (C:\Users\Luciano Muratore\Documents\ChordSeqAI\caches\9.3.0\transforms\af3e43dc322f23bd19747d4e73695a61)
2026-03-30T18:25:03.115+0200 [DEBUG] [org.gradle.cache.internal.DefaultFileLockManager] Releasing lock on cache directory af3e43dc322f23bd19747d4e73695a61 (C:\Users\Luciano Muratore\Documents\ChordSeqAI\caches\9.3.0\transforms\af3e43dc322f23bd19747d4e73695a61).
2026-03-30T18:25:03.115+0200 [DEBUG] [org.gradle.cache.internal.LockOnDemandCrossProcessCacheAccess] Releasing file lock for cache directory 64773f9331e1bab09381d81514089cdb (C:\Users\Luciano Muratore\Documents\ChordSeqAI\caches\9.3.0\transforms\64773f9331e1bab09381d81514089cdb)
2026-03-30T18:25:03.115+0200 [DEBUG] [org.gradle.cache.internal.DefaultFileLockManager] Releasing lock on cache directory 64773f9331e1bab09381d81514089cdb (C:\Users\Luciano Muratore\Documents\ChordSeqAI\caches\9.3.0\transforms\64773f9331e1bab09381d81514089cdb).
2026-03-30T18:25:03.116+0200 [DEBUG] [org.gradle.cache.internal.LockOnDemandCrossProcessCacheAccess] Releasing file lock for cache directory 9e6fd252dedd0caa7f25b52f532d7177 (C:\Users\Luciano Muratore\Documents\ChordSeqAI\caches\9.3.0\transforms\9e6fd252dedd0caa7f25b52f532d7177)
2026-03-30T18:25:03.116+0200 [DEBUG] [org.gradle.cache.internal.DefaultFileLockManager] Releasing lock on cache directory 9e6fd252dedd0caa7f25b52f532d7177 (C:\Users\Luciano Muratore\Documents\ChordSeqAI\caches\9.3.0\transforms\9e6fd252dedd0caa7f25b52f532d7177).
2026-03-30T18:25:03.116+0200 [DEBUG] [org.gradle.cache.internal.LockOnDemandCrossProcessCacheAccess] Releasing file lock for cache directory 1b0e253c851cc4e28d2d18ffd8a9ed82 (C:\Users\Luciano Muratore\Documents\ChordSeqAI\caches\9.3.0\transforms\1b0e253c851cc4e28d2d18ffd8a9ed82)
2026-03-30T18:25:03.116+0200 [DEBUG] [org.gradle.cache.internal.DefaultFileLockManager] Releasing lock on cache directory 1b0e253c851cc4e28d2d18ffd8a9ed82 (C:\Users\Luciano Muratore\Documents\ChordSeqAI\caches\9.3.0\transforms\1b0e253c851cc4e28d2d18ffd8a9ed82).
2026-03-30T18:25:03.117+0200 [DEBUG] [org.gradle.cache.internal.LockOnDemandCrossProcessCacheAccess] Releasing file lock for cache directory 7cb6fa3be1c86d99a348c69a3e6f512c (C:\Users\Luciano Muratore\Documents\ChordSeqAI\caches\9.3.0\transforms\7cb6fa3be1c86d99a348c69a3e6f512c)
2026-03-30T18:25:03.117+0200 [DEBUG] [org.gradle.cache.internal.DefaultFileLockManager] Releasing lock on cache directory 7cb6fa3be1c86d99a348c69a3e6f512c (C:\Users\Luciano Muratore\Documents\ChordSeqAI\caches\9.3.0\transforms\7cb6fa3be1c86d99a348c69a3e6f512c).
2026-03-30T18:25:03.118+0200 [DEBUG] [org.gradle.cache.internal.LockOnDemandCrossProcessCacheAccess] Releasing file lock for cache directory bd3ae383551bc30346e82802b706e79e (C:\Users\Luciano Muratore\Documents\ChordSeqAI\caches\9.3.0\transforms\bd3ae383551bc30346e82802b706e79e)
2026-03-30T18:25:03.118+0200 [DEBUG] [org.gradle.cache.internal.DefaultFileLockManager] Releasing lock on cache directory bd3ae383551bc30346e82802b706e79e (C:\Users\Luciano Muratore\Documents\ChordSeqAI\caches\9.3.0\transforms\bd3ae383551bc30346e82802b706e79e).
2026-03-30T18:25:03.119+0200 [DEBUG] [org.gradle.cache.internal.LockOnDemandCrossProcessCacheAccess] Releasing file lock for cache directory 19e0fcc572fa19d04b591ee41b2aac1a (C:\Users\Luciano Muratore\Documents\ChordSeqAI\caches\9.3.0\transforms\19e0fcc572fa19d04b591ee41b2aac1a)
2026-03-30T18:25:03.119+0200 [DEBUG] [org.gradle.cache.internal.DefaultFileLockManager] Releasing lock on cache directory 19e0fcc572fa19d04b591ee41b2aac1a (C:\Users\Luciano Muratore\Documents\ChordSeqAI\caches\9.3.0\transforms\19e0fcc572fa19d04b591ee41b2aac1a).
2026-03-30T18:25:03.119+0200 [DEBUG] [org.gradle.cache.internal.LockOnDemandCrossProcessCacheAccess] Releasing file lock for cache directory bf0d1c2ded6c81dc2ac83468e424f920 (C:\Users\Luciano Muratore\Documents\ChordSeqAI\caches\9.3.0\transforms\bf0d1c2ded6c81dc2ac83468e424f920)
2026-03-30T18:25:03.119+0200 [DEBUG] [org.gradle.cache.internal.DefaultFileLockManager] Releasing lock on cache directory bf0d1c2ded6c81dc2ac83468e424f920 (C:\Users\Luciano Muratore\Documents\ChordSeqAI\caches\9.3.0\transforms\bf0d1c2ded6c81dc2ac83468e424f920).
2026-03-30T18:25:03.119+0200 [DEBUG] [org.gradle.cache.internal.LockOnDemandCrossProcessCacheAccess] Releasing file lock for cache directory 64c43718d91338d3efbe61241960b8a9 (C:\Users\Luciano Muratore\Documents\ChordSeqAI\caches\9.3.0\transforms\64c43718d91338d3efbe61241960b8a9)
2026-03-30T18:25:03.120+0200 [DEBUG] [org.gradle.cache.internal.DefaultFileLockManager] Releasing lock on cache directory 64c43718d91338d3efbe61241960b8a9 (C:\Users\Luciano Muratore\Documents\ChordSeqAI\caches\9.3.0\transforms\64c43718d91338d3efbe61241960b8a9).
2026-03-30T18:25:03.120+0200 [DEBUG] [org.gradle.cache.internal.LockOnDemandCrossProcessCacheAccess] Releasing file lock for cache directory b4d0ad1c1e67e03e5f338069d381d84e (C:\Users\Luciano Muratore\Documents\ChordSeqAI\caches\9.3.0\transforms\b4d0ad1c1e67e03e5f338069d381d84e)
2026-03-30T18:25:03.120+0200 [DEBUG] [org.gradle.cache.internal.DefaultFileLockManager] Releasing lock on cache directory b4d0ad1c1e67e03e5f338069d381d84e (C:\Users\Luciano Muratore\Documents\ChordSeqAI\caches\9.3.0\transforms\b4d0ad1c1e67e03e5f338069d381d84e).
2026-03-30T18:25:03.121+0200 [DEBUG] [org.gradle.cache.internal.LockOnDemandCrossProcessCacheAccess] Releasing file lock for cache directory 13919be7983eee8eef9249351ead09f0 (C:\Users\Luciano Muratore\Documents\ChordSeqAI\caches\9.3.0\transforms\13919be7983eee8eef9249351ead09f0)
2026-03-30T18:25:03.121+0200 [DEBUG] [org.gradle.cache.internal.DefaultFileLockManager] Releasing lock on cache directory 13919be7983eee8eef9249351ead09f0 (C:\Users\Luciano Muratore\Documents\ChordSeqAI\caches\9.3.0\transforms\13919be7983eee8eef9249351ead09f0).
2026-03-30T18:25:03.121+0200 [DEBUG] [org.gradle.cache.internal.LockOnDemandCrossProcessCacheAccess] Releasing file lock for cache directory a6f606e6d222281cdebd78e257d90886 (C:\Users\Luciano Muratore\Documents\ChordSeqAI\caches\9.3.0\transforms\a6f606e6d222281cdebd78e257d90886)
2026-03-30T18:25:03.121+0200 [DEBUG] [org.gradle.cache.internal.DefaultFileLockManager] Releasing lock on cache directory a6f606e6d222281cdebd78e257d90886 (C:\Users\Luciano Muratore\Documents\ChordSeqAI\caches\9.3.0\transforms\a6f606e6d222281cdebd78e257d90886).
2026-03-30T18:25:03.122+0200 [DEBUG] [org.gradle.cache.internal.LockOnDemandCrossProcessCacheAccess] Releasing file lock for cache directory 5c77532b54f552707da4be5404222b07 (C:\Users\Luciano Muratore\Documents\ChordSeqAI\caches\9.3.0\transforms\5c77532b54f552707da4be5404222b07)
2026-03-30T18:25:03.122+0200 [DEBUG] [org.gradle.cache.internal.DefaultFileLockManager] Releasing lock on cache directory 5c77532b54f552707da4be5404222b07 (C:\Users\Luciano Muratore\Documents\ChordSeqAI\caches\9.3.0\transforms\5c77532b54f552707da4be5404222b07).
2026-03-30T18:25:03.122+0200 [DEBUG] [org.gradle.cache.internal.LockOnDemandCrossProcessCacheAccess] Releasing file lock for cache directory 0c812c30f6ebb4c3e4a67561aab7fe21 (C:\Users\Luciano Muratore\Documents\ChordSeqAI\caches\9.3.0\transforms\0c812c30f6ebb4c3e4a67561aab7fe21)
2026-03-30T18:25:03.122+0200 [DEBUG] [org.gradle.cache.internal.DefaultFileLockManager] Releasing lock on cache directory 0c812c30f6ebb4c3e4a67561aab7fe21 (C:\Users\Luciano Muratore\Documents\ChordSeqAI\caches\9.3.0\transforms\0c812c30f6ebb4c3e4a67561aab7fe21).
2026-03-30T18:25:03.122+0200 [DEBUG] [org.gradle.cache.internal.LockOnDemandCrossProcessCacheAccess] Releasing file lock for cache directory a7b34064cf6718ddcf683bfba6353538 (C:\Users\Luciano Muratore\Documents\ChordSeqAI\caches\9.3.0\transforms\a7b34064cf6718ddcf683bfba6353538)
2026-03-30T18:25:03.122+0200 [DEBUG] [org.gradle.cache.internal.DefaultFileLockManager] Releasing lock on cache directory a7b34064cf6718ddcf683bfba6353538 (C:\Users\Luciano Muratore\Documents\ChordSeqAI\caches\9.3.0\transforms\a7b34064cf6718ddcf683bfba6353538).
2026-03-30T18:25:03.123+0200 [DEBUG] [org.gradle.cache.internal.LockOnDemandCrossProcessCacheAccess] Releasing file lock for cache directory a80109c2df103ba448a06977c4601d3a (C:\Users\Luciano Muratore\Documents\ChordSeqAI\caches\9.3.0\transforms\a80109c2df103ba448a06977c4601d3a)
2026-03-30T18:25:03.123+0200 [DEBUG] [org.gradle.cache.internal.DefaultFileLockManager] Releasing lock on cache directory a80109c2df103ba448a06977c4601d3a (C:\Users\Luciano Muratore\Documents\ChordSeqAI\caches\9.3.0\transforms\a80109c2df103ba448a06977c4601d3a).
2026-03-30T18:25:03.123+0200 [DEBUG] [org.gradle.cache.internal.LockOnDemandCrossProcessCacheAccess] Releasing file lock for cache directory 563b91d0c1b511f46c1112439832a132 (C:\Users\Luciano Muratore\Documents\ChordSeqAI\caches\9.3.0\transforms\563b91d0c1b511f46c1112439832a132)
2026-03-30T18:25:03.123+0200 [DEBUG] [org.gradle.cache.internal.DefaultFileLockManager] Releasing lock on cache directory 563b91d0c1b511f46c1112439832a132 (C:\Users\Luciano Muratore\Documents\ChordSeqAI\caches\9.3.0\transforms\563b91d0c1b511f46c1112439832a132).
2026-03-30T18:25:03.123+0200 [DEBUG] [org.gradle.cache.internal.LockOnDemandCrossProcessCacheAccess] Releasing file lock for cache directory 410b6f3a0f11ff9c48ce678559e5ae89 (C:\Users\Luciano Muratore\Documents\ChordSeqAI\caches\9.3.0\transforms\410b6f3a0f11ff9c48ce678559e5ae89)
2026-03-30T18:25:03.123+0200 [DEBUG] [org.gradle.cache.internal.DefaultFileLockManager] Releasing lock on cache directory 410b6f3a0f11ff9c48ce678559e5ae89 (C:\Users\Luciano Muratore\Documents\ChordSeqAI\caches\9.3.0\transforms\410b6f3a0f11ff9c48ce678559e5ae89).
2026-03-30T18:25:03.124+0200 [DEBUG] [org.gradle.cache.internal.LockOnDemandCrossProcessCacheAccess] Releasing file lock for cache directory 44485cf71cd9ddaa97112b5b9a7daa70 (C:\Users\Luciano Muratore\Documents\ChordSeqAI\caches\9.3.0\transforms\44485cf71cd9ddaa97112b5b9a7daa70)
2026-03-30T18:25:03.124+0200 [DEBUG] [org.gradle.cache.internal.DefaultFileLockManager] Releasing lock on cache directory 44485cf71cd9ddaa97112b5b9a7daa70 (C:\Users\Luciano Muratore\Documents\ChordSeqAI\caches\9.3.0\transforms\44485cf71cd9ddaa97112b5b9a7daa70).
2026-03-30T18:25:03.124+0200 [DEBUG] [org.gradle.cache.internal.LockOnDemandCrossProcessCacheAccess] Releasing file lock for cache directory ec90898263af403b5831020d55053e17 (C:\Users\Luciano Muratore\Documents\ChordSeqAI\caches\9.3.0\transforms\ec90898263af403b5831020d55053e17)
2026-03-30T18:25:03.124+0200 [DEBUG] [org.gradle.cache.internal.DefaultFileLockManager] Releasing lock on cache directory ec90898263af403b5831020d55053e17 (C:\Users\Luciano Muratore\Documents\ChordSeqAI\caches\9.3.0\transforms\ec90898263af403b5831020d55053e17).
2026-03-30T18:25:03.124+0200 [DEBUG] [org.gradle.cache.internal.LockOnDemandCrossProcessCacheAccess] Releasing file lock for cache directory f90e3c8adf56ad21eb4643b9d85a7e0c (C:\Users\Luciano Muratore\Documents\ChordSeqAI\caches\9.3.0\transforms\f90e3c8adf56ad21eb4643b9d85a7e0c)
2026-03-30T18:25:03.124+0200 [DEBUG] [org.gradle.cache.internal.DefaultFileLockManager] Releasing lock on cache directory f90e3c8adf56ad21eb4643b9d85a7e0c (C:\Users\Luciano Muratore\Documents\ChordSeqAI\caches\9.3.0\transforms\f90e3c8adf56ad21eb4643b9d85a7e0c).
2026-03-30T18:25:03.125+0200 [DEBUG] [org.gradle.cache.internal.LockOnDemandCrossProcessCacheAccess] Releasing file lock for cache directory d1044bcda2a93f360fa1cfcb19b45320 (C:\Users\Luciano Muratore\Documents\ChordSeqAI\caches\9.3.0\transforms\d1044bcda2a93f360fa1cfcb19b45320)
2026-03-30T18:25:03.125+0200 [DEBUG] [org.gradle.cache.internal.DefaultFileLockManager] Releasing lock on cache directory d1044bcda2a93f360fa1cfcb19b45320 (C:\Users\Luciano Muratore\Documents\ChordSeqAI\caches\9.3.0\transforms\d1044bcda2a93f360fa1cfcb19b45320).
2026-03-30T18:25:03.125+0200 [DEBUG] [org.gradle.cache.internal.LockOnDemandCrossProcessCacheAccess] Releasing file lock for cache directory 5631c9fb2e30bfc78170339e210cb603 (C:\Users\Luciano Muratore\Documents\ChordSeqAI\caches\9.3.0\transforms\5631c9fb2e30bfc78170339e210cb603)
2026-03-30T18:25:03.125+0200 [DEBUG] [org.gradle.cache.internal.DefaultFileLockManager] Releasing lock on cache directory 5631c9fb2e30bfc78170339e210cb603 (C:\Users\Luciano Muratore\Documents\ChordSeqAI\caches\9.3.0\transforms\5631c9fb2e30bfc78170339e210cb603).
2026-03-30T18:25:03.125+0200 [DEBUG] [org.gradle.cache.internal.LockOnDemandCrossProcessCacheAccess] Releasing file lock for cache directory 55bb3da60b2b408c4ee88d50bf6277a3 (C:\Users\Luciano Muratore\Documents\ChordSeqAI\caches\9.3.0\transforms\55bb3da60b2b408c4ee88d50bf6277a3)
2026-03-30T18:25:03.125+0200 [DEBUG] [org.gradle.cache.internal.DefaultFileLockManager] Releasing lock on cache directory 55bb3da60b2b408c4ee88d50bf6277a3 (C:\Users\Luciano Muratore\Documents\ChordSeqAI\caches\9.3.0\transforms\55bb3da60b2b408c4ee88d50bf6277a3).
2026-03-30T18:25:03.126+0200 [DEBUG] [org.gradle.cache.internal.LockOnDemandCrossProcessCacheAccess] Releasing file lock for cache directory d5244f871c8d8024bb7eef07c1dad317 (C:\Users\Luciano Muratore\Documents\ChordSeqAI\caches\9.3.0\transforms\d5244f871c8d8024bb7eef07c1dad317)
2026-03-30T18:25:03.126+0200 [DEBUG] [org.gradle.cache.internal.DefaultFileLockManager] Releasing lock on cache directory d5244f871c8d8024bb7eef07c1dad317 (C:\Users\Luciano Muratore\Documents\ChordSeqAI\caches\9.3.0\transforms\d5244f871c8d8024bb7eef07c1dad317).
2026-03-30T18:25:03.126+0200 [DEBUG] [org.gradle.cache.internal.LockOnDemandCrossProcessCacheAccess] Releasing file lock for cache directory 80debaf79462c2d21b472ae225a00711 (C:\Users\Luciano Muratore\Documents\ChordSeqAI\caches\9.3.0\transforms\80debaf79462c2d21b472ae225a00711)
2026-03-30T18:25:03.126+0200 [DEBUG] [org.gradle.cache.internal.DefaultFileLockManager] Releasing lock on cache directory 80debaf79462c2d21b472ae225a00711 (C:\Users\Luciano Muratore\Documents\ChordSeqAI\caches\9.3.0\transforms\80debaf79462c2d21b472ae225a00711).
2026-03-30T18:25:03.126+0200 [DEBUG] [org.gradle.cache.internal.LockOnDemandCrossProcessCacheAccess] Releasing file lock for cache directory e6a00b83e9e9dc7ea14001502ec5c458 (C:\Users\Luciano Muratore\Documents\ChordSeqAI\caches\9.3.0\transforms\e6a00b83e9e9dc7ea14001502ec5c458)
2026-03-30T18:25:03.126+0200 [DEBUG] [org.gradle.cache.internal.DefaultFileLockManager] Releasing lock on cache directory e6a00b83e9e9dc7ea14001502ec5c458 (C:\Users\Luciano Muratore\Documents\ChordSeqAI\caches\9.3.0\transforms\e6a00b83e9e9dc7ea14001502ec5c458).
2026-03-30T18:25:03.127+0200 [DEBUG] [org.gradle.cache.internal.LockOnDemandCrossProcessCacheAccess] Releasing file lock for cache directory 18fd5c2ac2deacb5f42c755cecfac8f0 (C:\Users\Luciano Muratore\Documents\ChordSeqAI\caches\9.3.0\transforms\18fd5c2ac2deacb5f42c755cecfac8f0)
2026-03-30T18:25:03.127+0200 [DEBUG] [org.gradle.cache.internal.DefaultFileLockManager] Releasing lock on cache directory 18fd5c2ac2deacb5f42c755cecfac8f0 (C:\Users\Luciano Muratore\Documents\ChordSeqAI\caches\9.3.0\transforms\18fd5c2ac2deacb5f42c755cecfac8f0).
2026-03-30T18:25:03.127+0200 [DEBUG] [org.gradle.cache.internal.LockOnDemandCrossProcessCacheAccess] Releasing file lock for cache directory 14f5faeae2079199467861ff3912b51a (C:\Users\Luciano Muratore\Documents\ChordSeqAI\caches\9.3.0\transforms\14f5faeae2079199467861ff3912b51a)
2026-03-30T18:25:03.128+0200 [DEBUG] [org.gradle.cache.internal.DefaultFileLockManager] Releasing lock on cache directory 14f5faeae2079199467861ff3912b51a (C:\Users\Luciano Muratore\Documents\ChordSeqAI\caches\9.3.0\transforms\14f5faeae2079199467861ff3912b51a).
2026-03-30T18:25:03.128+0200 [DEBUG] [org.gradle.cache.internal.LockOnDemandCrossProcessCacheAccess] Releasing file lock for cache directory a36ff78432fd88ecc29c1c2f63490d46 (C:\Users\Luciano Muratore\Documents\ChordSeqAI\caches\9.3.0\transforms\a36ff78432fd88ecc29c1c2f63490d46)
2026-03-30T18:25:03.128+0200 [DEBUG] [org.gradle.cache.internal.DefaultFileLockManager] Releasing lock on cache directory a36ff78432fd88ecc29c1c2f63490d46 (C:\Users\Luciano Muratore\Documents\ChordSeqAI\caches\9.3.0\transforms\a36ff78432fd88ecc29c1c2f63490d46).
2026-03-30T18:25:03.128+0200 [DEBUG] [org.gradle.cache.internal.LockOnDemandCrossProcessCacheAccess] Releasing file lock for cache directory c4d4c3c2886ab8114bac2b11da5863ae (C:\Users\Luciano Muratore\Documents\ChordSeqAI\caches\9.3.0\transforms\c4d4c3c2886ab8114bac2b11da5863ae)
2026-03-30T18:25:03.128+0200 [DEBUG] [org.gradle.cache.internal.DefaultFileLockManager] Releasing lock on cache directory c4d4c3c2886ab8114bac2b11da5863ae (C:\Users\Luciano Muratore\Documents\ChordSeqAI\caches\9.3.0\transforms\c4d4c3c2886ab8114bac2b11da5863ae).
2026-03-30T18:25:03.129+0200 [DEBUG] [org.gradle.cache.internal.LockOnDemandCrossProcessCacheAccess] Releasing file lock for cache directory 25ecebadb61b4d6652bac9f765aaf10e (C:\Users\Luciano Muratore\Documents\ChordSeqAI\caches\9.3.0\transforms\25ecebadb61b4d6652bac9f765aaf10e)
2026-03-30T18:25:03.129+0200 [DEBUG] [org.gradle.cache.internal.DefaultFileLockManager] Releasing lock on cache directory 25ecebadb61b4d6652bac9f765aaf10e (C:\Users\Luciano Muratore\Documents\ChordSeqAI\caches\9.3.0\transforms\25ecebadb61b4d6652bac9f765aaf10e).
2026-03-30T18:25:03.129+0200 [DEBUG] [org.gradle.cache.internal.LockOnDemandCrossProcessCacheAccess] Releasing file lock for cache directory 056873c7335a39c06571bde056995913 (C:\Users\Luciano Muratore\Documents\ChordSeqAI\caches\9.3.0\transforms\056873c7335a39c06571bde056995913)
2026-03-30T18:25:03.129+0200 [DEBUG] [org.gradle.cache.internal.DefaultFileLockManager] Releasing lock on cache directory 056873c7335a39c06571bde056995913 (C:\Users\Luciano Muratore\Documents\ChordSeqAI\caches\9.3.0\transforms\056873c7335a39c06571bde056995913).
2026-03-30T18:25:03.129+0200 [DEBUG] [org.gradle.cache.internal.LockOnDemandCrossProcessCacheAccess] Releasing file lock for cache directory 63dae9ee26598a4a22084f18d3b42a6f (C:\Users\Luciano Muratore\Documents\ChordSeqAI\caches\9.3.0\transforms\63dae9ee26598a4a22084f18d3b42a6f)
2026-03-30T18:25:03.129+0200 [DEBUG] [org.gradle.cache.internal.DefaultFileLockManager] Releasing lock on cache directory 63dae9ee26598a4a22084f18d3b42a6f (C:\Users\Luciano Muratore\Documents\ChordSeqAI\caches\9.3.0\transforms\63dae9ee26598a4a22084f18d3b42a6f).
2026-03-30T18:25:03.129+0200 [DEBUG] [org.gradle.cache.internal.LockOnDemandCrossProcessCacheAccess] Releasing file lock for cache directory 21ef6aa9fed5a21b8f611219f9913e57 (C:\Users\Luciano Muratore\Documents\ChordSeqAI\caches\9.3.0\transforms\21ef6aa9fed5a21b8f611219f9913e57)
2026-03-30T18:25:03.129+0200 [DEBUG] [org.gradle.cache.internal.DefaultFileLockManager] Releasing lock on cache directory 21ef6aa9fed5a21b8f611219f9913e57 (C:\Users\Luciano Muratore\Documents\ChordSeqAI\caches\9.3.0\transforms\21ef6aa9fed5a21b8f611219f9913e57).
2026-03-30T18:25:03.130+0200 [DEBUG] [org.gradle.cache.internal.LockOnDemandCrossProcessCacheAccess] Releasing file lock for cache directory dc96505ca0c8fda60a891005bd671c55 (C:\Users\Luciano Muratore\Documents\ChordSeqAI\caches\9.3.0\transforms\dc96505ca0c8fda60a891005bd671c55)
2026-03-30T18:25:03.130+0200 [DEBUG] [org.gradle.cache.internal.DefaultFileLockManager] Releasing lock on cache directory dc96505ca0c8fda60a891005bd671c55 (C:\Users\Luciano Muratore\Documents\ChordSeqAI\caches\9.3.0\transforms\dc96505ca0c8fda60a891005bd671c55).
2026-03-30T18:25:03.130+0200 [DEBUG] [org.gradle.cache.internal.LockOnDemandCrossProcessCacheAccess] Releasing file lock for cache directory 68cb74314532fe32b8b03e5feadf0ffb (C:\Users\Luciano Muratore\Documents\ChordSeqAI\caches\9.3.0\transforms\68cb74314532fe32b8b03e5feadf0ffb)
2026-03-30T18:25:03.130+0200 [DEBUG] [org.gradle.cache.internal.DefaultFileLockManager] Releasing lock on cache directory 68cb74314532fe32b8b03e5feadf0ffb (C:\Users\Luciano Muratore\Documents\ChordSeqAI\caches\9.3.0\transforms\68cb74314532fe32b8b03e5feadf0ffb).
2026-03-30T18:25:03.130+0200 [DEBUG] [org.gradle.cache.internal.LockOnDemandCrossProcessCacheAccess] Releasing file lock for cache directory f13382db2e6fa921f541f57bfff3b927 (C:\Users\Luciano Muratore\Documents\ChordSeqAI\caches\9.3.0\transforms\f13382db2e6fa921f541f57bfff3b927)
2026-03-30T18:25:03.131+0200 [DEBUG] [org.gradle.cache.internal.DefaultFileLockManager] Releasing lock on cache directory f13382db2e6fa921f541f57bfff3b927 (C:\Users\Luciano Muratore\Documents\ChordSeqAI\caches\9.3.0\transforms\f13382db2e6fa921f541f57bfff3b927).
2026-03-30T18:25:03.131+0200 [DEBUG] [org.gradle.cache.internal.LockOnDemandCrossProcessCacheAccess] Releasing file lock for cache directory 7e86f0f1f6277de3a33935209a1559e2 (C:\Users\Luciano Muratore\Documents\ChordSeqAI\caches\9.3.0\transforms\7e86f0f1f6277de3a33935209a1559e2)
2026-03-30T18:25:03.131+0200 [DEBUG] [org.gradle.cache.internal.DefaultFileLockManager] Releasing lock on cache directory 7e86f0f1f6277de3a33935209a1559e2 (C:\Users\Luciano Muratore\Documents\ChordSeqAI\caches\9.3.0\transforms\7e86f0f1f6277de3a33935209a1559e2).
2026-03-30T18:25:03.131+0200 [DEBUG] [org.gradle.cache.internal.LockOnDemandCrossProcessCacheAccess] Releasing file lock for cache directory ede19923b4e33fc25df9cbff07ed60bd (C:\Users\Luciano Muratore\Documents\ChordSeqAI\caches\9.3.0\transforms\ede19923b4e33fc25df9cbff07ed60bd)
2026-03-30T18:25:03.131+0200 [DEBUG] [org.gradle.cache.internal.DefaultFileLockManager] Releasing lock on cache directory ede19923b4e33fc25df9cbff07ed60bd (C:\Users\Luciano Muratore\Documents\ChordSeqAI\caches\9.3.0\transforms\ede19923b4e33fc25df9cbff07ed60bd).
2026-03-30T18:25:03.132+0200 [DEBUG] [org.gradle.cache.internal.LockOnDemandCrossProcessCacheAccess] Releasing file lock for cache directory e72d9c05382138cf711e5830f647d999 (C:\Users\Luciano Muratore\Documents\ChordSeqAI\caches\9.3.0\transforms\e72d9c05382138cf711e5830f647d999)
2026-03-30T18:25:03.132+0200 [DEBUG] [org.gradle.cache.internal.DefaultFileLockManager] Releasing lock on cache directory e72d9c05382138cf711e5830f647d999 (C:\Users\Luciano Muratore\Documents\ChordSeqAI\caches\9.3.0\transforms\e72d9c05382138cf711e5830f647d999).
2026-03-30T18:25:03.132+0200 [DEBUG] [org.gradle.cache.internal.LockOnDemandCrossProcessCacheAccess] Releasing file lock for cache directory 7d43f45828fd0624f936d32577e351c9 (C:\Users\Luciano Muratore\Documents\ChordSeqAI\caches\9.3.0\transforms\7d43f45828fd0624f936d32577e351c9)
2026-03-30T18:25:03.132+0200 [DEBUG] [org.gradle.cache.internal.DefaultFileLockManager] Releasing lock on cache directory 7d43f45828fd0624f936d32577e351c9 (C:\Users\Luciano Muratore\Documents\ChordSeqAI\caches\9.3.0\transforms\7d43f45828fd0624f936d32577e351c9).
2026-03-30T18:25:03.133+0200 [DEBUG] [org.gradle.cache.internal.LockOnDemandCrossProcessCacheAccess] Releasing file lock for cache directory fe1c27b74d59f0f1471548ac934c00ea (C:\Users\Luciano Muratore\Documents\ChordSeqAI\caches\9.3.0\transforms\fe1c27b74d59f0f1471548ac934c00ea)
2026-03-30T18:25:03.133+0200 [DEBUG] [org.gradle.cache.internal.DefaultFileLockManager] Releasing lock on cache directory fe1c27b74d59f0f1471548ac934c00ea (C:\Users\Luciano Muratore\Documents\ChordSeqAI\caches\9.3.0\transforms\fe1c27b74d59f0f1471548ac934c00ea).
2026-03-30T18:25:03.133+0200 [DEBUG] [org.gradle.cache.internal.LockOnDemandCrossProcessCacheAccess] Releasing file lock for cache directory b42685c2e85dc5b2fb2f3220b5a50710 (C:\Users\Luciano Muratore\Documents\ChordSeqAI\caches\9.3.0\transforms\b42685c2e85dc5b2fb2f3220b5a50710)
2026-03-30T18:25:03.133+0200 [DEBUG] [org.gradle.cache.internal.DefaultFileLockManager] Releasing lock on cache directory b42685c2e85dc5b2fb2f3220b5a50710 (C:\Users\Luciano Muratore\Documents\ChordSeqAI\caches\9.3.0\transforms\b42685c2e85dc5b2fb2f3220b5a50710).
2026-03-30T18:25:03.133+0200 [DEBUG] [org.gradle.cache.internal.LockOnDemandCrossProcessCacheAccess] Releasing file lock for cache directory 10a36be3d6f5ea4c406cb4404f73dcb0 (C:\Users\Luciano Muratore\Documents\ChordSeqAI\caches\9.3.0\transforms\10a36be3d6f5ea4c406cb4404f73dcb0)
2026-03-30T18:25:03.134+0200 [DEBUG] [org.gradle.cache.internal.DefaultFileLockManager] Releasing lock on cache directory 10a36be3d6f5ea4c406cb4404f73dcb0 (C:\Users\Luciano Muratore\Documents\ChordSeqAI\caches\9.3.0\transforms\10a36be3d6f5ea4c406cb4404f73dcb0).
2026-03-30T18:25:03.134+0200 [DEBUG] [org.gradle.cache.internal.LockOnDemandCrossProcessCacheAccess] Releasing file lock for cache directory 74b7b97fc2b722986605c90d811d92b9 (C:\Users\Luciano Muratore\Documents\ChordSeqAI\caches\9.3.0\transforms\74b7b97fc2b722986605c90d811d92b9)
2026-03-30T18:25:03.135+0200 [DEBUG] [org.gradle.cache.internal.DefaultFileLockManager] Releasing lock on cache directory 74b7b97fc2b722986605c90d811d92b9 (C:\Users\Luciano Muratore\Documents\ChordSeqAI\caches\9.3.0\transforms\74b7b97fc2b722986605c90d811d92b9).
2026-03-30T18:25:03.135+0200 [DEBUG] [org.gradle.cache.internal.LockOnDemandCrossProcessCacheAccess] Releasing file lock for cache directory e5b62d58687bf9a9ff42817c5defaff5 (C:\Users\Luciano Muratore\Documents\ChordSeqAI\caches\9.3.0\transforms\e5b62d58687bf9a9ff42817c5defaff5)
2026-03-30T18:25:03.135+0200 [DEBUG] [org.gradle.cache.internal.DefaultFileLockManager] Releasing lock on cache directory e5b62d58687bf9a9ff42817c5defaff5 (C:\Users\Luciano Muratore\Documents\ChordSeqAI\caches\9.3.0\transforms\e5b62d58687bf9a9ff42817c5defaff5).
2026-03-30T18:25:03.136+0200 [DEBUG] [org.gradle.cache.internal.LockOnDemandCrossProcessCacheAccess] Releasing file lock for cache directory e893d136e2ceeb5cedacbee5f75b78fe (C:\Users\Luciano Muratore\Documents\ChordSeqAI\caches\9.3.0\transforms\e893d136e2ceeb5cedacbee5f75b78fe)
2026-03-30T18:25:03.136+0200 [DEBUG] [org.gradle.cache.internal.DefaultFileLockManager] Releasing lock on cache directory e893d136e2ceeb5cedacbee5f75b78fe (C:\Users\Luciano Muratore\Documents\ChordSeqAI\caches\9.3.0\transforms\e893d136e2ceeb5cedacbee5f75b78fe).
2026-03-30T18:25:03.136+0200 [DEBUG] [org.gradle.cache.internal.LockOnDemandCrossProcessCacheAccess] Releasing file lock for cache directory f41161a14c43f1383a116dc03b595b72 (C:\Users\Luciano Muratore\Documents\ChordSeqAI\caches\9.3.0\transforms\f41161a14c43f1383a116dc03b595b72)
2026-03-30T18:25:03.136+0200 [DEBUG] [org.gradle.cache.internal.DefaultFileLockManager] Releasing lock on cache directory f41161a14c43f1383a116dc03b595b72 (C:\Users\Luciano Muratore\Documents\ChordSeqAI\caches\9.3.0\transforms\f41161a14c43f1383a116dc03b595b72).
2026-03-30T18:25:03.137+0200 [DEBUG] [org.gradle.cache.internal.LockOnDemandCrossProcessCacheAccess] Releasing file lock for cache directory 3e1eeae2e03df33c1a6dd4d5d4d323e5 (C:\Users\Luciano Muratore\Documents\ChordSeqAI\caches\9.3.0\transforms\3e1eeae2e03df33c1a6dd4d5d4d323e5)
2026-03-30T18:25:03.137+0200 [DEBUG] [org.gradle.cache.internal.DefaultFileLockManager] Releasing lock on cache directory 3e1eeae2e03df33c1a6dd4d5d4d323e5 (C:\Users\Luciano Muratore\Documents\ChordSeqAI\caches\9.3.0\transforms\3e1eeae2e03df33c1a6dd4d5d4d323e5).
2026-03-30T18:25:03.138+0200 [DEBUG] [org.gradle.cache.internal.LockOnDemandCrossProcessCacheAccess] Releasing file lock for cache directory 48e7b15198bea17468310f0054bef7db (C:\Users\Luciano Muratore\Documents\ChordSeqAI\caches\9.3.0\transforms\48e7b15198bea17468310f0054bef7db)
2026-03-30T18:25:03.138+0200 [DEBUG] [org.gradle.cache.internal.DefaultFileLockManager] Releasing lock on cache directory 48e7b15198bea17468310f0054bef7db (C:\Users\Luciano Muratore\Documents\ChordSeqAI\caches\9.3.0\transforms\48e7b15198bea17468310f0054bef7db).
2026-03-30T18:25:03.138+0200 [DEBUG] [org.gradle.cache.internal.LockOnDemandCrossProcessCacheAccess] Releasing file lock for cache directory e94a52812e72e23c50f3492109d199c1 (C:\Users\Luciano Muratore\Documents\ChordSeqAI\caches\9.3.0\transforms\e94a52812e72e23c50f3492109d199c1)
2026-03-30T18:25:03.138+0200 [DEBUG] [org.gradle.cache.internal.DefaultFileLockManager] Releasing lock on cache directory e94a52812e72e23c50f3492109d199c1 (C:\Users\Luciano Muratore\Documents\ChordSeqAI\caches\9.3.0\transforms\e94a52812e72e23c50f3492109d199c1).
2026-03-30T18:25:03.138+0200 [DEBUG] [org.gradle.cache.internal.LockOnDemandCrossProcessCacheAccess] Releasing file lock for cache directory b2990e42d218bf56939877f069498cac (C:\Users\Luciano Muratore\Documents\ChordSeqAI\caches\9.3.0\transforms\b2990e42d218bf56939877f069498cac)
2026-03-30T18:25:03.139+0200 [DEBUG] [org.gradle.cache.internal.DefaultFileLockManager] Releasing lock on cache directory b2990e42d218bf56939877f069498cac (C:\Users\Luciano Muratore\Documents\ChordSeqAI\caches\9.3.0\transforms\b2990e42d218bf56939877f069498cac).
2026-03-30T18:25:03.139+0200 [DEBUG] [org.gradle.cache.internal.LockOnDemandCrossProcessCacheAccess] Releasing file lock for cache directory 6ba09d124dcd2a1b6c4cc9eea2b3fe3f (C:\Users\Luciano Muratore\Documents\ChordSeqAI\caches\9.3.0\transforms\6ba09d124dcd2a1b6c4cc9eea2b3fe3f)
2026-03-30T18:25:03.139+0200 [DEBUG] [org.gradle.cache.internal.DefaultFileLockManager] Releasing lock on cache directory 6ba09d124dcd2a1b6c4cc9eea2b3fe3f (C:\Users\Luciano Muratore\Documents\ChordSeqAI\caches\9.3.0\transforms\6ba09d124dcd2a1b6c4cc9eea2b3fe3f).
2026-03-30T18:25:03.139+0200 [DEBUG] [org.gradle.cache.internal.LockOnDemandCrossProcessCacheAccess] Releasing file lock for cache directory 500403024ba4d2f197ed989d3bbbdafd (C:\Users\Luciano Muratore\Documents\ChordSeqAI\caches\9.3.0\transforms\500403024ba4d2f197ed989d3bbbdafd)
2026-03-30T18:25:03.140+0200 [DEBUG] [org.gradle.cache.internal.DefaultFileLockManager] Releasing lock on cache directory 500403024ba4d2f197ed989d3bbbdafd (C:\Users\Luciano Muratore\Documents\ChordSeqAI\caches\9.3.0\transforms\500403024ba4d2f197ed989d3bbbdafd).
2026-03-30T18:25:03.140+0200 [DEBUG] [org.gradle.cache.internal.LockOnDemandCrossProcessCacheAccess] Releasing file lock for cache directory 63425246af47aeabe0d436b88ca9a548 (C:\Users\Luciano Muratore\Documents\ChordSeqAI\caches\9.3.0\transforms\63425246af47aeabe0d436b88ca9a548)
2026-03-30T18:25:03.140+0200 [DEBUG] [org.gradle.cache.internal.DefaultFileLockManager] Releasing lock on cache directory 63425246af47aeabe0d436b88ca9a548 (C:\Users\Luciano Muratore\Documents\ChordSeqAI\caches\9.3.0\transforms\63425246af47aeabe0d436b88ca9a548).
2026-03-30T18:25:03.140+0200 [DEBUG] [org.gradle.cache.internal.LockOnDemandCrossProcessCacheAccess] Releasing file lock for cache directory ee2e99f62c182a716b264af1f2a43355 (C:\Users\Luciano Muratore\Documents\ChordSeqAI\caches\9.3.0\transforms\ee2e99f62c182a716b264af1f2a43355)
2026-03-30T18:25:03.141+0200 [DEBUG] [org.gradle.cache.internal.DefaultFileLockManager] Releasing lock on cache directory ee2e99f62c182a716b264af1f2a43355 (C:\Users\Luciano Muratore\Documents\ChordSeqAI\caches\9.3.0\transforms\ee2e99f62c182a716b264af1f2a43355).
2026-03-30T18:25:03.141+0200 [DEBUG] [org.gradle.cache.internal.LockOnDemandCrossProcessCacheAccess] Releasing file lock for cache directory 3379bec6bfdbf728008414241e1c18c2 (C:\Users\Luciano Muratore\Documents\ChordSeqAI\caches\9.3.0\transforms\3379bec6bfdbf728008414241e1c18c2)
2026-03-30T18:25:03.141+0200 [DEBUG] [org.gradle.cache.internal.DefaultFileLockManager] Releasing lock on cache directory 3379bec6bfdbf728008414241e1c18c2 (C:\Users\Luciano Muratore\Documents\ChordSeqAI\caches\9.3.0\transforms\3379bec6bfdbf728008414241e1c18c2).
2026-03-30T18:25:03.142+0200 [DEBUG] [org.gradle.cache.internal.LockOnDemandCrossProcessCacheAccess] Releasing file lock for cache directory afe75d0a436ca916d959ccebdf49244c (C:\Users\Luciano Muratore\Documents\ChordSeqAI\caches\9.3.0\transforms\afe75d0a436ca916d959ccebdf49244c)
2026-03-30T18:25:03.142+0200 [DEBUG] [org.gradle.cache.internal.DefaultFileLockManager] Releasing lock on cache directory afe75d0a436ca916d959ccebdf49244c (C:\Users\Luciano Muratore\Documents\ChordSeqAI\caches\9.3.0\transforms\afe75d0a436ca916d959ccebdf49244c).
2026-03-30T18:25:03.142+0200 [DEBUG] [org.gradle.cache.internal.LockOnDemandCrossProcessCacheAccess] Releasing file lock for cache directory 512735452e1d83f8659445dc55ca6d14 (C:\Users\Luciano Muratore\Documents\ChordSeqAI\caches\9.3.0\transforms\512735452e1d83f8659445dc55ca6d14)
2026-03-30T18:25:03.143+0200 [DEBUG] [org.gradle.cache.internal.DefaultFileLockManager] Releasing lock on cache directory 512735452e1d83f8659445dc55ca6d14 (C:\Users\Luciano Muratore\Documents\ChordSeqAI\caches\9.3.0\transforms\512735452e1d83f8659445dc55ca6d14).
2026-03-30T18:25:03.143+0200 [DEBUG] [org.gradle.cache.internal.LockOnDemandCrossProcessCacheAccess] Releasing file lock for cache directory 1cdfcf36247c7d75a1d9ae07c21379e4 (C:\Users\Luciano Muratore\Documents\ChordSeqAI\caches\9.3.0\transforms\1cdfcf36247c7d75a1d9ae07c21379e4)
2026-03-30T18:25:03.143+0200 [DEBUG] [org.gradle.cache.internal.DefaultFileLockManager] Releasing lock on cache directory 1cdfcf36247c7d75a1d9ae07c21379e4 (C:\Users\Luciano Muratore\Documents\ChordSeqAI\caches\9.3.0\transforms\1cdfcf36247c7d75a1d9ae07c21379e4).
2026-03-30T18:25:03.144+0200 [DEBUG] [org.gradle.cache.internal.LockOnDemandCrossProcessCacheAccess] Releasing file lock for cache directory 5fe504e441b621b97885db9175d97f5c (C:\Users\Luciano Muratore\Documents\ChordSeqAI\caches\9.3.0\transforms\5fe504e441b621b97885db9175d97f5c)
2026-03-30T18:25:03.144+0200 [DEBUG] [org.gradle.cache.internal.DefaultFileLockManager] Releasing lock on cache directory 5fe504e441b621b97885db9175d97f5c (C:\Users\Luciano Muratore\Documents\ChordSeqAI\caches\9.3.0\transforms\5fe504e441b621b97885db9175d97f5c).
2026-03-30T18:25:03.144+0200 [DEBUG] [org.gradle.cache.internal.LockOnDemandCrossProcessCacheAccess] Releasing file lock for cache directory 56879e6bc9498b64109182ba98a9ee39 (C:\Users\Luciano Muratore\Documents\ChordSeqAI\caches\9.3.0\transforms\56879e6bc9498b64109182ba98a9ee39)
2026-03-30T18:25:03.144+0200 [DEBUG] [org.gradle.cache.internal.DefaultFileLockManager] Releasing lock on cache directory 56879e6bc9498b64109182ba98a9ee39 (C:\Users\Luciano Muratore\Documents\ChordSeqAI\caches\9.3.0\transforms\56879e6bc9498b64109182ba98a9ee39).
2026-03-30T18:25:03.145+0200 [DEBUG] [org.gradle.cache.internal.LockOnDemandCrossProcessCacheAccess] Releasing file lock for cache directory c5339aa9af6fee155a31c5c0cf460f8f (C:\Users\Luciano Muratore\Documents\ChordSeqAI\caches\9.3.0\transforms\c5339aa9af6fee155a31c5c0cf460f8f)
2026-03-30T18:25:03.145+0200 [DEBUG] [org.gradle.cache.internal.DefaultFileLockManager] Releasing lock on cache directory c5339aa9af6fee155a31c5c0cf460f8f (C:\Users\Luciano Muratore\Documents\ChordSeqAI\caches\9.3.0\transforms\c5339aa9af6fee155a31c5c0cf460f8f).
2026-03-30T18:25:03.145+0200 [DEBUG] [org.gradle.cache.internal.LockOnDemandCrossProcessCacheAccess] Releasing file lock for cache directory 6f1a8bf3b87e4140aed8da7044b4216e (C:\Users\Luciano Muratore\Documents\ChordSeqAI\caches\9.3.0\transforms\6f1a8bf3b87e4140aed8da7044b4216e)
2026-03-30T18:25:03.145+0200 [DEBUG] [org.gradle.cache.internal.DefaultFileLockManager] Releasing lock on cache directory 6f1a8bf3b87e4140aed8da7044b4216e (C:\Users\Luciano Muratore\Documents\ChordSeqAI\caches\9.3.0\transforms\6f1a8bf3b87e4140aed8da7044b4216e).
2026-03-30T18:25:03.146+0200 [DEBUG] [org.gradle.cache.internal.LockOnDemandCrossProcessCacheAccess] Releasing file lock for cache directory 93dab2b127f6072f6daa48775c43bb4a (C:\Users\Luciano Muratore\Documents\ChordSeqAI\caches\9.3.0\transforms\93dab2b127f6072f6daa48775c43bb4a)
2026-03-30T18:25:03.146+0200 [DEBUG] [org.gradle.cache.internal.DefaultFileLockManager] Releasing lock on cache directory 93dab2b127f6072f6daa48775c43bb4a (C:\Users\Luciano Muratore\Documents\ChordSeqAI\caches\9.3.0\transforms\93dab2b127f6072f6daa48775c43bb4a).
2026-03-30T18:25:03.146+0200 [DEBUG] [org.gradle.cache.internal.LockOnDemandCrossProcessCacheAccess] Releasing file lock for cache directory 385b07fe871e45ba33e91c82b0fec628 (C:\Users\Luciano Muratore\Documents\ChordSeqAI\caches\9.3.0\transforms\385b07fe871e45ba33e91c82b0fec628)
2026-03-30T18:25:03.146+0200 [DEBUG] [org.gradle.cache.internal.DefaultFileLockManager] Releasing lock on cache directory 385b07fe871e45ba33e91c82b0fec628 (C:\Users\Luciano Muratore\Documents\ChordSeqAI\caches\9.3.0\transforms\385b07fe871e45ba33e91c82b0fec628).
2026-03-30T18:25:03.147+0200 [DEBUG] [org.gradle.cache.internal.LockOnDemandCrossProcessCacheAccess] Releasing file lock for cache directory cab4dfd577d819a30cf6657e7482c268 (C:\Users\Luciano Muratore\Documents\ChordSeqAI\caches\9.3.0\transforms\cab4dfd577d819a30cf6657e7482c268)
2026-03-30T18:25:03.147+0200 [DEBUG] [org.gradle.cache.internal.DefaultFileLockManager] Releasing lock on cache directory cab4dfd577d819a30cf6657e7482c268 (C:\Users\Luciano Muratore\Documents\ChordSeqAI\caches\9.3.0\transforms\cab4dfd577d819a30cf6657e7482c268).
2026-03-30T18:25:03.147+0200 [DEBUG] [org.gradle.cache.internal.LockOnDemandCrossProcessCacheAccess] Releasing file lock for cache directory 9428665f1ddb0294665608ff934701e4 (C:\Users\Luciano Muratore\Documents\ChordSeqAI\caches\9.3.0\transforms\9428665f1ddb0294665608ff934701e4)
2026-03-30T18:25:03.147+0200 [DEBUG] [org.gradle.cache.internal.DefaultFileLockManager] Releasing lock on cache directory 9428665f1ddb0294665608ff934701e4 (C:\Users\Luciano Muratore\Documents\ChordSeqAI\caches\9.3.0\transforms\9428665f1ddb0294665608ff934701e4).
2026-03-30T18:25:03.148+0200 [DEBUG] [org.gradle.cache.internal.LockOnDemandCrossProcessCacheAccess] Releasing file lock for cache directory 3c0be81d818a456823d23a93b4722967 (C:\Users\Luciano Muratore\Documents\ChordSeqAI\caches\9.3.0\transforms\3c0be81d818a456823d23a93b4722967)
2026-03-30T18:25:03.149+0200 [DEBUG] [org.gradle.cache.internal.DefaultFileLockManager] Releasing lock on cache directory 3c0be81d818a456823d23a93b4722967 (C:\Users\Luciano Muratore\Documents\ChordSeqAI\caches\9.3.0\transforms\3c0be81d818a456823d23a93b4722967).
2026-03-30T18:25:03.149+0200 [DEBUG] [org.gradle.cache.internal.LockOnDemandCrossProcessCacheAccess] Releasing file lock for cache directory e5e1aafe2d1bce7e2e29a013bb5e33ab (C:\Users\Luciano Muratore\Documents\ChordSeqAI\caches\9.3.0\transforms\e5e1aafe2d1bce7e2e29a013bb5e33ab)
2026-03-30T18:25:03.149+0200 [DEBUG] [org.gradle.cache.internal.DefaultFileLockManager] Releasing lock on cache directory e5e1aafe2d1bce7e2e29a013bb5e33ab (C:\Users\Luciano Muratore\Documents\ChordSeqAI\caches\9.3.0\transforms\e5e1aafe2d1bce7e2e29a013bb5e33ab).
2026-03-30T18:25:03.150+0200 [DEBUG] [org.gradle.cache.internal.LockOnDemandCrossProcessCacheAccess] Releasing file lock for cache directory 5b7d4007b38557143109928aab8cf753 (C:\Users\Luciano Muratore\Documents\ChordSeqAI\caches\9.3.0\transforms\5b7d4007b38557143109928aab8cf753)
2026-03-30T18:25:03.150+0200 [DEBUG] [org.gradle.cache.internal.DefaultFileLockManager] Releasing lock on cache directory 5b7d4007b38557143109928aab8cf753 (C:\Users\Luciano Muratore\Documents\ChordSeqAI\caches\9.3.0\transforms\5b7d4007b38557143109928aab8cf753).
2026-03-30T18:25:03.150+0200 [DEBUG] [org.gradle.cache.internal.LockOnDemandCrossProcessCacheAccess] Releasing file lock for cache directory f3f1d022d76d714c592098465ca9f432 (C:\Users\Luciano Muratore\Documents\ChordSeqAI\caches\9.3.0\transforms\f3f1d022d76d714c592098465ca9f432)
2026-03-30T18:25:03.150+0200 [DEBUG] [org.gradle.cache.internal.DefaultFileLockManager] Releasing lock on cache directory f3f1d022d76d714c592098465ca9f432 (C:\Users\Luciano Muratore\Documents\ChordSeqAI\caches\9.3.0\transforms\f3f1d022d76d714c592098465ca9f432).
2026-03-30T18:25:03.151+0200 [DEBUG] [org.gradle.cache.internal.LockOnDemandCrossProcessCacheAccess] Releasing file lock for cache directory c62181f5441508d23c0a245cd96b7ba3 (C:\Users\Luciano Muratore\Documents\ChordSeqAI\caches\9.3.0\transforms\c62181f5441508d23c0a245cd96b7ba3)
2026-03-30T18:25:03.151+0200 [DEBUG] [org.gradle.cache.internal.DefaultFileLockManager] Releasing lock on cache directory c62181f5441508d23c0a245cd96b7ba3 (C:\Users\Luciano Muratore\Documents\ChordSeqAI\caches\9.3.0\transforms\c62181f5441508d23c0a245cd96b7ba3).
2026-03-30T18:25:03.152+0200 [DEBUG] [org.gradle.cache.internal.LockOnDemandCrossProcessCacheAccess] Releasing file lock for cache directory b87577d053ab951493b35ecb8509877b (C:\Users\Luciano Muratore\Documents\ChordSeqAI\caches\9.3.0\transforms\b87577d053ab951493b35ecb8509877b)
2026-03-30T18:25:03.152+0200 [DEBUG] [org.gradle.cache.internal.DefaultFileLockManager] Releasing lock on cache directory b87577d053ab951493b35ecb8509877b (C:\Users\Luciano Muratore\Documents\ChordSeqAI\caches\9.3.0\transforms\b87577d053ab951493b35ecb8509877b).
2026-03-30T18:25:03.153+0200 [DEBUG] [org.gradle.cache.internal.LockOnDemandCrossProcessCacheAccess] Releasing file lock for cache directory 25143d7232d7df9f4a2bf0548b2a5c60 (C:\Users\Luciano Muratore\Documents\ChordSeqAI\caches\9.3.0\transforms\25143d7232d7df9f4a2bf0548b2a5c60)
2026-03-30T18:25:03.153+0200 [DEBUG] [org.gradle.cache.internal.DefaultFileLockManager] Releasing lock on cache directory 25143d7232d7df9f4a2bf0548b2a5c60 (C:\Users\Luciano Muratore\Documents\ChordSeqAI\caches\9.3.0\transforms\25143d7232d7df9f4a2bf0548b2a5c60).
2026-03-30T18:25:03.153+0200 [DEBUG] [org.gradle.cache.internal.LockOnDemandCrossProcessCacheAccess] Releasing file lock for cache directory f18bcfc44c9a1d7bce4a5172e4f85e38 (C:\Users\Luciano Muratore\Documents\ChordSeqAI\caches\9.3.0\transforms\f18bcfc44c9a1d7bce4a5172e4f85e38)
2026-03-30T18:25:03.153+0200 [DEBUG] [org.gradle.cache.internal.DefaultFileLockManager] Releasing lock on cache directory f18bcfc44c9a1d7bce4a5172e4f85e38 (C:\Users\Luciano Muratore\Documents\ChordSeqAI\caches\9.3.0\transforms\f18bcfc44c9a1d7bce4a5172e4f85e38).
2026-03-30T18:25:03.154+0200 [DEBUG] [org.gradle.cache.internal.LockOnDemandCrossProcessCacheAccess] Releasing file lock for cache directory 1af503c3700cd7349daad7fc64a0ac9c (C:\Users\Luciano Muratore\Documents\ChordSeqAI\caches\9.3.0\transforms\1af503c3700cd7349daad7fc64a0ac9c)
2026-03-30T18:25:03.154+0200 [DEBUG] [org.gradle.cache.internal.DefaultFileLockManager] Releasing lock on cache directory 1af503c3700cd7349daad7fc64a0ac9c (C:\Users\Luciano Muratore\Documents\ChordSeqAI\caches\9.3.0\transforms\1af503c3700cd7349daad7fc64a0ac9c).
2026-03-30T18:25:03.154+0200 [DEBUG] [org.gradle.cache.internal.LockOnDemandCrossProcessCacheAccess] Releasing file lock for cache directory a4ae269bc50ad4cfe4756e006669ad58 (C:\Users\Luciano Muratore\Documents\ChordSeqAI\caches\9.3.0\transforms\a4ae269bc50ad4cfe4756e006669ad58)
2026-03-30T18:25:03.154+0200 [DEBUG] [org.gradle.cache.internal.DefaultFileLockManager] Releasing lock on cache directory a4ae269bc50ad4cfe4756e006669ad58 (C:\Users\Luciano Muratore\Documents\ChordSeqAI\caches\9.3.0\transforms\a4ae269bc50ad4cfe4756e006669ad58).
2026-03-30T18:25:03.155+0200 [DEBUG] [org.gradle.cache.internal.LockOnDemandCrossProcessCacheAccess] Releasing file lock for cache directory d95b43825544413941f4043603ea318f (C:\Users\Luciano Muratore\Documents\ChordSeqAI\caches\9.3.0\transforms\d95b43825544413941f4043603ea318f)
2026-03-30T18:25:03.155+0200 [DEBUG] [org.gradle.cache.internal.DefaultFileLockManager] Releasing lock on cache directory d95b43825544413941f4043603ea318f (C:\Users\Luciano Muratore\Documents\ChordSeqAI\caches\9.3.0\transforms\d95b43825544413941f4043603ea318f).
2026-03-30T18:25:03.155+0200 [DEBUG] [org.gradle.cache.internal.LockOnDemandCrossProcessCacheAccess] Releasing file lock for cache directory d7a7e735b8a80f5990005f55eb174525 (C:\Users\Luciano Muratore\Documents\ChordSeqAI\caches\9.3.0\transforms\d7a7e735b8a80f5990005f55eb174525)
2026-03-30T18:25:03.156+0200 [DEBUG] [org.gradle.cache.internal.DefaultFileLockManager] Releasing lock on cache directory d7a7e735b8a80f5990005f55eb174525 (C:\Users\Luciano Muratore\Documents\ChordSeqAI\caches\9.3.0\transforms\d7a7e735b8a80f5990005f55eb174525).
2026-03-30T18:25:03.156+0200 [DEBUG] [org.gradle.cache.internal.LockOnDemandCrossProcessCacheAccess] Releasing file lock for cache directory f3a718c58de712ac870a988261a8c7d9 (C:\Users\Luciano Muratore\Documents\ChordSeqAI\caches\9.3.0\transforms\f3a718c58de712ac870a988261a8c7d9)
2026-03-30T18:25:03.156+0200 [DEBUG] [org.gradle.cache.internal.DefaultFileLockManager] Releasing lock on cache directory f3a718c58de712ac870a988261a8c7d9 (C:\Users\Luciano Muratore\Documents\ChordSeqAI\caches\9.3.0\transforms\f3a718c58de712ac870a988261a8c7d9).
2026-03-30T18:25:03.156+0200 [DEBUG] [org.gradle.cache.internal.LockOnDemandCrossProcessCacheAccess] Releasing file lock for cache directory a1d6c45c97bf41b09c7111fed0411fc7 (C:\Users\Luciano Muratore\Documents\ChordSeqAI\caches\9.3.0\transforms\a1d6c45c97bf41b09c7111fed0411fc7)
2026-03-30T18:25:03.156+0200 [DEBUG] [org.gradle.cache.internal.DefaultFileLockManager] Releasing lock on cache directory a1d6c45c97bf41b09c7111fed0411fc7 (C:\Users\Luciano Muratore\Documents\ChordSeqAI\caches\9.3.0\transforms\a1d6c45c97bf41b09c7111fed0411fc7).
2026-03-30T18:25:03.157+0200 [DEBUG] [org.gradle.cache.internal.LockOnDemandCrossProcessCacheAccess] Releasing file lock for cache directory 3e3bc0a43d7d02d8bb506cfc79b6fd0b (C:\Users\Luciano Muratore\Documents\ChordSeqAI\caches\9.3.0\transforms\3e3bc0a43d7d02d8bb506cfc79b6fd0b)
2026-03-30T18:25:03.157+0200 [DEBUG] [org.gradle.cache.internal.DefaultFileLockManager] Releasing lock on cache directory 3e3bc0a43d7d02d8bb506cfc79b6fd0b (C:\Users\Luciano Muratore\Documents\ChordSeqAI\caches\9.3.0\transforms\3e3bc0a43d7d02d8bb506cfc79b6fd0b).
2026-03-30T18:25:03.157+0200 [DEBUG] [org.gradle.cache.internal.LockOnDemandCrossProcessCacheAccess] Releasing file lock for cache directory 05646cc1ba2f5a3574a1a77e6913c34f (C:\Users\Luciano Muratore\Documents\ChordSeqAI\caches\9.3.0\transforms\05646cc1ba2f5a3574a1a77e6913c34f)
2026-03-30T18:25:03.157+0200 [DEBUG] [org.gradle.cache.internal.DefaultFileLockManager] Releasing lock on cache directory 05646cc1ba2f5a3574a1a77e6913c34f (C:\Users\Luciano Muratore\Documents\ChordSeqAI\caches\9.3.0\transforms\05646cc1ba2f5a3574a1a77e6913c34f).
2026-03-30T18:25:03.157+0200 [DEBUG] [org.gradle.cache.internal.LockOnDemandCrossProcessCacheAccess] Releasing file lock for cache directory 79ec741898e627d36d827c5ab74d63f1 (C:\Users\Luciano Muratore\Documents\ChordSeqAI\caches\9.3.0\transforms\79ec741898e627d36d827c5ab74d63f1)
2026-03-30T18:25:03.157+0200 [DEBUG] [org.gradle.cache.internal.DefaultFileLockManager] Releasing lock on cache directory 79ec741898e627d36d827c5ab74d63f1 (C:\Users\Luciano Muratore\Documents\ChordSeqAI\caches\9.3.0\transforms\79ec741898e627d36d827c5ab74d63f1).
2026-03-30T18:25:03.158+0200 [DEBUG] [org.gradle.cache.internal.LockOnDemandCrossProcessCacheAccess] Releasing file lock for cache directory 51ad1ae43d229cd93ee5a7d6095aaa57 (C:\Users\Luciano Muratore\Documents\ChordSeqAI\caches\9.3.0\transforms\51ad1ae43d229cd93ee5a7d6095aaa57)
2026-03-30T18:25:03.158+0200 [DEBUG] [org.gradle.cache.internal.DefaultFileLockManager] Releasing lock on cache directory 51ad1ae43d229cd93ee5a7d6095aaa57 (C:\Users\Luciano Muratore\Documents\ChordSeqAI\caches\9.3.0\transforms\51ad1ae43d229cd93ee5a7d6095aaa57).
2026-03-30T18:25:03.158+0200 [DEBUG] [org.gradle.cache.internal.LockOnDemandCrossProcessCacheAccess] Releasing file lock for cache directory f71b62142f5bcaf1478e071123ac29f2 (C:\Users\Luciano Muratore\Documents\ChordSeqAI\caches\9.3.0\transforms\f71b62142f5bcaf1478e071123ac29f2)
2026-03-30T18:25:03.158+0200 [DEBUG] [org.gradle.cache.internal.DefaultFileLockManager] Releasing lock on cache directory f71b62142f5bcaf1478e071123ac29f2 (C:\Users\Luciano Muratore\Documents\ChordSeqAI\caches\9.3.0\transforms\f71b62142f5bcaf1478e071123ac29f2).
2026-03-30T18:25:03.158+0200 [DEBUG] [org.gradle.cache.internal.LockOnDemandCrossProcessCacheAccess] Releasing file lock for cache directory a11e63237189e8480a4adeef63b9b63b (C:\Users\Luciano Muratore\Documents\ChordSeqAI\caches\9.3.0\transforms\a11e63237189e8480a4adeef63b9b63b)
2026-03-30T18:25:03.158+0200 [DEBUG] [org.gradle.cache.internal.DefaultFileLockManager] Releasing lock on cache directory a11e63237189e8480a4adeef63b9b63b (C:\Users\Luciano Muratore\Documents\ChordSeqAI\caches\9.3.0\transforms\a11e63237189e8480a4adeef63b9b63b).
2026-03-30T18:25:03.158+0200 [DEBUG] [org.gradle.cache.internal.LockOnDemandCrossProcessCacheAccess] Releasing file lock for cache directory 2de8c649890f24f0a196f21aa56fc177 (C:\Users\Luciano Muratore\Documents\ChordSeqAI\caches\9.3.0\transforms\2de8c649890f24f0a196f21aa56fc177)
2026-03-30T18:25:03.158+0200 [DEBUG] [org.gradle.cache.internal.DefaultFileLockManager] Releasing lock on cache directory 2de8c649890f24f0a196f21aa56fc177 (C:\Users\Luciano Muratore\Documents\ChordSeqAI\caches\9.3.0\transforms\2de8c649890f24f0a196f21aa56fc177).
2026-03-30T18:25:03.159+0200 [DEBUG] [org.gradle.cache.internal.LockOnDemandCrossProcessCacheAccess] Releasing file lock for cache directory 30172c7fe376b2656bc0a27641d6d68f (C:\Users\Luciano Muratore\Documents\ChordSeqAI\caches\9.3.0\transforms\30172c7fe376b2656bc0a27641d6d68f)
2026-03-30T18:25:03.159+0200 [DEBUG] [org.gradle.cache.internal.DefaultFileLockManager] Releasing lock on cache directory 30172c7fe376b2656bc0a27641d6d68f (C:\Users\Luciano Muratore\Documents\ChordSeqAI\caches\9.3.0\transforms\30172c7fe376b2656bc0a27641d6d68f).
2026-03-30T18:25:03.159+0200 [DEBUG] [org.gradle.cache.internal.LockOnDemandCrossProcessCacheAccess] Releasing file lock for cache directory 057443bd327ee9f673a0a3a1d5ee3843 (C:\Users\Luciano Muratore\Documents\ChordSeqAI\caches\9.3.0\transforms\057443bd327ee9f673a0a3a1d5ee3843)
2026-03-30T18:25:03.159+0200 [DEBUG] [org.gradle.cache.internal.DefaultFileLockManager] Releasing lock on cache directory 057443bd327ee9f673a0a3a1d5ee3843 (C:\Users\Luciano Muratore\Documents\ChordSeqAI\caches\9.3.0\transforms\057443bd327ee9f673a0a3a1d5ee3843).
2026-03-30T18:25:03.160+0200 [DEBUG] [org.gradle.cache.internal.LockOnDemandCrossProcessCacheAccess] Releasing file lock for cache directory 08395a504f383d2858ddd0c38fdc26d9 (C:\Users\Luciano Muratore\Documents\ChordSeqAI\caches\9.3.0\transforms\08395a504f383d2858ddd0c38fdc26d9)
2026-03-30T18:25:03.160+0200 [DEBUG] [org.gradle.cache.internal.DefaultFileLockManager] Releasing lock on cache directory 08395a504f383d2858ddd0c38fdc26d9 (C:\Users\Luciano Muratore\Documents\ChordSeqAI\caches\9.3.0\transforms\08395a504f383d2858ddd0c38fdc26d9).
2026-03-30T18:25:03.160+0200 [DEBUG] [org.gradle.cache.internal.LockOnDemandCrossProcessCacheAccess] Releasing file lock for cache directory e2dc0ca40a13d92d2f06b3e39cee0401 (C:\Users\Luciano Muratore\Documents\ChordSeqAI\caches\9.3.0\transforms\e2dc0ca40a13d92d2f06b3e39cee0401)
2026-03-30T18:25:03.160+0200 [DEBUG] [org.gradle.cache.internal.DefaultFileLockManager] Releasing lock on cache directory e2dc0ca40a13d92d2f06b3e39cee0401 (C:\Users\Luciano Muratore\Documents\ChordSeqAI\caches\9.3.0\transforms\e2dc0ca40a13d92d2f06b3e39cee0401).
2026-03-30T18:25:03.161+0200 [DEBUG] [org.gradle.cache.internal.LockOnDemandCrossProcessCacheAccess] Releasing file lock for cache directory 2613f99b20fe24cff91160eb999b54d9 (C:\Users\Luciano Muratore\Documents\ChordSeqAI\caches\9.3.0\transforms\2613f99b20fe24cff91160eb999b54d9)
2026-03-30T18:25:03.161+0200 [DEBUG] [org.gradle.cache.internal.DefaultFileLockManager] Releasing lock on cache directory 2613f99b20fe24cff91160eb999b54d9 (C:\Users\Luciano Muratore\Documents\ChordSeqAI\caches\9.3.0\transforms\2613f99b20fe24cff91160eb999b54d9).
2026-03-30T18:25:03.161+0200 [DEBUG] [org.gradle.cache.internal.LockOnDemandCrossProcessCacheAccess] Releasing file lock for cache directory bc0ec2478a55121198fbff94b097b7f9 (C:\Users\Luciano Muratore\Documents\ChordSeqAI\caches\9.3.0\transforms\bc0ec2478a55121198fbff94b097b7f9)
2026-03-30T18:25:03.161+0200 [DEBUG] [org.gradle.cache.internal.DefaultFileLockManager] Releasing lock on cache directory bc0ec2478a55121198fbff94b097b7f9 (C:\Users\Luciano Muratore\Documents\ChordSeqAI\caches\9.3.0\transforms\bc0ec2478a55121198fbff94b097b7f9).
2026-03-30T18:25:03.162+0200 [DEBUG] [org.gradle.cache.internal.LockOnDemandCrossProcessCacheAccess] Releasing file lock for cache directory d5cee0126f3a4497743ccb8de82de736 (C:\Users\Luciano Muratore\Documents\ChordSeqAI\caches\9.3.0\transforms\d5cee0126f3a4497743ccb8de82de736)
2026-03-30T18:25:03.162+0200 [DEBUG] [org.gradle.cache.internal.DefaultFileLockManager] Releasing lock on cache directory d5cee0126f3a4497743ccb8de82de736 (C:\Users\Luciano Muratore\Documents\ChordSeqAI\caches\9.3.0\transforms\d5cee0126f3a4497743ccb8de82de736).
2026-03-30T18:25:03.162+0200 [DEBUG] [org.gradle.cache.internal.LockOnDemandCrossProcessCacheAccess] Releasing file lock for cache directory fbfb932f48eebd872870495af28b1a89 (C:\Users\Luciano Muratore\Documents\ChordSeqAI\caches\9.3.0\transforms\fbfb932f48eebd872870495af28b1a89)
2026-03-30T18:25:03.162+0200 [DEBUG] [org.gradle.cache.internal.DefaultFileLockManager] Releasing lock on cache directory fbfb932f48eebd872870495af28b1a89 (C:\Users\Luciano Muratore\Documents\ChordSeqAI\caches\9.3.0\transforms\fbfb932f48eebd872870495af28b1a89).
2026-03-30T18:25:03.162+0200 [DEBUG] [org.gradle.cache.internal.LockOnDemandCrossProcessCacheAccess] Releasing file lock for cache directory d5a0f7526ee4c00584884af2b61933e3 (C:\Users\Luciano Muratore\Documents\ChordSeqAI\caches\9.3.0\transforms\d5a0f7526ee4c00584884af2b61933e3)
2026-03-30T18:25:03.163+0200 [DEBUG] [org.gradle.cache.internal.DefaultFileLockManager] Releasing lock on cache directory d5a0f7526ee4c00584884af2b61933e3 (C:\Users\Luciano Muratore\Documents\ChordSeqAI\caches\9.3.0\transforms\d5a0f7526ee4c00584884af2b61933e3).
2026-03-30T18:25:03.163+0200 [DEBUG] [org.gradle.cache.internal.LockOnDemandCrossProcessCacheAccess] Releasing file lock for cache directory 269ebd375521e9d87eb46ec15dc59d22 (C:\Users\Luciano Muratore\Documents\ChordSeqAI\caches\9.3.0\transforms\269ebd375521e9d87eb46ec15dc59d22)
2026-03-30T18:25:03.163+0200 [DEBUG] [org.gradle.cache.internal.DefaultFileLockManager] Releasing lock on cache directory 269ebd375521e9d87eb46ec15dc59d22 (C:\Users\Luciano Muratore\Documents\ChordSeqAI\caches\9.3.0\transforms\269ebd375521e9d87eb46ec15dc59d22).
2026-03-30T18:25:03.164+0200 [DEBUG] [org.gradle.cache.internal.LockOnDemandCrossProcessCacheAccess] Releasing file lock for cache directory 3f18332936c9b1f14d491920116bc3df (C:\Users\Luciano Muratore\Documents\ChordSeqAI\caches\9.3.0\transforms\3f18332936c9b1f14d491920116bc3df)
2026-03-30T18:25:03.164+0200 [DEBUG] [org.gradle.cache.internal.DefaultFileLockManager] Releasing lock on cache directory 3f18332936c9b1f14d491920116bc3df (C:\Users\Luciano Muratore\Documents\ChordSeqAI\caches\9.3.0\transforms\3f18332936c9b1f14d491920116bc3df).
2026-03-30T18:25:03.164+0200 [DEBUG] [org.gradle.cache.internal.LockOnDemandCrossProcessCacheAccess] Releasing file lock for cache directory 54a963a8a68e4c375351cde997769ac7 (C:\Users\Luciano Muratore\Documents\ChordSeqAI\caches\9.3.0\transforms\54a963a8a68e4c375351cde997769ac7)
2026-03-30T18:25:03.164+0200 [DEBUG] [org.gradle.cache.internal.DefaultFileLockManager] Releasing lock on cache directory 54a963a8a68e4c375351cde997769ac7 (C:\Users\Luciano Muratore\Documents\ChordSeqAI\caches\9.3.0\transforms\54a963a8a68e4c375351cde997769ac7).
2026-03-30T18:25:03.165+0200 [DEBUG] [org.gradle.cache.internal.LockOnDemandCrossProcessCacheAccess] Releasing file lock for cache directory 6cdab9b5b2ec4ffecaf3fd6be2207f85 (C:\Users\Luciano Muratore\Documents\ChordSeqAI\caches\9.3.0\transforms\6cdab9b5b2ec4ffecaf3fd6be2207f85)
2026-03-30T18:25:03.165+0200 [DEBUG] [org.gradle.cache.internal.DefaultFileLockManager] Releasing lock on cache directory 6cdab9b5b2ec4ffecaf3fd6be2207f85 (C:\Users\Luciano Muratore\Documents\ChordSeqAI\caches\9.3.0\transforms\6cdab9b5b2ec4ffecaf3fd6be2207f85).
2026-03-30T18:25:03.165+0200 [DEBUG] [org.gradle.cache.internal.LockOnDemandCrossProcessCacheAccess] Releasing file lock for cache directory 75bb3cf5bad9477c20ea6b359384a5c0 (C:\Users\Luciano Muratore\Documents\ChordSeqAI\caches\9.3.0\transforms\75bb3cf5bad9477c20ea6b359384a5c0)
2026-03-30T18:25:03.165+0200 [DEBUG] [org.gradle.cache.internal.DefaultFileLockManager] Releasing lock on cache directory 75bb3cf5bad9477c20ea6b359384a5c0 (C:\Users\Luciano Muratore\Documents\ChordSeqAI\caches\9.3.0\transforms\75bb3cf5bad9477c20ea6b359384a5c0).
2026-03-30T18:25:03.165+0200 [DEBUG] [org.gradle.cache.internal.LockOnDemandCrossProcessCacheAccess] Releasing file lock for cache directory 62c61153cf20037726a6ae321afe6d9d (C:\Users\Luciano Muratore\Documents\ChordSeqAI\caches\9.3.0\transforms\62c61153cf20037726a6ae321afe6d9d)
2026-03-30T18:25:03.166+0200 [DEBUG] [org.gradle.cache.internal.DefaultFileLockManager] Releasing lock on cache directory 62c61153cf20037726a6ae321afe6d9d (C:\Users\Luciano Muratore\Documents\ChordSeqAI\caches\9.3.0\transforms\62c61153cf20037726a6ae321afe6d9d).
2026-03-30T18:25:03.166+0200 [DEBUG] [org.gradle.cache.internal.LockOnDemandCrossProcessCacheAccess] Releasing file lock for cache directory 8786f77df632ce71062760082275dab8 (C:\Users\Luciano Muratore\Documents\ChordSeqAI\caches\9.3.0\transforms\8786f77df632ce71062760082275dab8)
2026-03-30T18:25:03.166+0200 [DEBUG] [org.gradle.cache.internal.DefaultFileLockManager] Releasing lock on cache directory 8786f77df632ce71062760082275dab8 (C:\Users\Luciano Muratore\Documents\ChordSeqAI\caches\9.3.0\transforms\8786f77df632ce71062760082275dab8).
2026-03-30T18:25:03.166+0200 [DEBUG] [org.gradle.cache.internal.LockOnDemandCrossProcessCacheAccess] Releasing file lock for cache directory 1241a5cc76675f2acafcd610420e7b0a (C:\Users\Luciano Muratore\Documents\ChordSeqAI\caches\9.3.0\transforms\1241a5cc76675f2acafcd610420e7b0a)
2026-03-30T18:25:03.166+0200 [DEBUG] [org.gradle.cache.internal.DefaultFileLockManager] Releasing lock on cache directory 1241a5cc76675f2acafcd610420e7b0a (C:\Users\Luciano Muratore\Documents\ChordSeqAI\caches\9.3.0\transforms\1241a5cc76675f2acafcd610420e7b0a).
2026-03-30T18:25:03.167+0200 [DEBUG] [org.gradle.cache.internal.LockOnDemandCrossProcessCacheAccess] Releasing file lock for cache directory dbf8c780b2277fe9068526fa269fbbbe (C:\Users\Luciano Muratore\Documents\ChordSeqAI\caches\9.3.0\transforms\dbf8c780b2277fe9068526fa269fbbbe)
2026-03-30T18:25:03.167+0200 [DEBUG] [org.gradle.cache.internal.DefaultFileLockManager] Releasing lock on cache directory dbf8c780b2277fe9068526fa269fbbbe (C:\Users\Luciano Muratore\Documents\ChordSeqAI\caches\9.3.0\transforms\dbf8c780b2277fe9068526fa269fbbbe).
2026-03-30T18:25:03.167+0200 [DEBUG] [org.gradle.cache.internal.LockOnDemandCrossProcessCacheAccess] Releasing file lock for cache directory 75a4ca22824ed02532a490ab3219719f (C:\Users\Luciano Muratore\Documents\ChordSeqAI\caches\9.3.0\transforms\75a4ca22824ed02532a490ab3219719f)
2026-03-30T18:25:03.167+0200 [DEBUG] [org.gradle.cache.internal.DefaultFileLockManager] Releasing lock on cache directory 75a4ca22824ed02532a490ab3219719f (C:\Users\Luciano Muratore\Documents\ChordSeqAI\caches\9.3.0\transforms\75a4ca22824ed02532a490ab3219719f).
2026-03-30T18:25:03.168+0200 [DEBUG] [org.gradle.cache.internal.LockOnDemandCrossProcessCacheAccess] Releasing file lock for cache directory 754c5da219655e1d02f1919d1e7a05c6 (C:\Users\Luciano Muratore\Documents\ChordSeqAI\caches\9.3.0\transforms\754c5da219655e1d02f1919d1e7a05c6)
2026-03-30T18:25:03.168+0200 [DEBUG] [org.gradle.cache.internal.DefaultFileLockManager] Releasing lock on cache directory 754c5da219655e1d02f1919d1e7a05c6 (C:\Users\Luciano Muratore\Documents\ChordSeqAI\caches\9.3.0\transforms\754c5da219655e1d02f1919d1e7a05c6).
2026-03-30T18:25:03.169+0200 [DEBUG] [org.gradle.cache.internal.LockOnDemandCrossProcessCacheAccess] Releasing file lock for cache directory 283f32b4eace3a6b69cb9d747c961e90 (C:\Users\Luciano Muratore\Documents\ChordSeqAI\caches\9.3.0\transforms\283f32b4eace3a6b69cb9d747c961e90)
2026-03-30T18:25:03.169+0200 [DEBUG] [org.gradle.cache.internal.DefaultFileLockManager] Releasing lock on cache directory 283f32b4eace3a6b69cb9d747c961e90 (C:\Users\Luciano Muratore\Documents\ChordSeqAI\caches\9.3.0\transforms\283f32b4eace3a6b69cb9d747c961e90).
2026-03-30T18:25:03.169+0200 [DEBUG] [org.gradle.cache.internal.LockOnDemandCrossProcessCacheAccess] Releasing file lock for cache directory 77d9ac638f8df28cb3b0f8e7ff54fc27 (C:\Users\Luciano Muratore\Documents\ChordSeqAI\caches\9.3.0\transforms\77d9ac638f8df28cb3b0f8e7ff54fc27)
2026-03-30T18:25:03.170+0200 [DEBUG] [org.gradle.cache.internal.DefaultFileLockManager] Releasing lock on cache directory 77d9ac638f8df28cb3b0f8e7ff54fc27 (C:\Users\Luciano Muratore\Documents\ChordSeqAI\caches\9.3.0\transforms\77d9ac638f8df28cb3b0f8e7ff54fc27).
2026-03-30T18:25:03.170+0200 [DEBUG] [org.gradle.cache.internal.LockOnDemandCrossProcessCacheAccess] Releasing file lock for cache directory ba6d2fb13793f04b1e9dd5bb03f619bc (C:\Users\Luciano Muratore\Documents\ChordSeqAI\caches\9.3.0\transforms\ba6d2fb13793f04b1e9dd5bb03f619bc)
2026-03-30T18:25:03.170+0200 [DEBUG] [org.gradle.cache.internal.DefaultFileLockManager] Releasing lock on cache directory ba6d2fb13793f04b1e9dd5bb03f619bc (C:\Users\Luciano Muratore\Documents\ChordSeqAI\caches\9.3.0\transforms\ba6d2fb13793f04b1e9dd5bb03f619bc).
2026-03-30T18:25:03.171+0200 [DEBUG] [org.gradle.cache.internal.LockOnDemandCrossProcessCacheAccess] Releasing file lock for cache directory 27a5a2cc9fd2f2b42bf64d5bd7b234ad (C:\Users\Luciano Muratore\Documents\ChordSeqAI\caches\9.3.0\transforms\27a5a2cc9fd2f2b42bf64d5bd7b234ad)
2026-03-30T18:25:03.171+0200 [DEBUG] [org.gradle.cache.internal.DefaultFileLockManager] Releasing lock on cache directory 27a5a2cc9fd2f2b42bf64d5bd7b234ad (C:\Users\Luciano Muratore\Documents\ChordSeqAI\caches\9.3.0\transforms\27a5a2cc9fd2f2b42bf64d5bd7b234ad).
2026-03-30T18:25:03.171+0200 [DEBUG] [org.gradle.cache.internal.LockOnDemandCrossProcessCacheAccess] Releasing file lock for cache directory 83babb2b479147c1c8f905182c53dd4a (C:\Users\Luciano Muratore\Documents\ChordSeqAI\caches\9.3.0\transforms\83babb2b479147c1c8f905182c53dd4a)
2026-03-30T18:25:03.171+0200 [DEBUG] [org.gradle.cache.internal.DefaultFileLockManager] Releasing lock on cache directory 83babb2b479147c1c8f905182c53dd4a (C:\Users\Luciano Muratore\Documents\ChordSeqAI\caches\9.3.0\transforms\83babb2b479147c1c8f905182c53dd4a).
2026-03-30T18:25:03.172+0200 [DEBUG] [org.gradle.cache.internal.LockOnDemandCrossProcessCacheAccess] Releasing file lock for cache directory 7b52ed92256c6922047301ad027a548b (C:\Users\Luciano Muratore\Documents\ChordSeqAI\caches\9.3.0\transforms\7b52ed92256c6922047301ad027a548b)
2026-03-30T18:25:03.172+0200 [DEBUG] [org.gradle.cache.internal.DefaultFileLockManager] Releasing lock on cache directory 7b52ed92256c6922047301ad027a548b (C:\Users\Luciano Muratore\Documents\ChordSeqAI\caches\9.3.0\transforms\7b52ed92256c6922047301ad027a548b).
2026-03-30T18:25:03.172+0200 [DEBUG] [org.gradle.cache.internal.LockOnDemandCrossProcessCacheAccess] Releasing file lock for cache directory 9d4520c083b8f8ada8a58d398e92234e (C:\Users\Luciano Muratore\Documents\ChordSeqAI\caches\9.3.0\transforms\9d4520c083b8f8ada8a58d398e92234e)
2026-03-30T18:25:03.172+0200 [DEBUG] [org.gradle.cache.internal.DefaultFileLockManager] Releasing lock on cache directory 9d4520c083b8f8ada8a58d398e92234e (C:\Users\Luciano Muratore\Documents\ChordSeqAI\caches\9.3.0\transforms\9d4520c083b8f8ada8a58d398e92234e).
2026-03-30T18:25:03.173+0200 [DEBUG] [org.gradle.cache.internal.LockOnDemandCrossProcessCacheAccess] Releasing file lock for cache directory cd6f4c00a6562ef94f6d0ed593aef0b3 (C:\Users\Luciano Muratore\Documents\ChordSeqAI\caches\9.3.0\transforms\cd6f4c00a6562ef94f6d0ed593aef0b3)
2026-03-30T18:25:03.173+0200 [DEBUG] [org.gradle.cache.internal.DefaultFileLockManager] Releasing lock on cache directory cd6f4c00a6562ef94f6d0ed593aef0b3 (C:\Users\Luciano Muratore\Documents\ChordSeqAI\caches\9.3.0\transforms\cd6f4c00a6562ef94f6d0ed593aef0b3).
2026-03-30T18:25:03.173+0200 [DEBUG] [org.gradle.cache.internal.LockOnDemandCrossProcessCacheAccess] Releasing file lock for cache directory 6fb20d567733af93243af79991757e97 (C:\Users\Luciano Muratore\Documents\ChordSeqAI\caches\9.3.0\transforms\6fb20d567733af93243af79991757e97)
2026-03-30T18:25:03.173+0200 [DEBUG] [org.gradle.cache.internal.DefaultFileLockManager] Releasing lock on cache directory 6fb20d567733af93243af79991757e97 (C:\Users\Luciano Muratore\Documents\ChordSeqAI\caches\9.3.0\transforms\6fb20d567733af93243af79991757e97).
2026-03-30T18:25:03.173+0200 [DEBUG] [org.gradle.cache.internal.LockOnDemandCrossProcessCacheAccess] Releasing file lock for cache directory 7eab02144e6ab9dc64daeababdf847f1 (C:\Users\Luciano Muratore\Documents\ChordSeqAI\caches\9.3.0\transforms\7eab02144e6ab9dc64daeababdf847f1)
2026-03-30T18:25:03.174+0200 [DEBUG] [org.gradle.cache.internal.DefaultFileLockManager] Releasing lock on cache directory 7eab02144e6ab9dc64daeababdf847f1 (C:\Users\Luciano Muratore\Documents\ChordSeqAI\caches\9.3.0\transforms\7eab02144e6ab9dc64daeababdf847f1).
2026-03-30T18:25:03.174+0200 [DEBUG] [org.gradle.cache.internal.LockOnDemandCrossProcessCacheAccess] Releasing file lock for cache directory 9cd2a234f6249393cb24edb256a4de50 (C:\Users\Luciano Muratore\Documents\ChordSeqAI\caches\9.3.0\transforms\9cd2a234f6249393cb24edb256a4de50)
2026-03-30T18:25:03.174+0200 [DEBUG] [org.gradle.cache.internal.DefaultFileLockManager] Releasing lock on cache directory 9cd2a234f6249393cb24edb256a4de50 (C:\Users\Luciano Muratore\Documents\ChordSeqAI\caches\9.3.0\transforms\9cd2a234f6249393cb24edb256a4de50).
2026-03-30T18:25:03.174+0200 [DEBUG] [org.gradle.cache.internal.LockOnDemandCrossProcessCacheAccess] Releasing file lock for cache directory 8f6619e16a8db5c7e5f534ab59767640 (C:\Users\Luciano Muratore\Documents\ChordSeqAI\caches\9.3.0\transforms\8f6619e16a8db5c7e5f534ab59767640)
2026-03-30T18:25:03.174+0200 [DEBUG] [org.gradle.cache.internal.DefaultFileLockManager] Releasing lock on cache directory 8f6619e16a8db5c7e5f534ab59767640 (C:\Users\Luciano Muratore\Documents\ChordSeqAI\caches\9.3.0\transforms\8f6619e16a8db5c7e5f534ab59767640).
2026-03-30T18:25:03.175+0200 [DEBUG] [org.gradle.cache.internal.LockOnDemandCrossProcessCacheAccess] Releasing file lock for cache directory 3c4a26dab45c2a046eeb04b961e25af4 (C:\Users\Luciano Muratore\Documents\ChordSeqAI\caches\9.3.0\transforms\3c4a26dab45c2a046eeb04b961e25af4)
2026-03-30T18:25:03.175+0200 [DEBUG] [org.gradle.cache.internal.DefaultFileLockManager] Releasing lock on cache directory 3c4a26dab45c2a046eeb04b961e25af4 (C:\Users\Luciano Muratore\Documents\ChordSeqAI\caches\9.3.0\transforms\3c4a26dab45c2a046eeb04b961e25af4).
2026-03-30T18:25:03.176+0200 [DEBUG] [org.gradle.cache.internal.LockOnDemandCrossProcessCacheAccess] Releasing file lock for cache directory ab71390412938c38a5dd7c8410644f5a (C:\Users\Luciano Muratore\Documents\ChordSeqAI\caches\9.3.0\transforms\ab71390412938c38a5dd7c8410644f5a)
2026-03-30T18:25:03.176+0200 [DEBUG] [org.gradle.cache.internal.DefaultFileLockManager] Releasing lock on cache directory ab71390412938c38a5dd7c8410644f5a (C:\Users\Luciano Muratore\Documents\ChordSeqAI\caches\9.3.0\transforms\ab71390412938c38a5dd7c8410644f5a).
2026-03-30T18:25:03.176+0200 [DEBUG] [org.gradle.cache.internal.LockOnDemandCrossProcessCacheAccess] Releasing file lock for cache directory cad8c045712bcd4a5affe201f7f3bd1e (C:\Users\Luciano Muratore\Documents\ChordSeqAI\caches\9.3.0\transforms\cad8c045712bcd4a5affe201f7f3bd1e)
2026-03-30T18:25:03.176+0200 [DEBUG] [org.gradle.cache.internal.DefaultFileLockManager] Releasing lock on cache directory cad8c045712bcd4a5affe201f7f3bd1e (C:\Users\Luciano Muratore\Documents\ChordSeqAI\caches\9.3.0\transforms\cad8c045712bcd4a5affe201f7f3bd1e).
2026-03-30T18:25:03.176+0200 [DEBUG] [org.gradle.cache.internal.LockOnDemandCrossProcessCacheAccess] Releasing file lock for cache directory ce4c8d117c479453a48e8d1e62a83026 (C:\Users\Luciano Muratore\Documents\ChordSeqAI\caches\9.3.0\transforms\ce4c8d117c479453a48e8d1e62a83026)
2026-03-30T18:25:03.176+0200 [DEBUG] [org.gradle.cache.internal.DefaultFileLockManager] Releasing lock on cache directory ce4c8d117c479453a48e8d1e62a83026 (C:\Users\Luciano Muratore\Documents\ChordSeqAI\caches\9.3.0\transforms\ce4c8d117c479453a48e8d1e62a83026).
2026-03-30T18:25:03.177+0200 [DEBUG] [org.gradle.cache.internal.LockOnDemandCrossProcessCacheAccess] Releasing file lock for cache directory e5c101a06891872a3cb5d11bdb4fdea6 (C:\Users\Luciano Muratore\Documents\ChordSeqAI\caches\9.3.0\transforms\e5c101a06891872a3cb5d11bdb4fdea6)
2026-03-30T18:25:03.177+0200 [DEBUG] [org.gradle.cache.internal.DefaultFileLockManager] Releasing lock on cache directory e5c101a06891872a3cb5d11bdb4fdea6 (C:\Users\Luciano Muratore\Documents\ChordSeqAI\caches\9.3.0\transforms\e5c101a06891872a3cb5d11bdb4fdea6).
2026-03-30T18:25:03.178+0200 [DEBUG] [org.gradle.cache.internal.LockOnDemandCrossProcessCacheAccess] Releasing file lock for cache directory 6cd3ae08de719dc08e5270c100467e0d (C:\Users\Luciano Muratore\Documents\ChordSeqAI\caches\9.3.0\transforms\6cd3ae08de719dc08e5270c100467e0d)
2026-03-30T18:25:03.178+0200 [DEBUG] [org.gradle.cache.internal.DefaultFileLockManager] Releasing lock on cache directory 6cd3ae08de719dc08e5270c100467e0d (C:\Users\Luciano Muratore\Documents\ChordSeqAI\caches\9.3.0\transforms\6cd3ae08de719dc08e5270c100467e0d).
2026-03-30T18:25:03.178+0200 [DEBUG] [org.gradle.cache.internal.LockOnDemandCrossProcessCacheAccess] Releasing file lock for cache directory 12b99cccee6cddf69ac0470476088ab4 (C:\Users\Luciano Muratore\Documents\ChordSeqAI\caches\9.3.0\transforms\12b99cccee6cddf69ac0470476088ab4)
2026-03-30T18:25:03.178+0200 [DEBUG] [org.gradle.cache.internal.DefaultFileLockManager] Releasing lock on cache directory 12b99cccee6cddf69ac0470476088ab4 (C:\Users\Luciano Muratore\Documents\ChordSeqAI\caches\9.3.0\transforms\12b99cccee6cddf69ac0470476088ab4).
2026-03-30T18:25:03.179+0200 [DEBUG] [org.gradle.cache.internal.LockOnDemandCrossProcessCacheAccess] Releasing file lock for cache directory df3720c6e5bef7a79b4918fc36497766 (C:\Users\Luciano Muratore\Documents\ChordSeqAI\caches\9.3.0\transforms\df3720c6e5bef7a79b4918fc36497766)
2026-03-30T18:25:03.179+0200 [DEBUG] [org.gradle.cache.internal.DefaultFileLockManager] Releasing lock on cache directory df3720c6e5bef7a79b4918fc36497766 (C:\Users\Luciano Muratore\Documents\ChordSeqAI\caches\9.3.0\transforms\df3720c6e5bef7a79b4918fc36497766).
2026-03-30T18:25:03.179+0200 [DEBUG] [org.gradle.cache.internal.LockOnDemandCrossProcessCacheAccess] Releasing file lock for cache directory 7eb23c3123a8a805760e91c435c833e7 (C:\Users\Luciano Muratore\Documents\ChordSeqAI\caches\9.3.0\transforms\7eb23c3123a8a805760e91c435c833e7)
2026-03-30T18:25:03.180+0200 [DEBUG] [org.gradle.cache.internal.DefaultFileLockManager] Releasing lock on cache directory 7eb23c3123a8a805760e91c435c833e7 (C:\Users\Luciano Muratore\Documents\ChordSeqAI\caches\9.3.0\transforms\7eb23c3123a8a805760e91c435c833e7).
2026-03-30T18:25:03.180+0200 [DEBUG] [org.gradle.cache.internal.LockOnDemandCrossProcessCacheAccess] Releasing file lock for cache directory e117dbbf7f8b539e2f4272c066ef4282 (C:\Users\Luciano Muratore\Documents\ChordSeqAI\caches\9.3.0\transforms\e117dbbf7f8b539e2f4272c066ef4282)
2026-03-30T18:25:03.180+0200 [DEBUG] [org.gradle.cache.internal.DefaultFileLockManager] Releasing lock on cache directory e117dbbf7f8b539e2f4272c066ef4282 (C:\Users\Luciano Muratore\Documents\ChordSeqAI\caches\9.3.0\transforms\e117dbbf7f8b539e2f4272c066ef4282).
2026-03-30T18:25:03.180+0200 [DEBUG] [org.gradle.cache.internal.LockOnDemandCrossProcessCacheAccess] Releasing file lock for cache directory 27039e5c2e2eb0fb35f612629f8aebd4 (C:\Users\Luciano Muratore\Documents\ChordSeqAI\caches\9.3.0\transforms\27039e5c2e2eb0fb35f612629f8aebd4)
2026-03-30T18:25:03.180+0200 [DEBUG] [org.gradle.cache.internal.DefaultFileLockManager] Releasing lock on cache directory 27039e5c2e2eb0fb35f612629f8aebd4 (C:\Users\Luciano Muratore\Documents\ChordSeqAI\caches\9.3.0\transforms\27039e5c2e2eb0fb35f612629f8aebd4).
2026-03-30T18:25:03.181+0200 [DEBUG] [org.gradle.cache.internal.LockOnDemandCrossProcessCacheAccess] Releasing file lock for cache directory 848b3142c05d04d5d2426a943f350d05 (C:\Users\Luciano Muratore\Documents\ChordSeqAI\caches\9.3.0\transforms\848b3142c05d04d5d2426a943f350d05)
2026-03-30T18:25:03.181+0200 [DEBUG] [org.gradle.cache.internal.DefaultFileLockManager] Releasing lock on cache directory 848b3142c05d04d5d2426a943f350d05 (C:\Users\Luciano Muratore\Documents\ChordSeqAI\caches\9.3.0\transforms\848b3142c05d04d5d2426a943f350d05).
2026-03-30T18:25:03.181+0200 [DEBUG] [org.gradle.cache.internal.LockOnDemandCrossProcessCacheAccess] Releasing file lock for cache directory d86491bf01b20743d1d50bb8b0e37b35 (C:\Users\Luciano Muratore\Documents\ChordSeqAI\caches\9.3.0\transforms\d86491bf01b20743d1d50bb8b0e37b35)
2026-03-30T18:25:03.181+0200 [DEBUG] [org.gradle.cache.internal.DefaultFileLockManager] Releasing lock on cache directory d86491bf01b20743d1d50bb8b0e37b35 (C:\Users\Luciano Muratore\Documents\ChordSeqAI\caches\9.3.0\transforms\d86491bf01b20743d1d50bb8b0e37b35).
2026-03-30T18:25:03.182+0200 [DEBUG] [org.gradle.cache.internal.LockOnDemandCrossProcessCacheAccess] Releasing file lock for cache directory d68a1e314340b03b91b0a0982d0747e2 (C:\Users\Luciano Muratore\Documents\ChordSeqAI\caches\9.3.0\transforms\d68a1e314340b03b91b0a0982d0747e2)
2026-03-30T18:25:03.182+0200 [DEBUG] [org.gradle.cache.internal.DefaultFileLockManager] Releasing lock on cache directory d68a1e314340b03b91b0a0982d0747e2 (C:\Users\Luciano Muratore\Documents\ChordSeqAI\caches\9.3.0\transforms\d68a1e314340b03b91b0a0982d0747e2).
2026-03-30T18:25:03.182+0200 [DEBUG] [org.gradle.cache.internal.LockOnDemandCrossProcessCacheAccess] Releasing file lock for cache directory 23bcbec32a11ea551de399c6a1bf6485 (C:\Users\Luciano Muratore\Documents\ChordSeqAI\caches\9.3.0\transforms\23bcbec32a11ea551de399c6a1bf6485)
2026-03-30T18:25:03.182+0200 [DEBUG] [org.gradle.cache.internal.DefaultFileLockManager] Releasing lock on cache directory 23bcbec32a11ea551de399c6a1bf6485 (C:\Users\Luciano Muratore\Documents\ChordSeqAI\caches\9.3.0\transforms\23bcbec32a11ea551de399c6a1bf6485).
2026-03-30T18:25:03.183+0200 [DEBUG] [org.gradle.cache.internal.LockOnDemandCrossProcessCacheAccess] Releasing file lock for cache directory ce25e9a4f2d75a604e47fb54fc20dc32 (C:\Users\Luciano Muratore\Documents\ChordSeqAI\caches\9.3.0\transforms\ce25e9a4f2d75a604e47fb54fc20dc32)
2026-03-30T18:25:03.183+0200 [DEBUG] [org.gradle.cache.internal.DefaultFileLockManager] Releasing lock on cache directory ce25e9a4f2d75a604e47fb54fc20dc32 (C:\Users\Luciano Muratore\Documents\ChordSeqAI\caches\9.3.0\transforms\ce25e9a4f2d75a604e47fb54fc20dc32).
2026-03-30T18:25:03.183+0200 [DEBUG] [org.gradle.cache.internal.LockOnDemandCrossProcessCacheAccess] Releasing file lock for cache directory 161c93af8b5dd7339643932c80c4b3d1 (C:\Users\Luciano Muratore\Documents\ChordSeqAI\caches\9.3.0\transforms\161c93af8b5dd7339643932c80c4b3d1)
2026-03-30T18:25:03.183+0200 [DEBUG] [org.gradle.cache.internal.DefaultFileLockManager] Releasing lock on cache directory 161c93af8b5dd7339643932c80c4b3d1 (C:\Users\Luciano Muratore\Documents\ChordSeqAI\caches\9.3.0\transforms\161c93af8b5dd7339643932c80c4b3d1).
2026-03-30T18:25:03.184+0200 [DEBUG] [org.gradle.cache.internal.LockOnDemandCrossProcessCacheAccess] Releasing file lock for cache directory 80bd89e919eeb11cb1fb2b0df84a9e45 (C:\Users\Luciano Muratore\Documents\ChordSeqAI\caches\9.3.0\transforms\80bd89e919eeb11cb1fb2b0df84a9e45)
2026-03-30T18:25:03.184+0200 [DEBUG] [org.gradle.cache.internal.DefaultFileLockManager] Releasing lock on cache directory 80bd89e919eeb11cb1fb2b0df84a9e45 (C:\Users\Luciano Muratore\Documents\ChordSeqAI\caches\9.3.0\transforms\80bd89e919eeb11cb1fb2b0df84a9e45).
2026-03-30T18:25:03.185+0200 [DEBUG] [org.gradle.cache.internal.LockOnDemandCrossProcessCacheAccess] Releasing file lock for cache directory 29af5ee5d2d81ed359c2a2b0d12ae42e (C:\Users\Luciano Muratore\Documents\ChordSeqAI\caches\9.3.0\transforms\29af5ee5d2d81ed359c2a2b0d12ae42e)
2026-03-30T18:25:03.185+0200 [DEBUG] [org.gradle.cache.internal.DefaultFileLockManager] Releasing lock on cache directory 29af5ee5d2d81ed359c2a2b0d12ae42e (C:\Users\Luciano Muratore\Documents\ChordSeqAI\caches\9.3.0\transforms\29af5ee5d2d81ed359c2a2b0d12ae42e).
2026-03-30T18:25:03.186+0200 [DEBUG] [org.gradle.cache.internal.LockOnDemandCrossProcessCacheAccess] Releasing file lock for cache directory a78b51ee39da692c8cac0a0a8b7cc29e (C:\Users\Luciano Muratore\Documents\ChordSeqAI\caches\9.3.0\transforms\a78b51ee39da692c8cac0a0a8b7cc29e)
2026-03-30T18:25:03.186+0200 [DEBUG] [org.gradle.cache.internal.DefaultFileLockManager] Releasing lock on cache directory a78b51ee39da692c8cac0a0a8b7cc29e (C:\Users\Luciano Muratore\Documents\ChordSeqAI\caches\9.3.0\transforms\a78b51ee39da692c8cac0a0a8b7cc29e).
2026-03-30T18:25:03.186+0200 [DEBUG] [org.gradle.cache.internal.LockOnDemandCrossProcessCacheAccess] Releasing file lock for cache directory b7ac94a5553d2e230a800db5431f2dbf (C:\Users\Luciano Muratore\Documents\ChordSeqAI\caches\9.3.0\transforms\b7ac94a5553d2e230a800db5431f2dbf)
2026-03-30T18:25:03.186+0200 [DEBUG] [org.gradle.cache.internal.DefaultFileLockManager] Releasing lock on cache directory b7ac94a5553d2e230a800db5431f2dbf (C:\Users\Luciano Muratore\Documents\ChordSeqAI\caches\9.3.0\transforms\b7ac94a5553d2e230a800db5431f2dbf).
2026-03-30T18:25:03.187+0200 [DEBUG] [org.gradle.cache.internal.LockOnDemandCrossProcessCacheAccess] Releasing file lock for cache directory 5553d5f99bfa702b02da0ef37f607239 (C:\Users\Luciano Muratore\Documents\ChordSeqAI\caches\9.3.0\transforms\5553d5f99bfa702b02da0ef37f607239)
2026-03-30T18:25:03.187+0200 [DEBUG] [org.gradle.cache.internal.DefaultFileLockManager] Releasing lock on cache directory 5553d5f99bfa702b02da0ef37f607239 (C:\Users\Luciano Muratore\Documents\ChordSeqAI\caches\9.3.0\transforms\5553d5f99bfa702b02da0ef37f607239).
2026-03-30T18:25:03.187+0200 [DEBUG] [org.gradle.cache.internal.LockOnDemandCrossProcessCacheAccess] Releasing file lock for cache directory 42632b91830e1ef570761d01a3383ce4 (C:\Users\Luciano Muratore\Documents\ChordSeqAI\caches\9.3.0\transforms\42632b91830e1ef570761d01a3383ce4)
2026-03-30T18:25:03.187+0200 [DEBUG] [org.gradle.cache.internal.DefaultFileLockManager] Releasing lock on cache directory 42632b91830e1ef570761d01a3383ce4 (C:\Users\Luciano Muratore\Documents\ChordSeqAI\caches\9.3.0\transforms\42632b91830e1ef570761d01a3383ce4).
2026-03-30T18:25:03.188+0200 [DEBUG] [org.gradle.cache.internal.LockOnDemandCrossProcessCacheAccess] Releasing file lock for cache directory 786ef2fcd9d72eddc16d3936ea197770 (C:\Users\Luciano Muratore\Documents\ChordSeqAI\caches\9.3.0\transforms\786ef2fcd9d72eddc16d3936ea197770)
2026-03-30T18:25:03.188+0200 [DEBUG] [org.gradle.cache.internal.DefaultFileLockManager] Releasing lock on cache directory 786ef2fcd9d72eddc16d3936ea197770 (C:\Users\Luciano Muratore\Documents\ChordSeqAI\caches\9.3.0\transforms\786ef2fcd9d72eddc16d3936ea197770).
2026-03-30T18:25:03.188+0200 [DEBUG] [org.gradle.cache.internal.LockOnDemandCrossProcessCacheAccess] Releasing file lock for cache directory 7c91ee9946dc35327cb7fa3817cec2c2 (C:\Users\Luciano Muratore\Documents\ChordSeqAI\caches\9.3.0\transforms\7c91ee9946dc35327cb7fa3817cec2c2)
2026-03-30T18:25:03.188+0200 [DEBUG] [org.gradle.cache.internal.DefaultFileLockManager] Releasing lock on cache directory 7c91ee9946dc35327cb7fa3817cec2c2 (C:\Users\Luciano Muratore\Documents\ChordSeqAI\caches\9.3.0\transforms\7c91ee9946dc35327cb7fa3817cec2c2).
2026-03-30T18:25:03.189+0200 [DEBUG] [org.gradle.cache.internal.LockOnDemandCrossProcessCacheAccess] Releasing file lock for cache directory a1f6fcd22172b9bd4d63fa2cb33806a6 (C:\Users\Luciano Muratore\Documents\ChordSeqAI\caches\9.3.0\transforms\a1f6fcd22172b9bd4d63fa2cb33806a6)
2026-03-30T18:25:03.189+0200 [DEBUG] [org.gradle.cache.internal.DefaultFileLockManager] Releasing lock on cache directory a1f6fcd22172b9bd4d63fa2cb33806a6 (C:\Users\Luciano Muratore\Documents\ChordSeqAI\caches\9.3.0\transforms\a1f6fcd22172b9bd4d63fa2cb33806a6).
2026-03-30T18:25:03.189+0200 [DEBUG] [org.gradle.cache.internal.LockOnDemandCrossProcessCacheAccess] Releasing file lock for cache directory d9822a8e9c4a19c90a67add1110122d4 (C:\Users\Luciano Muratore\Documents\ChordSeqAI\caches\9.3.0\transforms\d9822a8e9c4a19c90a67add1110122d4)
2026-03-30T18:25:03.189+0200 [DEBUG] [org.gradle.cache.internal.DefaultFileLockManager] Releasing lock on cache directory d9822a8e9c4a19c90a67add1110122d4 (C:\Users\Luciano Muratore\Documents\ChordSeqAI\caches\9.3.0\transforms\d9822a8e9c4a19c90a67add1110122d4).
2026-03-30T18:25:03.190+0200 [DEBUG] [org.gradle.cache.internal.LockOnDemandCrossProcessCacheAccess] Releasing file lock for cache directory c78460f7759361d661a8c9a8ad88bf99 (C:\Users\Luciano Muratore\Documents\ChordSeqAI\caches\9.3.0\transforms\c78460f7759361d661a8c9a8ad88bf99)
2026-03-30T18:25:03.190+0200 [DEBUG] [org.gradle.cache.internal.DefaultFileLockManager] Releasing lock on cache directory c78460f7759361d661a8c9a8ad88bf99 (C:\Users\Luciano Muratore\Documents\ChordSeqAI\caches\9.3.0\transforms\c78460f7759361d661a8c9a8ad88bf99).
2026-03-30T18:25:03.190+0200 [DEBUG] [org.gradle.cache.internal.LockOnDemandCrossProcessCacheAccess] Releasing file lock for cache directory 69289bd73080d01ae483ed4ab1763e06 (C:\Users\Luciano Muratore\Documents\ChordSeqAI\caches\9.3.0\transforms\69289bd73080d01ae483ed4ab1763e06)
2026-03-30T18:25:03.190+0200 [DEBUG] [org.gradle.cache.internal.DefaultFileLockManager] Releasing lock on cache directory 69289bd73080d01ae483ed4ab1763e06 (C:\Users\Luciano Muratore\Documents\ChordSeqAI\caches\9.3.0\transforms\69289bd73080d01ae483ed4ab1763e06).
2026-03-30T18:25:03.191+0200 [DEBUG] [org.gradle.cache.internal.LockOnDemandCrossProcessCacheAccess] Releasing file lock for cache directory cb77c7a31ae1df7ee017811d2c8bde6e (C:\Users\Luciano Muratore\Documents\ChordSeqAI\caches\9.3.0\transforms\cb77c7a31ae1df7ee017811d2c8bde6e)
2026-03-30T18:25:03.191+0200 [DEBUG] [org.gradle.cache.internal.DefaultFileLockManager] Releasing lock on cache directory cb77c7a31ae1df7ee017811d2c8bde6e (C:\Users\Luciano Muratore\Documents\ChordSeqAI\caches\9.3.0\transforms\cb77c7a31ae1df7ee017811d2c8bde6e).
2026-03-30T18:25:03.192+0200 [DEBUG] [org.gradle.cache.internal.LockOnDemandCrossProcessCacheAccess] Releasing file lock for cache directory 349f2a503ca7244fc12dfdf063b62af4 (C:\Users\Luciano Muratore\Documents\ChordSeqAI\caches\9.3.0\transforms\349f2a503ca7244fc12dfdf063b62af4)
2026-03-30T18:25:03.192+0200 [DEBUG] [org.gradle.cache.internal.DefaultFileLockManager] Releasing lock on cache directory 349f2a503ca7244fc12dfdf063b62af4 (C:\Users\Luciano Muratore\Documents\ChordSeqAI\caches\9.3.0\transforms\349f2a503ca7244fc12dfdf063b62af4).
2026-03-30T18:25:03.192+0200 [DEBUG] [org.gradle.cache.internal.LockOnDemandCrossProcessCacheAccess] Releasing file lock for cache directory 15e125d6292f18c80d7c650f8495e3ec (C:\Users\Luciano Muratore\Documents\ChordSeqAI\caches\9.3.0\transforms\15e125d6292f18c80d7c650f8495e3ec)
2026-03-30T18:25:03.192+0200 [DEBUG] [org.gradle.cache.internal.DefaultFileLockManager] Releasing lock on cache directory 15e125d6292f18c80d7c650f8495e3ec (C:\Users\Luciano Muratore\Documents\ChordSeqAI\caches\9.3.0\transforms\15e125d6292f18c80d7c650f8495e3ec).
2026-03-30T18:25:03.193+0200 [DEBUG] [org.gradle.cache.internal.LockOnDemandCrossProcessCacheAccess] Releasing file lock for cache directory cb43d663148c92895e5ee9883246e2af (C:\Users\Luciano Muratore\Documents\ChordSeqAI\caches\9.3.0\transforms\cb43d663148c92895e5ee9883246e2af)
2026-03-30T18:25:03.193+0200 [DEBUG] [org.gradle.cache.internal.DefaultFileLockManager] Releasing lock on cache directory cb43d663148c92895e5ee9883246e2af (C:\Users\Luciano Muratore\Documents\ChordSeqAI\caches\9.3.0\transforms\cb43d663148c92895e5ee9883246e2af).
2026-03-30T18:25:03.193+0200 [DEBUG] [org.gradle.cache.internal.LockOnDemandCrossProcessCacheAccess] Releasing file lock for cache directory 7cc0765504972886df273e9578936043 (C:\Users\Luciano Muratore\Documents\ChordSeqAI\caches\9.3.0\transforms\7cc0765504972886df273e9578936043)
2026-03-30T18:25:03.193+0200 [DEBUG] [org.gradle.cache.internal.DefaultFileLockManager] Releasing lock on cache directory 7cc0765504972886df273e9578936043 (C:\Users\Luciano Muratore\Documents\ChordSeqAI\caches\9.3.0\transforms\7cc0765504972886df273e9578936043).
2026-03-30T18:25:03.194+0200 [DEBUG] [org.gradle.cache.internal.LockOnDemandCrossProcessCacheAccess] Releasing file lock for cache directory d12083e5f83fb55e0f5c965e89fef456 (C:\Users\Luciano Muratore\Documents\ChordSeqAI\caches\9.3.0\transforms\d12083e5f83fb55e0f5c965e89fef456)
2026-03-30T18:25:03.194+0200 [DEBUG] [org.gradle.cache.internal.DefaultFileLockManager] Releasing lock on cache directory d12083e5f83fb55e0f5c965e89fef456 (C:\Users\Luciano Muratore\Documents\ChordSeqAI\caches\9.3.0\transforms\d12083e5f83fb55e0f5c965e89fef456).
2026-03-30T18:25:03.195+0200 [DEBUG] [org.gradle.cache.internal.LockOnDemandCrossProcessCacheAccess] Releasing file lock for cache directory 97602424033c221f3834a87855602223 (C:\Users\Luciano Muratore\Documents\ChordSeqAI\caches\9.3.0\transforms\97602424033c221f3834a87855602223)
2026-03-30T18:25:03.195+0200 [DEBUG] [org.gradle.cache.internal.DefaultFileLockManager] Releasing lock on cache directory 97602424033c221f3834a87855602223 (C:\Users\Luciano Muratore\Documents\ChordSeqAI\caches\9.3.0\transforms\97602424033c221f3834a87855602223).
2026-03-30T18:25:03.195+0200 [DEBUG] [org.gradle.cache.internal.LockOnDemandCrossProcessCacheAccess] Releasing file lock for cache directory cfbbd19217a970307e21b5275cff1fd9 (C:\Users\Luciano Muratore\Documents\ChordSeqAI\caches\9.3.0\transforms\cfbbd19217a970307e21b5275cff1fd9)
2026-03-30T18:25:03.195+0200 [DEBUG] [org.gradle.cache.internal.DefaultFileLockManager] Releasing lock on cache directory cfbbd19217a970307e21b5275cff1fd9 (C:\Users\Luciano Muratore\Documents\ChordSeqAI\caches\9.3.0\transforms\cfbbd19217a970307e21b5275cff1fd9).
2026-03-30T18:25:03.195+0200 [DEBUG] [org.gradle.cache.internal.LockOnDemandCrossProcessCacheAccess] Releasing file lock for cache directory 87cc2327fbe8dd4fcac0521b7f06403f (C:\Users\Luciano Muratore\Documents\ChordSeqAI\caches\9.3.0\transforms\87cc2327fbe8dd4fcac0521b7f06403f)
2026-03-30T18:25:03.195+0200 [DEBUG] [org.gradle.cache.internal.DefaultFileLockManager] Releasing lock on cache directory 87cc2327fbe8dd4fcac0521b7f06403f (C:\Users\Luciano Muratore\Documents\ChordSeqAI\caches\9.3.0\transforms\87cc2327fbe8dd4fcac0521b7f06403f).
2026-03-30T18:25:03.196+0200 [DEBUG] [org.gradle.cache.internal.LockOnDemandCrossProcessCacheAccess] Releasing file lock for cache directory 40df94828d4cd625f91c8387d8510920 (C:\Users\Luciano Muratore\Documents\ChordSeqAI\caches\9.3.0\transforms\40df94828d4cd625f91c8387d8510920)
2026-03-30T18:25:03.196+0200 [DEBUG] [org.gradle.cache.internal.DefaultFileLockManager] Releasing lock on cache directory 40df94828d4cd625f91c8387d8510920 (C:\Users\Luciano Muratore\Documents\ChordSeqAI\caches\9.3.0\transforms\40df94828d4cd625f91c8387d8510920).
2026-03-30T18:25:03.196+0200 [DEBUG] [org.gradle.cache.internal.LockOnDemandCrossProcessCacheAccess] Releasing file lock for cache directory ad686d29032d4b48a90fab59b62887a7 (C:\Users\Luciano Muratore\Documents\ChordSeqAI\caches\9.3.0\transforms\ad686d29032d4b48a90fab59b62887a7)
2026-03-30T18:25:03.197+0200 [DEBUG] [org.gradle.cache.internal.DefaultFileLockManager] Releasing lock on cache directory ad686d29032d4b48a90fab59b62887a7 (C:\Users\Luciano Muratore\Documents\ChordSeqAI\caches\9.3.0\transforms\ad686d29032d4b48a90fab59b62887a7).
2026-03-30T18:25:03.197+0200 [DEBUG] [org.gradle.cache.internal.LockOnDemandCrossProcessCacheAccess] Releasing file lock for cache directory 8fe20fb0cb12606bb068dc751a9b9a39 (C:\Users\Luciano Muratore\Documents\ChordSeqAI\caches\9.3.0\transforms\8fe20fb0cb12606bb068dc751a9b9a39)
2026-03-30T18:25:03.197+0200 [DEBUG] [org.gradle.cache.internal.DefaultFileLockManager] Releasing lock on cache directory 8fe20fb0cb12606bb068dc751a9b9a39 (C:\Users\Luciano Muratore\Documents\ChordSeqAI\caches\9.3.0\transforms\8fe20fb0cb12606bb068dc751a9b9a39).
2026-03-30T18:25:03.197+0200 [DEBUG] [org.gradle.cache.internal.LockOnDemandCrossProcessCacheAccess] Releasing file lock for cache directory db41a3f33c3038290ef353f3f23c3d8a (C:\Users\Luciano Muratore\Documents\ChordSeqAI\caches\9.3.0\transforms\db41a3f33c3038290ef353f3f23c3d8a)
2026-03-30T18:25:03.198+0200 [DEBUG] [org.gradle.cache.internal.DefaultFileLockManager] Releasing lock on cache directory db41a3f33c3038290ef353f3f23c3d8a (C:\Users\Luciano Muratore\Documents\ChordSeqAI\caches\9.3.0\transforms\db41a3f33c3038290ef353f3f23c3d8a).
2026-03-30T18:25:03.199+0200 [DEBUG] [org.gradle.cache.internal.LockOnDemandCrossProcessCacheAccess] Releasing file lock for cache directory fc91aa480bc268f9ded3aa54ba3c1248 (C:\Users\Luciano Muratore\Documents\ChordSeqAI\caches\9.3.0\transforms\fc91aa480bc268f9ded3aa54ba3c1248)
2026-03-30T18:25:03.199+0200 [DEBUG] [org.gradle.cache.internal.DefaultFileLockManager] Releasing lock on cache directory fc91aa480bc268f9ded3aa54ba3c1248 (C:\Users\Luciano Muratore\Documents\ChordSeqAI\caches\9.3.0\transforms\fc91aa480bc268f9ded3aa54ba3c1248).
2026-03-30T18:25:03.199+0200 [DEBUG] [org.gradle.cache.internal.LockOnDemandCrossProcessCacheAccess] Releasing file lock for cache directory 22706b8e52e9dd3f3496d7d0dcd6cc35 (C:\Users\Luciano Muratore\Documents\ChordSeqAI\caches\9.3.0\transforms\22706b8e52e9dd3f3496d7d0dcd6cc35)
2026-03-30T18:25:03.200+0200 [DEBUG] [org.gradle.cache.internal.DefaultFileLockManager] Releasing lock on cache directory 22706b8e52e9dd3f3496d7d0dcd6cc35 (C:\Users\Luciano Muratore\Documents\ChordSeqAI\caches\9.3.0\transforms\22706b8e52e9dd3f3496d7d0dcd6cc35).
2026-03-30T18:25:03.200+0200 [DEBUG] [org.gradle.cache.internal.LockOnDemandCrossProcessCacheAccess] Releasing file lock for cache directory 5449f5bdd006227a248caf9b6f9e6272 (C:\Users\Luciano Muratore\Documents\ChordSeqAI\caches\9.3.0\transforms\5449f5bdd006227a248caf9b6f9e6272)
2026-03-30T18:25:03.200+0200 [DEBUG] [org.gradle.cache.internal.DefaultFileLockManager] Releasing lock on cache directory 5449f5bdd006227a248caf9b6f9e6272 (C:\Users\Luciano Muratore\Documents\ChordSeqAI\caches\9.3.0\transforms\5449f5bdd006227a248caf9b6f9e6272).
2026-03-30T18:25:03.200+0200 [DEBUG] [org.gradle.cache.internal.LockOnDemandCrossProcessCacheAccess] Releasing file lock for cache directory 2b105f4245127127e852ea33862f64e6 (C:\Users\Luciano Muratore\Documents\ChordSeqAI\caches\9.3.0\transforms\2b105f4245127127e852ea33862f64e6)
2026-03-30T18:25:03.200+0200 [DEBUG] [org.gradle.cache.internal.DefaultFileLockManager] Releasing lock on cache directory 2b105f4245127127e852ea33862f64e6 (C:\Users\Luciano Muratore\Documents\ChordSeqAI\caches\9.3.0\transforms\2b105f4245127127e852ea33862f64e6).
2026-03-30T18:25:03.201+0200 [DEBUG] [org.gradle.cache.internal.LockOnDemandCrossProcessCacheAccess] Releasing file lock for cache directory 5b2c23948b15b94fa36cd63869ee8ab5 (C:\Users\Luciano Muratore\Documents\ChordSeqAI\caches\9.3.0\transforms\5b2c23948b15b94fa36cd63869ee8ab5)
2026-03-30T18:25:03.201+0200 [DEBUG] [org.gradle.cache.internal.DefaultFileLockManager] Releasing lock on cache directory 5b2c23948b15b94fa36cd63869ee8ab5 (C:\Users\Luciano Muratore\Documents\ChordSeqAI\caches\9.3.0\transforms\5b2c23948b15b94fa36cd63869ee8ab5).
2026-03-30T18:25:03.201+0200 [DEBUG] [org.gradle.cache.internal.LockOnDemandCrossProcessCacheAccess] Releasing file lock for cache directory 5d8728a1a0d1670e2e023123472937a8 (C:\Users\Luciano Muratore\Documents\ChordSeqAI\caches\9.3.0\transforms\5d8728a1a0d1670e2e023123472937a8)
2026-03-30T18:25:03.202+0200 [DEBUG] [org.gradle.cache.internal.DefaultFileLockManager] Releasing lock on cache directory 5d8728a1a0d1670e2e023123472937a8 (C:\Users\Luciano Muratore\Documents\ChordSeqAI\caches\9.3.0\transforms\5d8728a1a0d1670e2e023123472937a8).
2026-03-30T18:25:03.203+0200 [DEBUG] [org.gradle.cache.internal.LockOnDemandCrossProcessCacheAccess] Releasing file lock for cache directory 0ead86d6934a0760345db3596e19be79 (C:\Users\Luciano Muratore\Documents\ChordSeqAI\caches\9.3.0\transforms\0ead86d6934a0760345db3596e19be79)
2026-03-30T18:25:03.203+0200 [DEBUG] [org.gradle.cache.internal.DefaultFileLockManager] Releasing lock on cache directory 0ead86d6934a0760345db3596e19be79 (C:\Users\Luciano Muratore\Documents\ChordSeqAI\caches\9.3.0\transforms\0ead86d6934a0760345db3596e19be79).
2026-03-30T18:25:03.203+0200 [DEBUG] [org.gradle.cache.internal.LockOnDemandCrossProcessCacheAccess] Releasing file lock for cache directory 79da3b01c2279cc39c6656646251b846 (C:\Users\Luciano Muratore\Documents\ChordSeqAI\caches\9.3.0\transforms\79da3b01c2279cc39c6656646251b846)
2026-03-30T18:25:03.203+0200 [DEBUG] [org.gradle.cache.internal.DefaultFileLockManager] Releasing lock on cache directory 79da3b01c2279cc39c6656646251b846 (C:\Users\Luciano Muratore\Documents\ChordSeqAI\caches\9.3.0\transforms\79da3b01c2279cc39c6656646251b846).
2026-03-30T18:25:03.204+0200 [DEBUG] [org.gradle.cache.internal.LockOnDemandCrossProcessCacheAccess] Releasing file lock for cache directory ded654729c527786d88702632684cf31 (C:\Users\Luciano Muratore\Documents\ChordSeqAI\caches\9.3.0\transforms\ded654729c527786d88702632684cf31)
2026-03-30T18:25:03.204+0200 [DEBUG] [org.gradle.cache.internal.DefaultFileLockManager] Releasing lock on cache directory ded654729c527786d88702632684cf31 (C:\Users\Luciano Muratore\Documents\ChordSeqAI\caches\9.3.0\transforms\ded654729c527786d88702632684cf31).
2026-03-30T18:25:03.204+0200 [DEBUG] [org.gradle.cache.internal.LockOnDemandCrossProcessCacheAccess] Releasing file lock for cache directory 753ec5bf0c41291206bd8b2528db5cca (C:\Users\Luciano Muratore\Documents\ChordSeqAI\caches\9.3.0\transforms\753ec5bf0c41291206bd8b2528db5cca)
2026-03-30T18:25:03.204+0200 [DEBUG] [org.gradle.cache.internal.DefaultFileLockManager] Releasing lock on cache directory 753ec5bf0c41291206bd8b2528db5cca (C:\Users\Luciano Muratore\Documents\ChordSeqAI\caches\9.3.0\transforms\753ec5bf0c41291206bd8b2528db5cca).
2026-03-30T18:25:03.206+0200 [DEBUG] [org.gradle.cache.internal.LockOnDemandCrossProcessCacheAccess] Releasing file lock for cache directory ec5fab20f21013cb385908cd15b638d1 (C:\Users\Luciano Muratore\Documents\ChordSeqAI\caches\9.3.0\transforms\ec5fab20f21013cb385908cd15b638d1)
2026-03-30T18:25:03.206+0200 [DEBUG] [org.gradle.cache.internal.DefaultFileLockManager] Releasing lock on cache directory ec5fab20f21013cb385908cd15b638d1 (C:\Users\Luciano Muratore\Documents\ChordSeqAI\caches\9.3.0\transforms\ec5fab20f21013cb385908cd15b638d1).
2026-03-30T18:25:03.206+0200 [DEBUG] [org.gradle.cache.internal.LockOnDemandCrossProcessCacheAccess] Releasing file lock for cache directory 052f3a88f163c327a34ca751a1dd8197 (C:\Users\Luciano Muratore\Documents\ChordSeqAI\caches\9.3.0\transforms\052f3a88f163c327a34ca751a1dd8197)
2026-03-30T18:25:03.207+0200 [DEBUG] [org.gradle.cache.internal.DefaultFileLockManager] Releasing lock on cache directory 052f3a88f163c327a34ca751a1dd8197 (C:\Users\Luciano Muratore\Documents\ChordSeqAI\caches\9.3.0\transforms\052f3a88f163c327a34ca751a1dd8197).
2026-03-30T18:25:03.207+0200 [DEBUG] [org.gradle.cache.internal.LockOnDemandCrossProcessCacheAccess] Releasing file lock for cache directory 7b2774e1291c2d7d1d193ee621a1d569 (C:\Users\Luciano Muratore\Documents\ChordSeqAI\caches\9.3.0\transforms\7b2774e1291c2d7d1d193ee621a1d569)
2026-03-30T18:25:03.207+0200 [DEBUG] [org.gradle.cache.internal.DefaultFileLockManager] Releasing lock on cache directory 7b2774e1291c2d7d1d193ee621a1d569 (C:\Users\Luciano Muratore\Documents\ChordSeqAI\caches\9.3.0\transforms\7b2774e1291c2d7d1d193ee621a1d569).
2026-03-30T18:25:03.208+0200 [DEBUG] [org.gradle.cache.internal.LockOnDemandCrossProcessCacheAccess] Releasing file lock for cache directory 30912f8e7675d1d3c60c40d4fd997d1e (C:\Users\Luciano Muratore\Documents\ChordSeqAI\caches\9.3.0\transforms\30912f8e7675d1d3c60c40d4fd997d1e)
2026-03-30T18:25:03.208+0200 [DEBUG] [org.gradle.cache.internal.DefaultFileLockManager] Releasing lock on cache directory 30912f8e7675d1d3c60c40d4fd997d1e (C:\Users\Luciano Muratore\Documents\ChordSeqAI\caches\9.3.0\transforms\30912f8e7675d1d3c60c40d4fd997d1e).
2026-03-30T18:25:03.208+0200 [DEBUG] [org.gradle.cache.internal.LockOnDemandCrossProcessCacheAccess] Releasing file lock for cache directory a2a2b030c9cc431246eae1393867b57c (C:\Users\Luciano Muratore\Documents\ChordSeqAI\caches\9.3.0\transforms\a2a2b030c9cc431246eae1393867b57c)
2026-03-30T18:25:03.208+0200 [DEBUG] [org.gradle.cache.internal.DefaultFileLockManager] Releasing lock on cache directory a2a2b030c9cc431246eae1393867b57c (C:\Users\Luciano Muratore\Documents\ChordSeqAI\caches\9.3.0\transforms\a2a2b030c9cc431246eae1393867b57c).
2026-03-30T18:25:03.208+0200 [DEBUG] [org.gradle.cache.internal.LockOnDemandCrossProcessCacheAccess] Releasing file lock for cache directory 7d195aab8c4e51739da03574d64fe1e6 (C:\Users\Luciano Muratore\Documents\ChordSeqAI\caches\9.3.0\transforms\7d195aab8c4e51739da03574d64fe1e6)
2026-03-30T18:25:03.208+0200 [DEBUG] [org.gradle.cache.internal.DefaultFileLockManager] Releasing lock on cache directory 7d195aab8c4e51739da03574d64fe1e6 (C:\Users\Luciano Muratore\Documents\ChordSeqAI\caches\9.3.0\transforms\7d195aab8c4e51739da03574d64fe1e6).
2026-03-30T18:25:03.209+0200 [DEBUG] [org.gradle.cache.internal.LockOnDemandCrossProcessCacheAccess] Releasing file lock for cache directory 73c732f816b1c0d5707a91177524eb5d (C:\Users\Luciano Muratore\Documents\ChordSeqAI\caches\9.3.0\transforms\73c732f816b1c0d5707a91177524eb5d)
2026-03-30T18:25:03.209+0200 [DEBUG] [org.gradle.cache.internal.DefaultFileLockManager] Releasing lock on cache directory 73c732f816b1c0d5707a91177524eb5d (C:\Users\Luciano Muratore\Documents\ChordSeqAI\caches\9.3.0\transforms\73c732f816b1c0d5707a91177524eb5d).
2026-03-30T18:25:03.209+0200 [DEBUG] [org.gradle.cache.internal.LockOnDemandCrossProcessCacheAccess] Releasing file lock for cache directory 57f1e312987ade551225e9dac3202b2f (C:\Users\Luciano Muratore\Documents\ChordSeqAI\caches\9.3.0\transforms\57f1e312987ade551225e9dac3202b2f)
2026-03-30T18:25:03.209+0200 [DEBUG] [org.gradle.cache.internal.DefaultFileLockManager] Releasing lock on cache directory 57f1e312987ade551225e9dac3202b2f (C:\Users\Luciano Muratore\Documents\ChordSeqAI\caches\9.3.0\transforms\57f1e312987ade551225e9dac3202b2f).
2026-03-30T18:25:03.210+0200 [DEBUG] [org.gradle.cache.internal.LockOnDemandCrossProcessCacheAccess] Releasing file lock for cache directory 68876d033fd3bf5c0ad8656110136959 (C:\Users\Luciano Muratore\Documents\ChordSeqAI\caches\9.3.0\transforms\68876d033fd3bf5c0ad8656110136959)
2026-03-30T18:25:03.210+0200 [DEBUG] [org.gradle.cache.internal.DefaultFileLockManager] Releasing lock on cache directory 68876d033fd3bf5c0ad8656110136959 (C:\Users\Luciano Muratore\Documents\ChordSeqAI\caches\9.3.0\transforms\68876d033fd3bf5c0ad8656110136959).
2026-03-30T18:25:03.211+0200 [DEBUG] [org.gradle.cache.internal.LockOnDemandCrossProcessCacheAccess] Releasing file lock for cache directory 22cc21294b0c3c330c59bd4d83e03bd0 (C:\Users\Luciano Muratore\Documents\ChordSeqAI\caches\9.3.0\transforms\22cc21294b0c3c330c59bd4d83e03bd0)
2026-03-30T18:25:03.211+0200 [DEBUG] [org.gradle.cache.internal.DefaultFileLockManager] Releasing lock on cache directory 22cc21294b0c3c330c59bd4d83e03bd0 (C:\Users\Luciano Muratore\Documents\ChordSeqAI\caches\9.3.0\transforms\22cc21294b0c3c330c59bd4d83e03bd0).
2026-03-30T18:25:03.212+0200 [DEBUG] [org.gradle.cache.internal.LockOnDemandCrossProcessCacheAccess] Releasing file lock for cache directory 03a91dadcfbcd27706c6d44fecdc3e8e (C:\Users\Luciano Muratore\Documents\ChordSeqAI\caches\9.3.0\transforms\03a91dadcfbcd27706c6d44fecdc3e8e)
2026-03-30T18:25:03.212+0200 [DEBUG] [org.gradle.cache.internal.DefaultFileLockManager] Releasing lock on cache directory 03a91dadcfbcd27706c6d44fecdc3e8e (C:\Users\Luciano Muratore\Documents\ChordSeqAI\caches\9.3.0\transforms\03a91dadcfbcd27706c6d44fecdc3e8e).
2026-03-30T18:25:03.212+0200 [DEBUG] [org.gradle.cache.internal.LockOnDemandCrossProcessCacheAccess] Releasing file lock for cache directory 4549e1b7d5cec3041c2d5d497f634727 (C:\Users\Luciano Muratore\Documents\ChordSeqAI\caches\9.3.0\transforms\4549e1b7d5cec3041c2d5d497f634727)
2026-03-30T18:25:03.213+0200 [DEBUG] [org.gradle.cache.internal.DefaultFileLockManager] Releasing lock on cache directory 4549e1b7d5cec3041c2d5d497f634727 (C:\Users\Luciano Muratore\Documents\ChordSeqAI\caches\9.3.0\transforms\4549e1b7d5cec3041c2d5d497f634727).
2026-03-30T18:25:03.213+0200 [DEBUG] [org.gradle.cache.internal.LockOnDemandCrossProcessCacheAccess] Releasing file lock for cache directory be611bdb1072a672f0eed082c8699736 (C:\Users\Luciano Muratore\Documents\ChordSeqAI\caches\9.3.0\transforms\be611bdb1072a672f0eed082c8699736)
2026-03-30T18:25:03.213+0200 [DEBUG] [org.gradle.cache.internal.DefaultFileLockManager] Releasing lock on cache directory be611bdb1072a672f0eed082c8699736 (C:\Users\Luciano Muratore\Documents\ChordSeqAI\caches\9.3.0\transforms\be611bdb1072a672f0eed082c8699736).
2026-03-30T18:25:03.214+0200 [DEBUG] [org.gradle.cache.internal.LockOnDemandCrossProcessCacheAccess] Releasing file lock for cache directory d83f343b8b98db5821cfb101c50c5d91 (C:\Users\Luciano Muratore\Documents\ChordSeqAI\caches\9.3.0\transforms\d83f343b8b98db5821cfb101c50c5d91)
2026-03-30T18:25:03.214+0200 [DEBUG] [org.gradle.cache.internal.DefaultFileLockManager] Releasing lock on cache directory d83f343b8b98db5821cfb101c50c5d91 (C:\Users\Luciano Muratore\Documents\ChordSeqAI\caches\9.3.0\transforms\d83f343b8b98db5821cfb101c50c5d91).
2026-03-30T18:25:03.215+0200 [DEBUG] [org.gradle.cache.internal.LockOnDemandCrossProcessCacheAccess] Releasing file lock for cache directory 2ad4b7071d64b3a1f0054c24e1e72ee4 (C:\Users\Luciano Muratore\Documents\ChordSeqAI\caches\9.3.0\transforms\2ad4b7071d64b3a1f0054c24e1e72ee4)
2026-03-30T18:25:03.215+0200 [DEBUG] [org.gradle.cache.internal.DefaultFileLockManager] Releasing lock on cache directory 2ad4b7071d64b3a1f0054c24e1e72ee4 (C:\Users\Luciano Muratore\Documents\ChordSeqAI\caches\9.3.0\transforms\2ad4b7071d64b3a1f0054c24e1e72ee4).
2026-03-30T18:25:03.215+0200 [DEBUG] [org.gradle.cache.internal.LockOnDemandCrossProcessCacheAccess] Releasing file lock for cache directory 8431bc91d08776d94ef0269f09a6e44f (C:\Users\Luciano Muratore\Documents\ChordSeqAI\caches\9.3.0\transforms\8431bc91d08776d94ef0269f09a6e44f)
2026-03-30T18:25:03.215+0200 [DEBUG] [org.gradle.cache.internal.DefaultFileLockManager] Releasing lock on cache directory 8431bc91d08776d94ef0269f09a6e44f (C:\Users\Luciano Muratore\Documents\ChordSeqAI\caches\9.3.0\transforms\8431bc91d08776d94ef0269f09a6e44f).
2026-03-30T18:25:03.216+0200 [DEBUG] [org.gradle.cache.internal.LockOnDemandCrossProcessCacheAccess] Releasing file lock for cache directory a0a16e3e87c05e862f07ec8811e1a3b0 (C:\Users\Luciano Muratore\Documents\ChordSeqAI\caches\9.3.0\transforms\a0a16e3e87c05e862f07ec8811e1a3b0)
2026-03-30T18:25:03.216+0200 [DEBUG] [org.gradle.cache.internal.DefaultFileLockManager] Releasing lock on cache directory a0a16e3e87c05e862f07ec8811e1a3b0 (C:\Users\Luciano Muratore\Documents\ChordSeqAI\caches\9.3.0\transforms\a0a16e3e87c05e862f07ec8811e1a3b0).
2026-03-30T18:25:03.216+0200 [DEBUG] [org.gradle.cache.internal.LockOnDemandCrossProcessCacheAccess] Releasing file lock for cache directory b180b70b4b697976f2d58364fe1935df (C:\Users\Luciano Muratore\Documents\ChordSeqAI\caches\9.3.0\transforms\b180b70b4b697976f2d58364fe1935df)
2026-03-30T18:25:03.216+0200 [DEBUG] [org.gradle.cache.internal.DefaultFileLockManager] Releasing lock on cache directory b180b70b4b697976f2d58364fe1935df (C:\Users\Luciano Muratore\Documents\ChordSeqAI\caches\9.3.0\transforms\b180b70b4b697976f2d58364fe1935df).
2026-03-30T18:25:03.217+0200 [DEBUG] [org.gradle.cache.internal.LockOnDemandCrossProcessCacheAccess] Releasing file lock for cache directory ae42c49b6dcdb85fd25c9a0c5dda1cdb (C:\Users\Luciano Muratore\Documents\ChordSeqAI\caches\9.3.0\transforms\ae42c49b6dcdb85fd25c9a0c5dda1cdb)
2026-03-30T18:25:03.217+0200 [DEBUG] [org.gradle.cache.internal.DefaultFileLockManager] Releasing lock on cache directory ae42c49b6dcdb85fd25c9a0c5dda1cdb (C:\Users\Luciano Muratore\Documents\ChordSeqAI\caches\9.3.0\transforms\ae42c49b6dcdb85fd25c9a0c5dda1cdb).
2026-03-30T18:25:03.217+0200 [DEBUG] [org.gradle.cache.internal.LockOnDemandCrossProcessCacheAccess] Releasing file lock for cache directory 482ef4d3cdc1102613479f186ad400d6 (C:\Users\Luciano Muratore\Documents\ChordSeqAI\caches\9.3.0\transforms\482ef4d3cdc1102613479f186ad400d6)
2026-03-30T18:25:03.217+0200 [DEBUG] [org.gradle.cache.internal.DefaultFileLockManager] Releasing lock on cache directory 482ef4d3cdc1102613479f186ad400d6 (C:\Users\Luciano Muratore\Documents\ChordSeqAI\caches\9.3.0\transforms\482ef4d3cdc1102613479f186ad400d6).
2026-03-30T18:25:03.217+0200 [DEBUG] [org.gradle.cache.internal.LockOnDemandCrossProcessCacheAccess] Releasing file lock for cache directory 0b938f9f4bcb8f9a37702d803fbcdf7c (C:\Users\Luciano Muratore\Documents\ChordSeqAI\caches\9.3.0\transforms\0b938f9f4bcb8f9a37702d803fbcdf7c)
2026-03-30T18:25:03.218+0200 [DEBUG] [org.gradle.cache.internal.DefaultFileLockManager] Releasing lock on cache directory 0b938f9f4bcb8f9a37702d803fbcdf7c (C:\Users\Luciano Muratore\Documents\ChordSeqAI\caches\9.3.0\transforms\0b938f9f4bcb8f9a37702d803fbcdf7c).
2026-03-30T18:25:03.218+0200 [DEBUG] [org.gradle.cache.internal.LockOnDemandCrossProcessCacheAccess] Releasing file lock for cache directory 18b84b5e17007ec58e3ee41c781b9543 (C:\Users\Luciano Muratore\Documents\ChordSeqAI\caches\9.3.0\transforms\18b84b5e17007ec58e3ee41c781b9543)
2026-03-30T18:25:03.218+0200 [DEBUG] [org.gradle.cache.internal.DefaultFileLockManager] Releasing lock on cache directory 18b84b5e17007ec58e3ee41c781b9543 (C:\Users\Luciano Muratore\Documents\ChordSeqAI\caches\9.3.0\transforms\18b84b5e17007ec58e3ee41c781b9543).
2026-03-30T18:25:03.219+0200 [DEBUG] [org.gradle.cache.internal.LockOnDemandCrossProcessCacheAccess] Releasing file lock for cache directory f5114fa41d427b5b9b1adfd458f44f6a (C:\Users\Luciano Muratore\Documents\ChordSeqAI\caches\9.3.0\transforms\f5114fa41d427b5b9b1adfd458f44f6a)
2026-03-30T18:25:03.219+0200 [DEBUG] [org.gradle.cache.internal.DefaultFileLockManager] Releasing lock on cache directory f5114fa41d427b5b9b1adfd458f44f6a (C:\Users\Luciano Muratore\Documents\ChordSeqAI\caches\9.3.0\transforms\f5114fa41d427b5b9b1adfd458f44f6a).
2026-03-30T18:25:03.220+0200 [DEBUG] [org.gradle.cache.internal.LockOnDemandCrossProcessCacheAccess] Releasing file lock for cache directory c4f6b4d491408e7ec67f2d4d66d3ebec (C:\Users\Luciano Muratore\Documents\ChordSeqAI\caches\9.3.0\transforms\c4f6b4d491408e7ec67f2d4d66d3ebec)
2026-03-30T18:25:03.220+0200 [DEBUG] [org.gradle.cache.internal.DefaultFileLockManager] Releasing lock on cache directory c4f6b4d491408e7ec67f2d4d66d3ebec (C:\Users\Luciano Muratore\Documents\ChordSeqAI\caches\9.3.0\transforms\c4f6b4d491408e7ec67f2d4d66d3ebec).
2026-03-30T18:25:03.222+0200 [DEBUG] [org.gradle.cache.internal.LockOnDemandCrossProcessCacheAccess] Releasing file lock for cache directory 495eb1e0812d7f9596c9304e078f5b7b (C:\Users\Luciano Muratore\Documents\ChordSeqAI\caches\9.3.0\transforms\495eb1e0812d7f9596c9304e078f5b7b)
2026-03-30T18:25:03.222+0200 [DEBUG] [org.gradle.cache.internal.DefaultFileLockManager] Releasing lock on cache directory 495eb1e0812d7f9596c9304e078f5b7b (C:\Users\Luciano Muratore\Documents\ChordSeqAI\caches\9.3.0\transforms\495eb1e0812d7f9596c9304e078f5b7b).
2026-03-30T18:25:03.223+0200 [DEBUG] [org.gradle.cache.internal.LockOnDemandCrossProcessCacheAccess] Releasing file lock for cache directory 78b19d0c049c4834e41df950fb2d03d7 (C:\Users\Luciano Muratore\Documents\ChordSeqAI\caches\9.3.0\transforms\78b19d0c049c4834e41df950fb2d03d7)
2026-03-30T18:25:03.223+0200 [DEBUG] [org.gradle.cache.internal.DefaultFileLockManager] Releasing lock on cache directory 78b19d0c049c4834e41df950fb2d03d7 (C:\Users\Luciano Muratore\Documents\ChordSeqAI\caches\9.3.0\transforms\78b19d0c049c4834e41df950fb2d03d7).
2026-03-30T18:25:03.223+0200 [DEBUG] [org.gradle.cache.internal.LockOnDemandCrossProcessCacheAccess] Releasing file lock for cache directory cf90291e2c1e18f0f64151f2c138f5ff (C:\Users\Luciano Muratore\Documents\ChordSeqAI\caches\9.3.0\transforms\cf90291e2c1e18f0f64151f2c138f5ff)
2026-03-30T18:25:03.223+0200 [DEBUG] [org.gradle.cache.internal.DefaultFileLockManager] Releasing lock on cache directory cf90291e2c1e18f0f64151f2c138f5ff (C:\Users\Luciano Muratore\Documents\ChordSeqAI\caches\9.3.0\transforms\cf90291e2c1e18f0f64151f2c138f5ff).
2026-03-30T18:25:03.224+0200 [DEBUG] [org.gradle.cache.internal.LockOnDemandCrossProcessCacheAccess] Releasing file lock for cache directory 6a439af0c52d0156f2af530abea37b8f (C:\Users\Luciano Muratore\Documents\ChordSeqAI\caches\9.3.0\transforms\6a439af0c52d0156f2af530abea37b8f)
2026-03-30T18:25:03.224+0200 [DEBUG] [org.gradle.cache.internal.DefaultFileLockManager] Releasing lock on cache directory 6a439af0c52d0156f2af530abea37b8f (C:\Users\Luciano Muratore\Documents\ChordSeqAI\caches\9.3.0\transforms\6a439af0c52d0156f2af530abea37b8f).
2026-03-30T18:25:03.224+0200 [DEBUG] [org.gradle.cache.internal.LockOnDemandCrossProcessCacheAccess] Releasing file lock for cache directory e2b27fa5842b1625119d8233dac96e78 (C:\Users\Luciano Muratore\Documents\ChordSeqAI\caches\9.3.0\transforms\e2b27fa5842b1625119d8233dac96e78)
2026-03-30T18:25:03.224+0200 [DEBUG] [org.gradle.cache.internal.DefaultFileLockManager] Releasing lock on cache directory e2b27fa5842b1625119d8233dac96e78 (C:\Users\Luciano Muratore\Documents\ChordSeqAI\caches\9.3.0\transforms\e2b27fa5842b1625119d8233dac96e78).
2026-03-30T18:25:03.224+0200 [DEBUG] [org.gradle.cache.internal.LockOnDemandCrossProcessCacheAccess] Releasing file lock for cache directory 100fb7d5f2c988a6b0405905a78ebc7c (C:\Users\Luciano Muratore\Documents\ChordSeqAI\caches\9.3.0\transforms\100fb7d5f2c988a6b0405905a78ebc7c)
2026-03-30T18:25:03.224+0200 [DEBUG] [org.gradle.cache.internal.DefaultFileLockManager] Releasing lock on cache directory 100fb7d5f2c988a6b0405905a78ebc7c (C:\Users\Luciano Muratore\Documents\ChordSeqAI\caches\9.3.0\transforms\100fb7d5f2c988a6b0405905a78ebc7c).
2026-03-30T18:25:03.225+0200 [DEBUG] [org.gradle.cache.internal.LockOnDemandCrossProcessCacheAccess] Releasing file lock for cache directory 9e217f257ec35119e2e457b74da40bb0 (C:\Users\Luciano Muratore\Documents\ChordSeqAI\caches\9.3.0\transforms\9e217f257ec35119e2e457b74da40bb0)
2026-03-30T18:25:03.225+0200 [DEBUG] [org.gradle.cache.internal.DefaultFileLockManager] Releasing lock on cache directory 9e217f257ec35119e2e457b74da40bb0 (C:\Users\Luciano Muratore\Documents\ChordSeqAI\caches\9.3.0\transforms\9e217f257ec35119e2e457b74da40bb0).
2026-03-30T18:25:03.225+0200 [DEBUG] [org.gradle.cache.internal.LockOnDemandCrossProcessCacheAccess] Releasing file lock for cache directory 39f3f4baded5b4005c465c353389f244 (C:\Users\Luciano Muratore\Documents\ChordSeqAI\caches\9.3.0\transforms\39f3f4baded5b4005c465c353389f244)
2026-03-30T18:25:03.225+0200 [DEBUG] [org.gradle.cache.internal.DefaultFileLockManager] Releasing lock on cache directory 39f3f4baded5b4005c465c353389f244 (C:\Users\Luciano Muratore\Documents\ChordSeqAI\caches\9.3.0\transforms\39f3f4baded5b4005c465c353389f244).
2026-03-30T18:25:03.226+0200 [DEBUG] [org.gradle.cache.internal.LockOnDemandCrossProcessCacheAccess] Releasing file lock for cache directory 960517c6dec36a82062c7b52423c275b (C:\Users\Luciano Muratore\Documents\ChordSeqAI\caches\9.3.0\transforms\960517c6dec36a82062c7b52423c275b)
2026-03-30T18:25:03.226+0200 [DEBUG] [org.gradle.cache.internal.DefaultFileLockManager] Releasing lock on cache directory 960517c6dec36a82062c7b52423c275b (C:\Users\Luciano Muratore\Documents\ChordSeqAI\caches\9.3.0\transforms\960517c6dec36a82062c7b52423c275b).
2026-03-30T18:25:03.226+0200 [DEBUG] [org.gradle.cache.internal.LockOnDemandCrossProcessCacheAccess] Releasing file lock for cache directory e1e075d2f42d2a29308e3ccc9691e35d (C:\Users\Luciano Muratore\Documents\ChordSeqAI\caches\9.3.0\transforms\e1e075d2f42d2a29308e3ccc9691e35d)
2026-03-30T18:25:03.227+0200 [DEBUG] [org.gradle.cache.internal.DefaultFileLockManager] Releasing lock on cache directory e1e075d2f42d2a29308e3ccc9691e35d (C:\Users\Luciano Muratore\Documents\ChordSeqAI\caches\9.3.0\transforms\e1e075d2f42d2a29308e3ccc9691e35d).
2026-03-30T18:25:03.227+0200 [DEBUG] [org.gradle.cache.internal.LockOnDemandCrossProcessCacheAccess] Releasing file lock for cache directory e88fe2f7c3cc6f19e2b74d5a498fc693 (C:\Users\Luciano Muratore\Documents\ChordSeqAI\caches\9.3.0\transforms\e88fe2f7c3cc6f19e2b74d5a498fc693)
2026-03-30T18:25:03.227+0200 [DEBUG] [org.gradle.cache.internal.DefaultFileLockManager] Releasing lock on cache directory e88fe2f7c3cc6f19e2b74d5a498fc693 (C:\Users\Luciano Muratore\Documents\ChordSeqAI\caches\9.3.0\transforms\e88fe2f7c3cc6f19e2b74d5a498fc693).
2026-03-30T18:25:03.228+0200 [DEBUG] [org.gradle.cache.internal.LockOnDemandCrossProcessCacheAccess] Releasing file lock for cache directory a0d9b071d5849b31d46407769b45cc9b (C:\Users\Luciano Muratore\Documents\ChordSeqAI\caches\9.3.0\transforms\a0d9b071d5849b31d46407769b45cc9b)
2026-03-30T18:25:03.228+0200 [DEBUG] [org.gradle.cache.internal.DefaultFileLockManager] Releasing lock on cache directory a0d9b071d5849b31d46407769b45cc9b (C:\Users\Luciano Muratore\Documents\ChordSeqAI\caches\9.3.0\transforms\a0d9b071d5849b31d46407769b45cc9b).
2026-03-30T18:25:03.228+0200 [DEBUG] [org.gradle.cache.internal.LockOnDemandCrossProcessCacheAccess] Releasing file lock for cache directory 2b99d304f5eed219c4cd29a6a6319361 (C:\Users\Luciano Muratore\Documents\ChordSeqAI\caches\9.3.0\transforms\2b99d304f5eed219c4cd29a6a6319361)
2026-03-30T18:25:03.228+0200 [DEBUG] [org.gradle.cache.internal.DefaultFileLockManager] Releasing lock on cache directory 2b99d304f5eed219c4cd29a6a6319361 (C:\Users\Luciano Muratore\Documents\ChordSeqAI\caches\9.3.0\transforms\2b99d304f5eed219c4cd29a6a6319361).
2026-03-30T18:25:03.229+0200 [DEBUG] [org.gradle.cache.internal.LockOnDemandCrossProcessCacheAccess] Releasing file lock for cache directory 979a131131896fdc2f07587b8e81ba55 (C:\Users\Luciano Muratore\Documents\ChordSeqAI\caches\9.3.0\transforms\979a131131896fdc2f07587b8e81ba55)
2026-03-30T18:25:03.229+0200 [DEBUG] [org.gradle.cache.internal.DefaultFileLockManager] Releasing lock on cache directory 979a131131896fdc2f07587b8e81ba55 (C:\Users\Luciano Muratore\Documents\ChordSeqAI\caches\9.3.0\transforms\979a131131896fdc2f07587b8e81ba55).
2026-03-30T18:25:03.229+0200 [DEBUG] [org.gradle.cache.internal.LockOnDemandCrossProcessCacheAccess] Releasing file lock for cache directory 822e03dd2fdc22f33fe8f1909ff14c2f (C:\Users\Luciano Muratore\Documents\ChordSeqAI\caches\9.3.0\transforms\822e03dd2fdc22f33fe8f1909ff14c2f)
2026-03-30T18:25:03.229+0200 [DEBUG] [org.gradle.cache.internal.DefaultFileLockManager] Releasing lock on cache directory 822e03dd2fdc22f33fe8f1909ff14c2f (C:\Users\Luciano Muratore\Documents\ChordSeqAI\caches\9.3.0\transforms\822e03dd2fdc22f33fe8f1909ff14c2f).
2026-03-30T18:25:03.229+0200 [DEBUG] [org.gradle.cache.internal.LockOnDemandCrossProcessCacheAccess] Releasing file lock for cache directory 78b92ef6257223bdaa9a38de4bf5aa91 (C:\Users\Luciano Muratore\Documents\ChordSeqAI\caches\9.3.0\transforms\78b92ef6257223bdaa9a38de4bf5aa91)
2026-03-30T18:25:03.230+0200 [DEBUG] [org.gradle.cache.internal.DefaultFileLockManager] Releasing lock on cache directory 78b92ef6257223bdaa9a38de4bf5aa91 (C:\Users\Luciano Muratore\Documents\ChordSeqAI\caches\9.3.0\transforms\78b92ef6257223bdaa9a38de4bf5aa91).
2026-03-30T18:25:03.230+0200 [DEBUG] [org.gradle.cache.internal.LockOnDemandCrossProcessCacheAccess] Releasing file lock for cache directory 34893b56c0d16a7630a737f59312f164 (C:\Users\Luciano Muratore\Documents\ChordSeqAI\caches\9.3.0\transforms\34893b56c0d16a7630a737f59312f164)
2026-03-30T18:25:03.230+0200 [DEBUG] [org.gradle.cache.internal.DefaultFileLockManager] Releasing lock on cache directory 34893b56c0d16a7630a737f59312f164 (C:\Users\Luciano Muratore\Documents\ChordSeqAI\caches\9.3.0\transforms\34893b56c0d16a7630a737f59312f164).
2026-03-30T18:25:03.231+0200 [DEBUG] [org.gradle.cache.internal.LockOnDemandCrossProcessCacheAccess] Releasing file lock for cache directory 3a77e20c79decc5d7bfefef1ba5dea12 (C:\Users\Luciano Muratore\Documents\ChordSeqAI\caches\9.3.0\transforms\3a77e20c79decc5d7bfefef1ba5dea12)
2026-03-30T18:25:03.231+0200 [DEBUG] [org.gradle.cache.internal.DefaultFileLockManager] Releasing lock on cache directory 3a77e20c79decc5d7bfefef1ba5dea12 (C:\Users\Luciano Muratore\Documents\ChordSeqAI\caches\9.3.0\transforms\3a77e20c79decc5d7bfefef1ba5dea12).
2026-03-30T18:25:03.231+0200 [DEBUG] [org.gradle.cache.internal.LockOnDemandCrossProcessCacheAccess] Releasing file lock for cache directory f4490b3d154ab7d4343257cb6e78b37b (C:\Users\Luciano Muratore\Documents\ChordSeqAI\caches\9.3.0\transforms\f4490b3d154ab7d4343257cb6e78b37b)
2026-03-30T18:25:03.231+0200 [DEBUG] [org.gradle.cache.internal.DefaultFileLockManager] Releasing lock on cache directory f4490b3d154ab7d4343257cb6e78b37b (C:\Users\Luciano Muratore\Documents\ChordSeqAI\caches\9.3.0\transforms\f4490b3d154ab7d4343257cb6e78b37b).
2026-03-30T18:25:03.232+0200 [DEBUG] [org.gradle.cache.internal.LockOnDemandCrossProcessCacheAccess] Releasing file lock for cache directory 51a5dc874bed5b2dd21344aa52acbba0 (C:\Users\Luciano Muratore\Documents\ChordSeqAI\caches\9.3.0\transforms\51a5dc874bed5b2dd21344aa52acbba0)
2026-03-30T18:25:03.232+0200 [DEBUG] [org.gradle.cache.internal.DefaultFileLockManager] Releasing lock on cache directory 51a5dc874bed5b2dd21344aa52acbba0 (C:\Users\Luciano Muratore\Documents\ChordSeqAI\caches\9.3.0\transforms\51a5dc874bed5b2dd21344aa52acbba0).
2026-03-30T18:25:03.232+0200 [DEBUG] [org.gradle.cache.internal.LockOnDemandCrossProcessCacheAccess] Releasing file lock for cache directory 068e4a5ca996901961402f26108d9352 (C:\Users\Luciano Muratore\Documents\ChordSeqAI\caches\9.3.0\transforms\068e4a5ca996901961402f26108d9352)
2026-03-30T18:25:03.232+0200 [DEBUG] [org.gradle.cache.internal.DefaultFileLockManager] Releasing lock on cache directory 068e4a5ca996901961402f26108d9352 (C:\Users\Luciano Muratore\Documents\ChordSeqAI\caches\9.3.0\transforms\068e4a5ca996901961402f26108d9352).
2026-03-30T18:25:03.233+0200 [DEBUG] [org.gradle.cache.internal.LockOnDemandCrossProcessCacheAccess] Releasing file lock for cache directory 8e58d2b377cc23426c461aefc3c6486c (C:\Users\Luciano Muratore\Documents\ChordSeqAI\caches\9.3.0\transforms\8e58d2b377cc23426c461aefc3c6486c)
2026-03-30T18:25:03.233+0200 [DEBUG] [org.gradle.cache.internal.DefaultFileLockManager] Releasing lock on cache directory 8e58d2b377cc23426c461aefc3c6486c (C:\Users\Luciano Muratore\Documents\ChordSeqAI\caches\9.3.0\transforms\8e58d2b377cc23426c461aefc3c6486c).
2026-03-30T18:25:03.233+0200 [DEBUG] [org.gradle.cache.internal.LockOnDemandCrossProcessCacheAccess] Releasing file lock for cache directory d9c625820a008a6a61c8e0b26f42142c (C:\Users\Luciano Muratore\Documents\ChordSeqAI\caches\9.3.0\transforms\d9c625820a008a6a61c8e0b26f42142c)
2026-03-30T18:25:03.233+0200 [DEBUG] [org.gradle.cache.internal.DefaultFileLockManager] Releasing lock on cache directory d9c625820a008a6a61c8e0b26f42142c (C:\Users\Luciano Muratore\Documents\ChordSeqAI\caches\9.3.0\transforms\d9c625820a008a6a61c8e0b26f42142c).
2026-03-30T18:25:03.234+0200 [DEBUG] [org.gradle.cache.internal.LockOnDemandCrossProcessCacheAccess] Releasing file lock for cache directory 1b1578f9796292d81d7ce2addc337299 (C:\Users\Luciano Muratore\Documents\ChordSeqAI\caches\9.3.0\transforms\1b1578f9796292d81d7ce2addc337299)
2026-03-30T18:25:03.234+0200 [DEBUG] [org.gradle.cache.internal.DefaultFileLockManager] Releasing lock on cache directory 1b1578f9796292d81d7ce2addc337299 (C:\Users\Luciano Muratore\Documents\ChordSeqAI\caches\9.3.0\transforms\1b1578f9796292d81d7ce2addc337299).
2026-03-30T18:25:03.235+0200 [DEBUG] [org.gradle.cache.internal.LockOnDemandCrossProcessCacheAccess] Releasing file lock for cache directory 211f4fd59e263006b87c81e4901dfe3d (C:\Users\Luciano Muratore\Documents\ChordSeqAI\caches\9.3.0\transforms\211f4fd59e263006b87c81e4901dfe3d)
2026-03-30T18:25:03.235+0200 [DEBUG] [org.gradle.cache.internal.DefaultFileLockManager] Releasing lock on cache directory 211f4fd59e263006b87c81e4901dfe3d (C:\Users\Luciano Muratore\Documents\ChordSeqAI\caches\9.3.0\transforms\211f4fd59e263006b87c81e4901dfe3d).
2026-03-30T18:25:03.236+0200 [DEBUG] [org.gradle.cache.internal.LockOnDemandCrossProcessCacheAccess] Releasing file lock for cache directory e5959130c46ccb95e07099658eaac6c7 (C:\Users\Luciano Muratore\Documents\ChordSeqAI\caches\9.3.0\transforms\e5959130c46ccb95e07099658eaac6c7)
2026-03-30T18:25:03.237+0200 [DEBUG] [org.gradle.cache.internal.DefaultFileLockManager] Releasing lock on cache directory e5959130c46ccb95e07099658eaac6c7 (C:\Users\Luciano Muratore\Documents\ChordSeqAI\caches\9.3.0\transforms\e5959130c46ccb95e07099658eaac6c7).
2026-03-30T18:25:03.237+0200 [DEBUG] [org.gradle.cache.internal.LockOnDemandCrossProcessCacheAccess] Releasing file lock for cache directory 3c593aeb232aad64a66789cd01b32638 (C:\Users\Luciano Muratore\Documents\ChordSeqAI\caches\9.3.0\transforms\3c593aeb232aad64a66789cd01b32638)
2026-03-30T18:25:03.237+0200 [DEBUG] [org.gradle.cache.internal.DefaultFileLockManager] Releasing lock on cache directory 3c593aeb232aad64a66789cd01b32638 (C:\Users\Luciano Muratore\Documents\ChordSeqAI\caches\9.3.0\transforms\3c593aeb232aad64a66789cd01b32638).
2026-03-30T18:25:03.237+0200 [DEBUG] [org.gradle.cache.internal.LockOnDemandCrossProcessCacheAccess] Releasing file lock for cache directory a8e4c1d950b27340011c00ca606dfb1b (C:\Users\Luciano Muratore\Documents\ChordSeqAI\caches\9.3.0\transforms\a8e4c1d950b27340011c00ca606dfb1b)
2026-03-30T18:25:03.238+0200 [DEBUG] [org.gradle.cache.internal.DefaultFileLockManager] Releasing lock on cache directory a8e4c1d950b27340011c00ca606dfb1b (C:\Users\Luciano Muratore\Documents\ChordSeqAI\caches\9.3.0\transforms\a8e4c1d950b27340011c00ca606dfb1b).
2026-03-30T18:25:03.238+0200 [DEBUG] [org.gradle.cache.internal.LockOnDemandCrossProcessCacheAccess] Releasing file lock for cache directory 3c71dd4bd84c403d4f4e21e2320063dc (C:\Users\Luciano Muratore\Documents\ChordSeqAI\caches\9.3.0\transforms\3c71dd4bd84c403d4f4e21e2320063dc)
2026-03-30T18:25:03.238+0200 [DEBUG] [org.gradle.cache.internal.DefaultFileLockManager] Releasing lock on cache directory 3c71dd4bd84c403d4f4e21e2320063dc (C:\Users\Luciano Muratore\Documents\ChordSeqAI\caches\9.3.0\transforms\3c71dd4bd84c403d4f4e21e2320063dc).
2026-03-30T18:25:03.238+0200 [DEBUG] [org.gradle.cache.internal.LockOnDemandCrossProcessCacheAccess] Releasing file lock for cache directory 00d88ab9ad6ad7be8f1e55a8453fc133 (C:\Users\Luciano Muratore\Documents\ChordSeqAI\caches\9.3.0\transforms\00d88ab9ad6ad7be8f1e55a8453fc133)
2026-03-30T18:25:03.238+0200 [DEBUG] [org.gradle.cache.internal.DefaultFileLockManager] Releasing lock on cache directory 00d88ab9ad6ad7be8f1e55a8453fc133 (C:\Users\Luciano Muratore\Documents\ChordSeqAI\caches\9.3.0\transforms\00d88ab9ad6ad7be8f1e55a8453fc133).
2026-03-30T18:25:03.239+0200 [DEBUG] [org.gradle.cache.internal.LockOnDemandCrossProcessCacheAccess] Releasing file lock for cache directory 7d9158d4b84fc712904c0785161670d6 (C:\Users\Luciano Muratore\Documents\ChordSeqAI\caches\9.3.0\transforms\7d9158d4b84fc712904c0785161670d6)
2026-03-30T18:25:03.239+0200 [DEBUG] [org.gradle.cache.internal.DefaultFileLockManager] Releasing lock on cache directory 7d9158d4b84fc712904c0785161670d6 (C:\Users\Luciano Muratore\Documents\ChordSeqAI\caches\9.3.0\transforms\7d9158d4b84fc712904c0785161670d6).
2026-03-30T18:25:03.239+0200 [DEBUG] [org.gradle.cache.internal.LockOnDemandCrossProcessCacheAccess] Releasing file lock for cache directory 4e10f070c833e8d98149250ae58b6bf4 (C:\Users\Luciano Muratore\Documents\ChordSeqAI\caches\9.3.0\transforms\4e10f070c833e8d98149250ae58b6bf4)
2026-03-30T18:25:03.239+0200 [DEBUG] [org.gradle.cache.internal.DefaultFileLockManager] Releasing lock on cache directory 4e10f070c833e8d98149250ae58b6bf4 (C:\Users\Luciano Muratore\Documents\ChordSeqAI\caches\9.3.0\transforms\4e10f070c833e8d98149250ae58b6bf4).
2026-03-30T18:25:03.240+0200 [DEBUG] [org.gradle.cache.internal.LockOnDemandCrossProcessCacheAccess] Releasing file lock for cache directory 05c3b568131f1484fcc609618e80ef4b (C:\Users\Luciano Muratore\Documents\ChordSeqAI\caches\9.3.0\transforms\05c3b568131f1484fcc609618e80ef4b)
2026-03-30T18:25:03.240+0200 [DEBUG] [org.gradle.cache.internal.DefaultFileLockManager] Releasing lock on cache directory 05c3b568131f1484fcc609618e80ef4b (C:\Users\Luciano Muratore\Documents\ChordSeqAI\caches\9.3.0\transforms\05c3b568131f1484fcc609618e80ef4b).
2026-03-30T18:25:03.241+0200 [DEBUG] [org.gradle.cache.internal.LockOnDemandCrossProcessCacheAccess] Releasing file lock for cache directory 1db8ec43c7021a34237c84071463e839 (C:\Users\Luciano Muratore\Documents\ChordSeqAI\caches\9.3.0\transforms\1db8ec43c7021a34237c84071463e839)
2026-03-30T18:25:03.241+0200 [DEBUG] [org.gradle.cache.internal.DefaultFileLockManager] Releasing lock on cache directory 1db8ec43c7021a34237c84071463e839 (C:\Users\Luciano Muratore\Documents\ChordSeqAI\caches\9.3.0\transforms\1db8ec43c7021a34237c84071463e839).
2026-03-30T18:25:03.242+0200 [DEBUG] [org.gradle.cache.internal.LockOnDemandCrossProcessCacheAccess] Releasing file lock for cache directory aecc7a4e4b1b90898256c51970416ac9 (C:\Users\Luciano Muratore\Documents\ChordSeqAI\caches\9.3.0\transforms\aecc7a4e4b1b90898256c51970416ac9)
2026-03-30T18:25:03.242+0200 [DEBUG] [org.gradle.cache.internal.DefaultFileLockManager] Releasing lock on cache directory aecc7a4e4b1b90898256c51970416ac9 (C:\Users\Luciano Muratore\Documents\ChordSeqAI\caches\9.3.0\transforms\aecc7a4e4b1b90898256c51970416ac9).
2026-03-30T18:25:03.242+0200 [DEBUG] [org.gradle.cache.internal.LockOnDemandCrossProcessCacheAccess] Releasing file lock for cache directory bb4a008ecfa3cfc86263a66e55c2703f (C:\Users\Luciano Muratore\Documents\ChordSeqAI\caches\9.3.0\transforms\bb4a008ecfa3cfc86263a66e55c2703f)
2026-03-30T18:25:03.242+0200 [DEBUG] [org.gradle.cache.internal.DefaultFileLockManager] Releasing lock on cache directory bb4a008ecfa3cfc86263a66e55c2703f (C:\Users\Luciano Muratore\Documents\ChordSeqAI\caches\9.3.0\transforms\bb4a008ecfa3cfc86263a66e55c2703f).
2026-03-30T18:25:03.243+0200 [DEBUG] [org.gradle.cache.internal.LockOnDemandCrossProcessCacheAccess] Releasing file lock for cache directory 55724e7a08c59a543fbef442efe68e24 (C:\Users\Luciano Muratore\Documents\ChordSeqAI\caches\9.3.0\transforms\55724e7a08c59a543fbef442efe68e24)
2026-03-30T18:25:03.243+0200 [DEBUG] [org.gradle.cache.internal.DefaultFileLockManager] Releasing lock on cache directory 55724e7a08c59a543fbef442efe68e24 (C:\Users\Luciano Muratore\Documents\ChordSeqAI\caches\9.3.0\transforms\55724e7a08c59a543fbef442efe68e24).
2026-03-30T18:25:03.243+0200 [DEBUG] [org.gradle.cache.internal.LockOnDemandCrossProcessCacheAccess] Releasing file lock for cache directory 3f53aecad775a4a7d831d9b5aed6d4b1 (C:\Users\Luciano Muratore\Documents\ChordSeqAI\caches\9.3.0\transforms\3f53aecad775a4a7d831d9b5aed6d4b1)
2026-03-30T18:25:03.243+0200 [DEBUG] [org.gradle.cache.internal.DefaultFileLockManager] Releasing lock on cache directory 3f53aecad775a4a7d831d9b5aed6d4b1 (C:\Users\Luciano Muratore\Documents\ChordSeqAI\caches\9.3.0\transforms\3f53aecad775a4a7d831d9b5aed6d4b1).
2026-03-30T18:25:03.244+0200 [DEBUG] [org.gradle.cache.internal.LockOnDemandCrossProcessCacheAccess] Releasing file lock for cache directory 95c566613e852c8f27e8fb937c37ee3b (C:\Users\Luciano Muratore\Documents\ChordSeqAI\caches\9.3.0\transforms\95c566613e852c8f27e8fb937c37ee3b)
2026-03-30T18:25:03.244+0200 [DEBUG] [org.gradle.cache.internal.DefaultFileLockManager] Releasing lock on cache directory 95c566613e852c8f27e8fb937c37ee3b (C:\Users\Luciano Muratore\Documents\ChordSeqAI\caches\9.3.0\transforms\95c566613e852c8f27e8fb937c37ee3b).
2026-03-30T18:25:03.244+0200 [DEBUG] [org.gradle.cache.internal.LockOnDemandCrossProcessCacheAccess] Releasing file lock for cache directory 33f783142feeb4da27cd3fa224f4e353 (C:\Users\Luciano Muratore\Documents\ChordSeqAI\caches\9.3.0\transforms\33f783142feeb4da27cd3fa224f4e353)
2026-03-30T18:25:03.244+0200 [DEBUG] [org.gradle.cache.internal.DefaultFileLockManager] Releasing lock on cache directory 33f783142feeb4da27cd3fa224f4e353 (C:\Users\Luciano Muratore\Documents\ChordSeqAI\caches\9.3.0\transforms\33f783142feeb4da27cd3fa224f4e353).
2026-03-30T18:25:03.245+0200 [DEBUG] [org.gradle.cache.internal.LockOnDemandCrossProcessCacheAccess] Releasing file lock for cache directory 991daccdc371d148ecadb522dc9c8920 (C:\Users\Luciano Muratore\Documents\ChordSeqAI\caches\9.3.0\transforms\991daccdc371d148ecadb522dc9c8920)
2026-03-30T18:25:03.245+0200 [DEBUG] [org.gradle.cache.internal.DefaultFileLockManager] Releasing lock on cache directory 991daccdc371d148ecadb522dc9c8920 (C:\Users\Luciano Muratore\Documents\ChordSeqAI\caches\9.3.0\transforms\991daccdc371d148ecadb522dc9c8920).
2026-03-30T18:25:03.245+0200 [DEBUG] [org.gradle.cache.internal.LockOnDemandCrossProcessCacheAccess] Releasing file lock for cache directory 25cacceca495a442fa8431b43967242a (C:\Users\Luciano Muratore\Documents\ChordSeqAI\caches\9.3.0\transforms\25cacceca495a442fa8431b43967242a)
2026-03-30T18:25:03.245+0200 [DEBUG] [org.gradle.cache.internal.DefaultFileLockManager] Releasing lock on cache directory 25cacceca495a442fa8431b43967242a (C:\Users\Luciano Muratore\Documents\ChordSeqAI\caches\9.3.0\transforms\25cacceca495a442fa8431b43967242a).
2026-03-30T18:25:03.246+0200 [DEBUG] [org.gradle.cache.internal.LockOnDemandCrossProcessCacheAccess] Releasing file lock for cache directory 54458fe59137fabb1470e23e6d2585c9 (C:\Users\Luciano Muratore\Documents\ChordSeqAI\caches\9.3.0\transforms\54458fe59137fabb1470e23e6d2585c9)
2026-03-30T18:25:03.246+0200 [DEBUG] [org.gradle.cache.internal.DefaultFileLockManager] Releasing lock on cache directory 54458fe59137fabb1470e23e6d2585c9 (C:\Users\Luciano Muratore\Documents\ChordSeqAI\caches\9.3.0\transforms\54458fe59137fabb1470e23e6d2585c9).
2026-03-30T18:25:03.246+0200 [DEBUG] [org.gradle.cache.internal.LockOnDemandCrossProcessCacheAccess] Releasing file lock for cache directory 4171a29a9d8da4ae7441138f249adf30 (C:\Users\Luciano Muratore\Documents\ChordSeqAI\caches\9.3.0\transforms\4171a29a9d8da4ae7441138f249adf30)
2026-03-30T18:25:03.246+0200 [DEBUG] [org.gradle.cache.internal.DefaultFileLockManager] Releasing lock on cache directory 4171a29a9d8da4ae7441138f249adf30 (C:\Users\Luciano Muratore\Documents\ChordSeqAI\caches\9.3.0\transforms\4171a29a9d8da4ae7441138f249adf30).
2026-03-30T18:25:03.246+0200 [DEBUG] [org.gradle.cache.internal.LockOnDemandCrossProcessCacheAccess] Releasing file lock for cache directory 67ea036c0573ef31c7c5a7a404b253a9 (C:\Users\Luciano Muratore\Documents\ChordSeqAI\caches\9.3.0\transforms\67ea036c0573ef31c7c5a7a404b253a9)
2026-03-30T18:25:03.247+0200 [DEBUG] [org.gradle.cache.internal.DefaultFileLockManager] Releasing lock on cache directory 67ea036c0573ef31c7c5a7a404b253a9 (C:\Users\Luciano Muratore\Documents\ChordSeqAI\caches\9.3.0\transforms\67ea036c0573ef31c7c5a7a404b253a9).
2026-03-30T18:25:03.247+0200 [DEBUG] [org.gradle.cache.internal.LockOnDemandCrossProcessCacheAccess] Releasing file lock for cache directory c0fad88162da2da7065be9633ed2cedf (C:\Users\Luciano Muratore\Documents\ChordSeqAI\caches\9.3.0\transforms\c0fad88162da2da7065be9633ed2cedf)
2026-03-30T18:25:03.247+0200 [DEBUG] [org.gradle.cache.internal.DefaultFileLockManager] Releasing lock on cache directory c0fad88162da2da7065be9633ed2cedf (C:\Users\Luciano Muratore\Documents\ChordSeqAI\caches\9.3.0\transforms\c0fad88162da2da7065be9633ed2cedf).
2026-03-30T18:25:03.247+0200 [DEBUG] [org.gradle.cache.internal.LockOnDemandCrossProcessCacheAccess] Releasing file lock for cache directory 9e63e7406fad8f1cd62a4c4249199747 (C:\Users\Luciano Muratore\Documents\ChordSeqAI\caches\9.3.0\transforms\9e63e7406fad8f1cd62a4c4249199747)
2026-03-30T18:25:03.247+0200 [DEBUG] [org.gradle.cache.internal.DefaultFileLockManager] Releasing lock on cache directory 9e63e7406fad8f1cd62a4c4249199747 (C:\Users\Luciano Muratore\Documents\ChordSeqAI\caches\9.3.0\transforms\9e63e7406fad8f1cd62a4c4249199747).
2026-03-30T18:25:03.249+0200 [DEBUG] [org.gradle.cache.internal.LockOnDemandCrossProcessCacheAccess] Releasing file lock for cache directory ac7d97f3f77d06e0ec47122d41c6676c (C:\Users\Luciano Muratore\Documents\ChordSeqAI\caches\9.3.0\transforms\ac7d97f3f77d06e0ec47122d41c6676c)
2026-03-30T18:25:03.249+0200 [DEBUG] [org.gradle.cache.internal.DefaultFileLockManager] Releasing lock on cache directory ac7d97f3f77d06e0ec47122d41c6676c (C:\Users\Luciano Muratore\Documents\ChordSeqAI\caches\9.3.0\transforms\ac7d97f3f77d06e0ec47122d41c6676c).
2026-03-30T18:25:03.249+0200 [DEBUG] [org.gradle.cache.internal.LockOnDemandCrossProcessCacheAccess] Releasing file lock for cache directory 3abdb2124afd911b7ae772abe7abdd72 (C:\Users\Luciano Muratore\Documents\ChordSeqAI\caches\9.3.0\transforms\3abdb2124afd911b7ae772abe7abdd72)
2026-03-30T18:25:03.249+0200 [DEBUG] [org.gradle.cache.internal.DefaultFileLockManager] Releasing lock on cache directory 3abdb2124afd911b7ae772abe7abdd72 (C:\Users\Luciano Muratore\Documents\ChordSeqAI\caches\9.3.0\transforms\3abdb2124afd911b7ae772abe7abdd72).
2026-03-30T18:25:03.249+0200 [DEBUG] [org.gradle.cache.internal.LockOnDemandCrossProcessCacheAccess] Releasing file lock for cache directory 194add5fa7c0dbef25d59a0f6dc51a37 (C:\Users\Luciano Muratore\Documents\ChordSeqAI\caches\9.3.0\transforms\194add5fa7c0dbef25d59a0f6dc51a37)
2026-03-30T18:25:03.250+0200 [DEBUG] [org.gradle.cache.internal.DefaultFileLockManager] Releasing lock on cache directory 194add5fa7c0dbef25d59a0f6dc51a37 (C:\Users\Luciano Muratore\Documents\ChordSeqAI\caches\9.3.0\transforms\194add5fa7c0dbef25d59a0f6dc51a37).
2026-03-30T18:25:03.250+0200 [DEBUG] [org.gradle.cache.internal.LockOnDemandCrossProcessCacheAccess] Releasing file lock for cache directory 216862b4d8ee08fcdab4b000103fc9d3 (C:\Users\Luciano Muratore\Documents\ChordSeqAI\caches\9.3.0\transforms\216862b4d8ee08fcdab4b000103fc9d3)
2026-03-30T18:25:03.250+0200 [DEBUG] [org.gradle.cache.internal.DefaultFileLockManager] Releasing lock on cache directory 216862b4d8ee08fcdab4b000103fc9d3 (C:\Users\Luciano Muratore\Documents\ChordSeqAI\caches\9.3.0\transforms\216862b4d8ee08fcdab4b000103fc9d3).
2026-03-30T18:25:03.250+0200 [DEBUG] [org.gradle.cache.internal.LockOnDemandCrossProcessCacheAccess] Releasing file lock for cache directory ceffc72de6b049a3e6a51bac1f86ce75 (C:\Users\Luciano Muratore\Documents\ChordSeqAI\caches\9.3.0\transforms\ceffc72de6b049a3e6a51bac1f86ce75)
2026-03-30T18:25:03.251+0200 [DEBUG] [org.gradle.cache.internal.DefaultFileLockManager] Releasing lock on cache directory ceffc72de6b049a3e6a51bac1f86ce75 (C:\Users\Luciano Muratore\Documents\ChordSeqAI\caches\9.3.0\transforms\ceffc72de6b049a3e6a51bac1f86ce75).
2026-03-30T18:25:03.251+0200 [DEBUG] [org.gradle.cache.internal.LockOnDemandCrossProcessCacheAccess] Releasing file lock for cache directory f1bd6772ed714a1327a04cd58b5bfcb6 (C:\Users\Luciano Muratore\Documents\ChordSeqAI\caches\9.3.0\transforms\f1bd6772ed714a1327a04cd58b5bfcb6)
2026-03-30T18:25:03.251+0200 [DEBUG] [org.gradle.cache.internal.DefaultFileLockManager] Releasing lock on cache directory f1bd6772ed714a1327a04cd58b5bfcb6 (C:\Users\Luciano Muratore\Documents\ChordSeqAI\caches\9.3.0\transforms\f1bd6772ed714a1327a04cd58b5bfcb6).
2026-03-30T18:25:03.252+0200 [DEBUG] [org.gradle.cache.internal.LockOnDemandCrossProcessCacheAccess] Releasing file lock for cache directory 9717d0ec3be7ac2777dd6bd9fa1f1d39 (C:\Users\Luciano Muratore\Documents\ChordSeqAI\caches\9.3.0\transforms\9717d0ec3be7ac2777dd6bd9fa1f1d39)
2026-03-30T18:25:03.252+0200 [DEBUG] [org.gradle.cache.internal.DefaultFileLockManager] Releasing lock on cache directory 9717d0ec3be7ac2777dd6bd9fa1f1d39 (C:\Users\Luciano Muratore\Documents\ChordSeqAI\caches\9.3.0\transforms\9717d0ec3be7ac2777dd6bd9fa1f1d39).
2026-03-30T18:25:03.253+0200 [DEBUG] [org.gradle.cache.internal.LockOnDemandCrossProcessCacheAccess] Releasing file lock for cache directory 2c68f8e5b8e9739405e19c0448537e09 (C:\Users\Luciano Muratore\Documents\ChordSeqAI\caches\9.3.0\transforms\2c68f8e5b8e9739405e19c0448537e09)
2026-03-30T18:25:03.253+0200 [DEBUG] [org.gradle.cache.internal.DefaultFileLockManager] Releasing lock on cache directory 2c68f8e5b8e9739405e19c0448537e09 (C:\Users\Luciano Muratore\Documents\ChordSeqAI\caches\9.3.0\transforms\2c68f8e5b8e9739405e19c0448537e09).
2026-03-30T18:25:03.253+0200 [DEBUG] [org.gradle.cache.internal.LockOnDemandCrossProcessCacheAccess] Releasing file lock for cache directory 3ac9860e5d5677a52fb549acdcb12458 (C:\Users\Luciano Muratore\Documents\ChordSeqAI\caches\9.3.0\transforms\3ac9860e5d5677a52fb549acdcb12458)
2026-03-30T18:25:03.253+0200 [DEBUG] [org.gradle.cache.internal.DefaultFileLockManager] Releasing lock on cache directory 3ac9860e5d5677a52fb549acdcb12458 (C:\Users\Luciano Muratore\Documents\ChordSeqAI\caches\9.3.0\transforms\3ac9860e5d5677a52fb549acdcb12458).
2026-03-30T18:25:03.254+0200 [DEBUG] [org.gradle.cache.internal.LockOnDemandCrossProcessCacheAccess] Releasing file lock for cache directory 6585446bdf79db28c51ba34530cdc135 (C:\Users\Luciano Muratore\Documents\ChordSeqAI\caches\9.3.0\transforms\6585446bdf79db28c51ba34530cdc135)
2026-03-30T18:25:03.254+0200 [DEBUG] [org.gradle.cache.internal.DefaultFileLockManager] Releasing lock on cache directory 6585446bdf79db28c51ba34530cdc135 (C:\Users\Luciano Muratore\Documents\ChordSeqAI\caches\9.3.0\transforms\6585446bdf79db28c51ba34530cdc135).
2026-03-30T18:25:03.254+0200 [DEBUG] [org.gradle.cache.internal.LockOnDemandCrossProcessCacheAccess] Releasing file lock for cache directory 3597d6e5e72f40c9656099bc9d800a00 (C:\Users\Luciano Muratore\Documents\ChordSeqAI\caches\9.3.0\transforms\3597d6e5e72f40c9656099bc9d800a00)
2026-03-30T18:25:03.254+0200 [DEBUG] [org.gradle.cache.internal.DefaultFileLockManager] Releasing lock on cache directory 3597d6e5e72f40c9656099bc9d800a00 (C:\Users\Luciano Muratore\Documents\ChordSeqAI\caches\9.3.0\transforms\3597d6e5e72f40c9656099bc9d800a00).
2026-03-30T18:25:03.255+0200 [DEBUG] [org.gradle.cache.internal.LockOnDemandCrossProcessCacheAccess] Releasing file lock for cache directory 33ae07036575ee7b8ad08f510da7b072 (C:\Users\Luciano Muratore\Documents\ChordSeqAI\caches\9.3.0\transforms\33ae07036575ee7b8ad08f510da7b072)
2026-03-30T18:25:03.255+0200 [DEBUG] [org.gradle.cache.internal.DefaultFileLockManager] Releasing lock on cache directory 33ae07036575ee7b8ad08f510da7b072 (C:\Users\Luciano Muratore\Documents\ChordSeqAI\caches\9.3.0\transforms\33ae07036575ee7b8ad08f510da7b072).
2026-03-30T18:25:03.255+0200 [DEBUG] [org.gradle.cache.internal.LockOnDemandCrossProcessCacheAccess] Releasing file lock for cache directory b450499acf97b3a538260f699cfb3ab2 (C:\Users\Luciano Muratore\Documents\ChordSeqAI\caches\9.3.0\transforms\b450499acf97b3a538260f699cfb3ab2)
2026-03-30T18:25:03.256+0200 [DEBUG] [org.gradle.cache.internal.DefaultFileLockManager] Releasing lock on cache directory b450499acf97b3a538260f699cfb3ab2 (C:\Users\Luciano Muratore\Documents\ChordSeqAI\caches\9.3.0\transforms\b450499acf97b3a538260f699cfb3ab2).
2026-03-30T18:25:03.256+0200 [DEBUG] [org.gradle.cache.internal.LockOnDemandCrossProcessCacheAccess] Releasing file lock for cache directory 497b83ae9578dbbc251e794b10fa4ee3 (C:\Users\Luciano Muratore\Documents\ChordSeqAI\caches\9.3.0\transforms\497b83ae9578dbbc251e794b10fa4ee3)
2026-03-30T18:25:03.256+0200 [DEBUG] [org.gradle.cache.internal.DefaultFileLockManager] Releasing lock on cache directory 497b83ae9578dbbc251e794b10fa4ee3 (C:\Users\Luciano Muratore\Documents\ChordSeqAI\caches\9.3.0\transforms\497b83ae9578dbbc251e794b10fa4ee3).
2026-03-30T18:25:03.257+0200 [DEBUG] [org.gradle.cache.internal.LockOnDemandCrossProcessCacheAccess] Releasing file lock for cache directory b998470022e1718c63cf351d2ec0769e (C:\Users\Luciano Muratore\Documents\ChordSeqAI\caches\9.3.0\transforms\b998470022e1718c63cf351d2ec0769e)
2026-03-30T18:25:03.257+0200 [DEBUG] [org.gradle.cache.internal.DefaultFileLockManager] Releasing lock on cache directory b998470022e1718c63cf351d2ec0769e (C:\Users\Luciano Muratore\Documents\ChordSeqAI\caches\9.3.0\transforms\b998470022e1718c63cf351d2ec0769e).
2026-03-30T18:25:03.257+0200 [DEBUG] [org.gradle.cache.internal.LockOnDemandCrossProcessCacheAccess] Releasing file lock for cache directory a330a690364064525a65ea0accce9063 (C:\Users\Luciano Muratore\Documents\ChordSeqAI\caches\9.3.0\transforms\a330a690364064525a65ea0accce9063)
2026-03-30T18:25:03.257+0200 [DEBUG] [org.gradle.cache.internal.DefaultFileLockManager] Releasing lock on cache directory a330a690364064525a65ea0accce9063 (C:\Users\Luciano Muratore\Documents\ChordSeqAI\caches\9.3.0\transforms\a330a690364064525a65ea0accce9063).
2026-03-30T18:25:03.258+0200 [DEBUG] [org.gradle.cache.internal.LockOnDemandCrossProcessCacheAccess] Releasing file lock for cache directory c52d05cfa83b30f0968e2290be434806 (C:\Users\Luciano Muratore\Documents\ChordSeqAI\caches\9.3.0\transforms\c52d05cfa83b30f0968e2290be434806)
2026-03-30T18:25:03.258+0200 [DEBUG] [org.gradle.cache.internal.DefaultFileLockManager] Releasing lock on cache directory c52d05cfa83b30f0968e2290be434806 (C:\Users\Luciano Muratore\Documents\ChordSeqAI\caches\9.3.0\transforms\c52d05cfa83b30f0968e2290be434806).
2026-03-30T18:25:03.259+0200 [DEBUG] [org.gradle.cache.internal.LockOnDemandCrossProcessCacheAccess] Releasing file lock for cache directory 766cafafcee2fd7196314c8e45150748 (C:\Users\Luciano Muratore\Documents\ChordSeqAI\caches\9.3.0\transforms\766cafafcee2fd7196314c8e45150748)
2026-03-30T18:25:03.259+0200 [DEBUG] [org.gradle.cache.internal.DefaultFileLockManager] Releasing lock on cache directory 766cafafcee2fd7196314c8e45150748 (C:\Users\Luciano Muratore\Documents\ChordSeqAI\caches\9.3.0\transforms\766cafafcee2fd7196314c8e45150748).
2026-03-30T18:25:03.259+0200 [DEBUG] [org.gradle.cache.internal.LockOnDemandCrossProcessCacheAccess] Releasing file lock for cache directory a24d37830b94ad1bbcdd29edcf422d75 (C:\Users\Luciano Muratore\Documents\ChordSeqAI\caches\9.3.0\transforms\a24d37830b94ad1bbcdd29edcf422d75)
2026-03-30T18:25:03.259+0200 [DEBUG] [org.gradle.cache.internal.DefaultFileLockManager] Releasing lock on cache directory a24d37830b94ad1bbcdd29edcf422d75 (C:\Users\Luciano Muratore\Documents\ChordSeqAI\caches\9.3.0\transforms\a24d37830b94ad1bbcdd29edcf422d75).
2026-03-30T18:25:03.259+0200 [DEBUG] [org.gradle.cache.internal.LockOnDemandCrossProcessCacheAccess] Releasing file lock for cache directory f6a87ad803e3850df5f9be2d93508fbf (C:\Users\Luciano Muratore\Documents\ChordSeqAI\caches\9.3.0\transforms\f6a87ad803e3850df5f9be2d93508fbf)
2026-03-30T18:25:03.259+0200 [DEBUG] [org.gradle.cache.internal.DefaultFileLockManager] Releasing lock on cache directory f6a87ad803e3850df5f9be2d93508fbf (C:\Users\Luciano Muratore\Documents\ChordSeqAI\caches\9.3.0\transforms\f6a87ad803e3850df5f9be2d93508fbf).
2026-03-30T18:25:03.260+0200 [DEBUG] [org.gradle.cache.internal.LockOnDemandCrossProcessCacheAccess] Releasing file lock for cache directory f7e1107dce88d2f9e40c2853e149261e (C:\Users\Luciano Muratore\Documents\ChordSeqAI\caches\9.3.0\transforms\f7e1107dce88d2f9e40c2853e149261e)
2026-03-30T18:25:03.260+0200 [DEBUG] [org.gradle.cache.internal.DefaultFileLockManager] Releasing lock on cache directory f7e1107dce88d2f9e40c2853e149261e (C:\Users\Luciano Muratore\Documents\ChordSeqAI\caches\9.3.0\transforms\f7e1107dce88d2f9e40c2853e149261e).
2026-03-30T18:25:03.260+0200 [DEBUG] [org.gradle.cache.internal.LockOnDemandCrossProcessCacheAccess] Releasing file lock for cache directory f7bbfc33432e75b61808b1c6a522c00b (C:\Users\Luciano Muratore\Documents\ChordSeqAI\caches\9.3.0\transforms\f7bbfc33432e75b61808b1c6a522c00b)
2026-03-30T18:25:03.261+0200 [DEBUG] [org.gradle.cache.internal.DefaultFileLockManager] Releasing lock on cache directory f7bbfc33432e75b61808b1c6a522c00b (C:\Users\Luciano Muratore\Documents\ChordSeqAI\caches\9.3.0\transforms\f7bbfc33432e75b61808b1c6a522c00b).
2026-03-30T18:25:03.261+0200 [DEBUG] [org.gradle.cache.internal.LockOnDemandCrossProcessCacheAccess] Releasing file lock for cache directory 6ae501171a5b0ab1460c5ff950fe0a5f (C:\Users\Luciano Muratore\Documents\ChordSeqAI\caches\9.3.0\transforms\6ae501171a5b0ab1460c5ff950fe0a5f)
2026-03-30T18:25:03.261+0200 [DEBUG] [org.gradle.cache.internal.DefaultFileLockManager] Releasing lock on cache directory 6ae501171a5b0ab1460c5ff950fe0a5f (C:\Users\Luciano Muratore\Documents\ChordSeqAI\caches\9.3.0\transforms\6ae501171a5b0ab1460c5ff950fe0a5f).
2026-03-30T18:25:03.261+0200 [DEBUG] [org.gradle.cache.internal.LockOnDemandCrossProcessCacheAccess] Releasing file lock for cache directory 808bfda9f1c42ee837152c4e86f90bae (C:\Users\Luciano Muratore\Documents\ChordSeqAI\caches\9.3.0\transforms\808bfda9f1c42ee837152c4e86f90bae)
2026-03-30T18:25:03.261+0200 [DEBUG] [org.gradle.cache.internal.DefaultFileLockManager] Releasing lock on cache directory 808bfda9f1c42ee837152c4e86f90bae (C:\Users\Luciano Muratore\Documents\ChordSeqAI\caches\9.3.0\transforms\808bfda9f1c42ee837152c4e86f90bae).
2026-03-30T18:25:03.262+0200 [DEBUG] [org.gradle.cache.internal.LockOnDemandCrossProcessCacheAccess] Releasing file lock for cache directory 8ba23409a45c424ad930c7b05966d035 (C:\Users\Luciano Muratore\Documents\ChordSeqAI\caches\9.3.0\transforms\8ba23409a45c424ad930c7b05966d035)
2026-03-30T18:25:03.262+0200 [DEBUG] [org.gradle.cache.internal.DefaultFileLockManager] Releasing lock on cache directory 8ba23409a45c424ad930c7b05966d035 (C:\Users\Luciano Muratore\Documents\ChordSeqAI\caches\9.3.0\transforms\8ba23409a45c424ad930c7b05966d035).
2026-03-30T18:25:03.262+0200 [DEBUG] [org.gradle.cache.internal.LockOnDemandCrossProcessCacheAccess] Releasing file lock for cache directory 71ce1947e434648610d48f2e68738bdc (C:\Users\Luciano Muratore\Documents\ChordSeqAI\caches\9.3.0\transforms\71ce1947e434648610d48f2e68738bdc)
2026-03-30T18:25:03.262+0200 [DEBUG] [org.gradle.cache.internal.DefaultFileLockManager] Releasing lock on cache directory 71ce1947e434648610d48f2e68738bdc (C:\Users\Luciano Muratore\Documents\ChordSeqAI\caches\9.3.0\transforms\71ce1947e434648610d48f2e68738bdc).
2026-03-30T18:25:03.263+0200 [DEBUG] [org.gradle.cache.internal.LockOnDemandCrossProcessCacheAccess] Releasing file lock for cache directory 8d3f92740089928afb40a25fd7b2aa6c (C:\Users\Luciano Muratore\Documents\ChordSeqAI\caches\9.3.0\transforms\8d3f92740089928afb40a25fd7b2aa6c)
2026-03-30T18:25:03.263+0200 [DEBUG] [org.gradle.cache.internal.DefaultFileLockManager] Releasing lock on cache directory 8d3f92740089928afb40a25fd7b2aa6c (C:\Users\Luciano Muratore\Documents\ChordSeqAI\caches\9.3.0\transforms\8d3f92740089928afb40a25fd7b2aa6c).
2026-03-30T18:25:03.263+0200 [DEBUG] [org.gradle.cache.internal.LockOnDemandCrossProcessCacheAccess] Releasing file lock for cache directory bfcbc49ca31612d58d1013847a0f3e6f (C:\Users\Luciano Muratore\Documents\ChordSeqAI\caches\9.3.0\transforms\bfcbc49ca31612d58d1013847a0f3e6f)
2026-03-30T18:25:03.263+0200 [DEBUG] [org.gradle.cache.internal.DefaultFileLockManager] Releasing lock on cache directory bfcbc49ca31612d58d1013847a0f3e6f (C:\Users\Luciano Muratore\Documents\ChordSeqAI\caches\9.3.0\transforms\bfcbc49ca31612d58d1013847a0f3e6f).
2026-03-30T18:25:03.264+0200 [DEBUG] [org.gradle.cache.internal.LockOnDemandCrossProcessCacheAccess] Releasing file lock for cache directory ff59e8bc2c9f32484a0f361ad62f5596 (C:\Users\Luciano Muratore\Documents\ChordSeqAI\caches\9.3.0\transforms\ff59e8bc2c9f32484a0f361ad62f5596)
2026-03-30T18:25:03.264+0200 [DEBUG] [org.gradle.cache.internal.DefaultFileLockManager] Releasing lock on cache directory ff59e8bc2c9f32484a0f361ad62f5596 (C:\Users\Luciano Muratore\Documents\ChordSeqAI\caches\9.3.0\transforms\ff59e8bc2c9f32484a0f361ad62f5596).
2026-03-30T18:25:03.264+0200 [DEBUG] [org.gradle.cache.internal.LockOnDemandCrossProcessCacheAccess] Releasing file lock for cache directory 9201b193895061544153e2081b130f94 (C:\Users\Luciano Muratore\Documents\ChordSeqAI\caches\9.3.0\transforms\9201b193895061544153e2081b130f94)
2026-03-30T18:25:03.264+0200 [DEBUG] [org.gradle.cache.internal.DefaultFileLockManager] Releasing lock on cache directory 9201b193895061544153e2081b130f94 (C:\Users\Luciano Muratore\Documents\ChordSeqAI\caches\9.3.0\transforms\9201b193895061544153e2081b130f94).
2026-03-30T18:25:03.264+0200 [DEBUG] [org.gradle.cache.internal.LockOnDemandCrossProcessCacheAccess] Releasing file lock for cache directory c28422b5c3b4724d0745d2de272bc5bd (C:\Users\Luciano Muratore\Documents\ChordSeqAI\caches\9.3.0\transforms\c28422b5c3b4724d0745d2de272bc5bd)
2026-03-30T18:25:03.265+0200 [DEBUG] [org.gradle.cache.internal.DefaultFileLockManager] Releasing lock on cache directory c28422b5c3b4724d0745d2de272bc5bd (C:\Users\Luciano Muratore\Documents\ChordSeqAI\caches\9.3.0\transforms\c28422b5c3b4724d0745d2de272bc5bd).
2026-03-30T18:25:03.265+0200 [DEBUG] [org.gradle.cache.internal.LockOnDemandCrossProcessCacheAccess] Releasing file lock for cache directory 29edaf6ac29978dc3c5b108cf7856475 (C:\Users\Luciano Muratore\Documents\ChordSeqAI\caches\9.3.0\transforms\29edaf6ac29978dc3c5b108cf7856475)
2026-03-30T18:25:03.265+0200 [DEBUG] [org.gradle.cache.internal.DefaultFileLockManager] Releasing lock on cache directory 29edaf6ac29978dc3c5b108cf7856475 (C:\Users\Luciano Muratore\Documents\ChordSeqAI\caches\9.3.0\transforms\29edaf6ac29978dc3c5b108cf7856475).
2026-03-30T18:25:03.265+0200 [DEBUG] [org.gradle.cache.internal.LockOnDemandCrossProcessCacheAccess] Releasing file lock for cache directory 893ca40855d5341c953960d1ce4c8117 (C:\Users\Luciano Muratore\Documents\ChordSeqAI\caches\9.3.0\transforms\893ca40855d5341c953960d1ce4c8117)
2026-03-30T18:25:03.265+0200 [DEBUG] [org.gradle.cache.internal.DefaultFileLockManager] Releasing lock on cache directory 893ca40855d5341c953960d1ce4c8117 (C:\Users\Luciano Muratore\Documents\ChordSeqAI\caches\9.3.0\transforms\893ca40855d5341c953960d1ce4c8117).
2026-03-30T18:25:03.266+0200 [DEBUG] [org.gradle.cache.internal.LockOnDemandCrossProcessCacheAccess] Releasing file lock for cache directory 8d66bcac9d9a4232c2ff063c87cedb3b (C:\Users\Luciano Muratore\Documents\ChordSeqAI\caches\9.3.0\transforms\8d66bcac9d9a4232c2ff063c87cedb3b)
2026-03-30T18:25:03.266+0200 [DEBUG] [org.gradle.cache.internal.DefaultFileLockManager] Releasing lock on cache directory 8d66bcac9d9a4232c2ff063c87cedb3b (C:\Users\Luciano Muratore\Documents\ChordSeqAI\caches\9.3.0\transforms\8d66bcac9d9a4232c2ff063c87cedb3b).
2026-03-30T18:25:03.266+0200 [DEBUG] [org.gradle.cache.internal.LockOnDemandCrossProcessCacheAccess] Releasing file lock for cache directory 7a8d430cdaeb338c7b7cfaf276f0deec (C:\Users\Luciano Muratore\Documents\ChordSeqAI\caches\9.3.0\transforms\7a8d430cdaeb338c7b7cfaf276f0deec)
2026-03-30T18:25:03.266+0200 [DEBUG] [org.gradle.cache.internal.DefaultFileLockManager] Releasing lock on cache directory 7a8d430cdaeb338c7b7cfaf276f0deec (C:\Users\Luciano Muratore\Documents\ChordSeqAI\caches\9.3.0\transforms\7a8d430cdaeb338c7b7cfaf276f0deec).
2026-03-30T18:25:03.267+0200 [DEBUG] [org.gradle.cache.internal.LockOnDemandCrossProcessCacheAccess] Releasing file lock for cache directory 565b111fe41b2a05b3a973415436e29b (C:\Users\Luciano Muratore\Documents\ChordSeqAI\caches\9.3.0\transforms\565b111fe41b2a05b3a973415436e29b)
2026-03-30T18:25:03.267+0200 [DEBUG] [org.gradle.cache.internal.DefaultFileLockManager] Releasing lock on cache directory 565b111fe41b2a05b3a973415436e29b (C:\Users\Luciano Muratore\Documents\ChordSeqAI\caches\9.3.0\transforms\565b111fe41b2a05b3a973415436e29b).
2026-03-30T18:25:03.267+0200 [DEBUG] [org.gradle.cache.internal.LockOnDemandCrossProcessCacheAccess] Releasing file lock for cache directory 2141869c89b609371da54053b5cc0d0d (C:\Users\Luciano Muratore\Documents\ChordSeqAI\caches\9.3.0\transforms\2141869c89b609371da54053b5cc0d0d)
2026-03-30T18:25:03.267+0200 [DEBUG] [org.gradle.cache.internal.DefaultFileLockManager] Releasing lock on cache directory 2141869c89b609371da54053b5cc0d0d (C:\Users\Luciano Muratore\Documents\ChordSeqAI\caches\9.3.0\transforms\2141869c89b609371da54053b5cc0d0d).
2026-03-30T18:25:03.268+0200 [DEBUG] [org.gradle.cache.internal.LockOnDemandCrossProcessCacheAccess] Releasing file lock for cache directory d46c45822044a82d275f32725e5a93de (C:\Users\Luciano Muratore\Documents\ChordSeqAI\caches\9.3.0\transforms\d46c45822044a82d275f32725e5a93de)
2026-03-30T18:25:03.268+0200 [DEBUG] [org.gradle.cache.internal.DefaultFileLockManager] Releasing lock on cache directory d46c45822044a82d275f32725e5a93de (C:\Users\Luciano Muratore\Documents\ChordSeqAI\caches\9.3.0\transforms\d46c45822044a82d275f32725e5a93de).
2026-03-30T18:25:03.268+0200 [DEBUG] [org.gradle.cache.internal.LockOnDemandCrossProcessCacheAccess] Releasing file lock for cache directory aceddd8d1dd2622acfa89ce212867032 (C:\Users\Luciano Muratore\Documents\ChordSeqAI\caches\9.3.0\transforms\aceddd8d1dd2622acfa89ce212867032)
2026-03-30T18:25:03.268+0200 [DEBUG] [org.gradle.cache.internal.DefaultFileLockManager] Releasing lock on cache directory aceddd8d1dd2622acfa89ce212867032 (C:\Users\Luciano Muratore\Documents\ChordSeqAI\caches\9.3.0\transforms\aceddd8d1dd2622acfa89ce212867032).
2026-03-30T18:25:03.268+0200 [DEBUG] [org.gradle.cache.internal.LockOnDemandCrossProcessCacheAccess] Releasing file lock for cache directory 761caf620a0c495f6148d697ba5176cb (C:\Users\Luciano Muratore\Documents\ChordSeqAI\caches\9.3.0\transforms\761caf620a0c495f6148d697ba5176cb)
2026-03-30T18:25:03.269+0200 [DEBUG] [org.gradle.cache.internal.DefaultFileLockManager] Releasing lock on cache directory 761caf620a0c495f6148d697ba5176cb (C:\Users\Luciano Muratore\Documents\ChordSeqAI\caches\9.3.0\transforms\761caf620a0c495f6148d697ba5176cb).
2026-03-30T18:25:03.269+0200 [DEBUG] [org.gradle.cache.internal.LockOnDemandCrossProcessCacheAccess] Releasing file lock for cache directory 2b4cccf3a85d9fcb0f1b038dffc75854 (C:\Users\Luciano Muratore\Documents\ChordSeqAI\caches\9.3.0\transforms\2b4cccf3a85d9fcb0f1b038dffc75854)
2026-03-30T18:25:03.269+0200 [DEBUG] [org.gradle.cache.internal.DefaultFileLockManager] Releasing lock on cache directory 2b4cccf3a85d9fcb0f1b038dffc75854 (C:\Users\Luciano Muratore\Documents\ChordSeqAI\caches\9.3.0\transforms\2b4cccf3a85d9fcb0f1b038dffc75854).
2026-03-30T18:25:03.269+0200 [DEBUG] [org.gradle.cache.internal.LockOnDemandCrossProcessCacheAccess] Releasing file lock for cache directory 9db6711835d1d58a02802147bcd1f54d (C:\Users\Luciano Muratore\Documents\ChordSeqAI\caches\9.3.0\transforms\9db6711835d1d58a02802147bcd1f54d)
2026-03-30T18:25:03.269+0200 [DEBUG] [org.gradle.cache.internal.DefaultFileLockManager] Releasing lock on cache directory 9db6711835d1d58a02802147bcd1f54d (C:\Users\Luciano Muratore\Documents\ChordSeqAI\caches\9.3.0\transforms\9db6711835d1d58a02802147bcd1f54d).
2026-03-30T18:25:03.270+0200 [DEBUG] [org.gradle.cache.internal.LockOnDemandCrossProcessCacheAccess] Releasing file lock for cache directory e740bef3362597f38a147ea0e9e0fdd7 (C:\Users\Luciano Muratore\Documents\ChordSeqAI\caches\9.3.0\transforms\e740bef3362597f38a147ea0e9e0fdd7)
2026-03-30T18:25:03.270+0200 [DEBUG] [org.gradle.cache.internal.DefaultFileLockManager] Releasing lock on cache directory e740bef3362597f38a147ea0e9e0fdd7 (C:\Users\Luciano Muratore\Documents\ChordSeqAI\caches\9.3.0\transforms\e740bef3362597f38a147ea0e9e0fdd7).
2026-03-30T18:25:03.270+0200 [DEBUG] [org.gradle.cache.internal.LockOnDemandCrossProcessCacheAccess] Releasing file lock for cache directory 77227453c28c0b72e41c03ff64109a8e (C:\Users\Luciano Muratore\Documents\ChordSeqAI\caches\9.3.0\transforms\77227453c28c0b72e41c03ff64109a8e)
2026-03-30T18:25:03.270+0200 [DEBUG] [org.gradle.cache.internal.DefaultFileLockManager] Releasing lock on cache directory 77227453c28c0b72e41c03ff64109a8e (C:\Users\Luciano Muratore\Documents\ChordSeqAI\caches\9.3.0\transforms\77227453c28c0b72e41c03ff64109a8e).
2026-03-30T18:25:03.271+0200 [DEBUG] [org.gradle.cache.internal.LockOnDemandCrossProcessCacheAccess] Releasing file lock for cache directory df013314c85e426c546236aaf0ca9877 (C:\Users\Luciano Muratore\Documents\ChordSeqAI\caches\9.3.0\transforms\df013314c85e426c546236aaf0ca9877)
2026-03-30T18:25:03.271+0200 [DEBUG] [org.gradle.cache.internal.DefaultFileLockManager] Releasing lock on cache directory df013314c85e426c546236aaf0ca9877 (C:\Users\Luciano Muratore\Documents\ChordSeqAI\caches\9.3.0\transforms\df013314c85e426c546236aaf0ca9877).
2026-03-30T18:25:03.271+0200 [DEBUG] [org.gradle.cache.internal.LockOnDemandCrossProcessCacheAccess] Releasing file lock for cache directory cec770100ce37cc0438fe7f3c13e3aeb (C:\Users\Luciano Muratore\Documents\ChordSeqAI\caches\9.3.0\transforms\cec770100ce37cc0438fe7f3c13e3aeb)
2026-03-30T18:25:03.271+0200 [DEBUG] [org.gradle.cache.internal.DefaultFileLockManager] Releasing lock on cache directory cec770100ce37cc0438fe7f3c13e3aeb (C:\Users\Luciano Muratore\Documents\ChordSeqAI\caches\9.3.0\transforms\cec770100ce37cc0438fe7f3c13e3aeb).
2026-03-30T18:25:03.272+0200 [DEBUG] [org.gradle.cache.internal.LockOnDemandCrossProcessCacheAccess] Releasing file lock for cache directory 6dec4e846843644f674a2eed05589c09 (C:\Users\Luciano Muratore\Documents\ChordSeqAI\caches\9.3.0\transforms\6dec4e846843644f674a2eed05589c09)
2026-03-30T18:25:03.272+0200 [DEBUG] [org.gradle.cache.internal.DefaultFileLockManager] Releasing lock on cache directory 6dec4e846843644f674a2eed05589c09 (C:\Users\Luciano Muratore\Documents\ChordSeqAI\caches\9.3.0\transforms\6dec4e846843644f674a2eed05589c09).
2026-03-30T18:25:03.272+0200 [DEBUG] [org.gradle.cache.internal.LockOnDemandCrossProcessCacheAccess] Releasing file lock for cache directory bc5ce21b7562494e4bd8316bba4d51ca (C:\Users\Luciano Muratore\Documents\ChordSeqAI\caches\9.3.0\transforms\bc5ce21b7562494e4bd8316bba4d51ca)
2026-03-30T18:25:03.272+0200 [DEBUG] [org.gradle.cache.internal.DefaultFileLockManager] Releasing lock on cache directory bc5ce21b7562494e4bd8316bba4d51ca (C:\Users\Luciano Muratore\Documents\ChordSeqAI\caches\9.3.0\transforms\bc5ce21b7562494e4bd8316bba4d51ca).
2026-03-30T18:25:03.272+0200 [DEBUG] [org.gradle.cache.internal.LockOnDemandCrossProcessCacheAccess] Releasing file lock for cache directory 57cdc79722e1e53a012562ccb6c1033f (C:\Users\Luciano Muratore\Documents\ChordSeqAI\caches\9.3.0\transforms\57cdc79722e1e53a012562ccb6c1033f)
2026-03-30T18:25:03.272+0200 [DEBUG] [org.gradle.cache.internal.DefaultFileLockManager] Releasing lock on cache directory 57cdc79722e1e53a012562ccb6c1033f (C:\Users\Luciano Muratore\Documents\ChordSeqAI\caches\9.3.0\transforms\57cdc79722e1e53a012562ccb6c1033f).
2026-03-30T18:25:03.273+0200 [DEBUG] [org.gradle.cache.internal.LockOnDemandCrossProcessCacheAccess] Releasing file lock for cache directory d94dd57bcf1a40e181558f9b42832932 (C:\Users\Luciano Muratore\Documents\ChordSeqAI\caches\9.3.0\transforms\d94dd57bcf1a40e181558f9b42832932)
2026-03-30T18:25:03.273+0200 [DEBUG] [org.gradle.cache.internal.DefaultFileLockManager] Releasing lock on cache directory d94dd57bcf1a40e181558f9b42832932 (C:\Users\Luciano Muratore\Documents\ChordSeqAI\caches\9.3.0\transforms\d94dd57bcf1a40e181558f9b42832932).
2026-03-30T18:25:03.273+0200 [DEBUG] [org.gradle.cache.internal.LockOnDemandCrossProcessCacheAccess] Releasing file lock for cache directory 1d1466bfd7d0a3a919a46f09b2e840af (C:\Users\Luciano Muratore\Documents\ChordSeqAI\caches\9.3.0\transforms\1d1466bfd7d0a3a919a46f09b2e840af)
2026-03-30T18:25:03.273+0200 [DEBUG] [org.gradle.cache.internal.DefaultFileLockManager] Releasing lock on cache directory 1d1466bfd7d0a3a919a46f09b2e840af (C:\Users\Luciano Muratore\Documents\ChordSeqAI\caches\9.3.0\transforms\1d1466bfd7d0a3a919a46f09b2e840af).
2026-03-30T18:25:03.274+0200 [DEBUG] [org.gradle.cache.internal.LockOnDemandCrossProcessCacheAccess] Releasing file lock for cache directory 66239dbae02a053e377ae8dc8fea60d2 (C:\Users\Luciano Muratore\Documents\ChordSeqAI\caches\9.3.0\transforms\66239dbae02a053e377ae8dc8fea60d2)
2026-03-30T18:25:03.274+0200 [DEBUG] [org.gradle.cache.internal.DefaultFileLockManager] Releasing lock on cache directory 66239dbae02a053e377ae8dc8fea60d2 (C:\Users\Luciano Muratore\Documents\ChordSeqAI\caches\9.3.0\transforms\66239dbae02a053e377ae8dc8fea60d2).
2026-03-30T18:25:03.274+0200 [DEBUG] [org.gradle.cache.internal.LockOnDemandCrossProcessCacheAccess] Releasing file lock for cache directory 8943c69698a0ef39b0e9461f2e59cf33 (C:\Users\Luciano Muratore\Documents\ChordSeqAI\caches\9.3.0\transforms\8943c69698a0ef39b0e9461f2e59cf33)
2026-03-30T18:25:03.275+0200 [DEBUG] [org.gradle.cache.internal.DefaultFileLockManager] Releasing lock on cache directory 8943c69698a0ef39b0e9461f2e59cf33 (C:\Users\Luciano Muratore\Documents\ChordSeqAI\caches\9.3.0\transforms\8943c69698a0ef39b0e9461f2e59cf33).
2026-03-30T18:25:03.275+0200 [DEBUG] [org.gradle.cache.internal.LockOnDemandCrossProcessCacheAccess] Releasing file lock for cache directory 73173af11802c6d96b0e936e56349d5b (C:\Users\Luciano Muratore\Documents\ChordSeqAI\caches\9.3.0\transforms\73173af11802c6d96b0e936e56349d5b)
2026-03-30T18:25:03.275+0200 [DEBUG] [org.gradle.cache.internal.DefaultFileLockManager] Releasing lock on cache directory 73173af11802c6d96b0e936e56349d5b (C:\Users\Luciano Muratore\Documents\ChordSeqAI\caches\9.3.0\transforms\73173af11802c6d96b0e936e56349d5b).
2026-03-30T18:25:03.275+0200 [DEBUG] [org.gradle.cache.internal.LockOnDemandCrossProcessCacheAccess] Releasing file lock for cache directory 731a4e08540691d0d61668e6c712b693 (C:\Users\Luciano Muratore\Documents\ChordSeqAI\caches\9.3.0\transforms\731a4e08540691d0d61668e6c712b693)
2026-03-30T18:25:03.275+0200 [DEBUG] [org.gradle.cache.internal.DefaultFileLockManager] Releasing lock on cache directory 731a4e08540691d0d61668e6c712b693 (C:\Users\Luciano Muratore\Documents\ChordSeqAI\caches\9.3.0\transforms\731a4e08540691d0d61668e6c712b693).
2026-03-30T18:25:03.276+0200 [DEBUG] [org.gradle.cache.internal.LockOnDemandCrossProcessCacheAccess] Releasing file lock for cache directory 51b35f42aabc8348448ed864aa9d0228 (C:\Users\Luciano Muratore\Documents\ChordSeqAI\caches\9.3.0\transforms\51b35f42aabc8348448ed864aa9d0228)
2026-03-30T18:25:03.276+0200 [DEBUG] [org.gradle.cache.internal.DefaultFileLockManager] Releasing lock on cache directory 51b35f42aabc8348448ed864aa9d0228 (C:\Users\Luciano Muratore\Documents\ChordSeqAI\caches\9.3.0\transforms\51b35f42aabc8348448ed864aa9d0228).
2026-03-30T18:25:03.276+0200 [DEBUG] [org.gradle.cache.internal.LockOnDemandCrossProcessCacheAccess] Releasing file lock for cache directory 23817d13f30c6cf939003e22004d046c (C:\Users\Luciano Muratore\Documents\ChordSeqAI\caches\9.3.0\transforms\23817d13f30c6cf939003e22004d046c)
2026-03-30T18:25:03.276+0200 [DEBUG] [org.gradle.cache.internal.DefaultFileLockManager] Releasing lock on cache directory 23817d13f30c6cf939003e22004d046c (C:\Users\Luciano Muratore\Documents\ChordSeqAI\caches\9.3.0\transforms\23817d13f30c6cf939003e22004d046c).
2026-03-30T18:25:03.277+0200 [DEBUG] [org.gradle.cache.internal.LockOnDemandCrossProcessCacheAccess] Releasing file lock for cache directory 715858e8586f5a0d134884f996da9bbb (C:\Users\Luciano Muratore\Documents\ChordSeqAI\caches\9.3.0\transforms\715858e8586f5a0d134884f996da9bbb)
2026-03-30T18:25:03.277+0200 [DEBUG] [org.gradle.cache.internal.DefaultFileLockManager] Releasing lock on cache directory 715858e8586f5a0d134884f996da9bbb (C:\Users\Luciano Muratore\Documents\ChordSeqAI\caches\9.3.0\transforms\715858e8586f5a0d134884f996da9bbb).
2026-03-30T18:25:03.278+0200 [DEBUG] [org.gradle.cache.internal.LockOnDemandCrossProcessCacheAccess] Releasing file lock for cache directory 103a87cbc1c9dc2baa6dedec16de5761 (C:\Users\Luciano Muratore\Documents\ChordSeqAI\caches\9.3.0\transforms\103a87cbc1c9dc2baa6dedec16de5761)
2026-03-30T18:25:03.278+0200 [DEBUG] [org.gradle.cache.internal.DefaultFileLockManager] Releasing lock on cache directory 103a87cbc1c9dc2baa6dedec16de5761 (C:\Users\Luciano Muratore\Documents\ChordSeqAI\caches\9.3.0\transforms\103a87cbc1c9dc2baa6dedec16de5761).
2026-03-30T18:25:03.278+0200 [DEBUG] [org.gradle.cache.internal.LockOnDemandCrossProcessCacheAccess] Releasing file lock for cache directory 97718899e8a05d77cfcaaaa97eca0457 (C:\Users\Luciano Muratore\Documents\ChordSeqAI\caches\9.3.0\transforms\97718899e8a05d77cfcaaaa97eca0457)
2026-03-30T18:25:03.278+0200 [DEBUG] [org.gradle.cache.internal.DefaultFileLockManager] Releasing lock on cache directory 97718899e8a05d77cfcaaaa97eca0457 (C:\Users\Luciano Muratore\Documents\ChordSeqAI\caches\9.3.0\transforms\97718899e8a05d77cfcaaaa97eca0457).
2026-03-30T18:25:03.279+0200 [DEBUG] [org.gradle.cache.internal.LockOnDemandCrossProcessCacheAccess] Releasing file lock for cache directory f838bc30427e3cbf315d605a8f4fbe36 (C:\Users\Luciano Muratore\Documents\ChordSeqAI\caches\9.3.0\transforms\f838bc30427e3cbf315d605a8f4fbe36)
2026-03-30T18:25:03.279+0200 [DEBUG] [org.gradle.cache.internal.DefaultFileLockManager] Releasing lock on cache directory f838bc30427e3cbf315d605a8f4fbe36 (C:\Users\Luciano Muratore\Documents\ChordSeqAI\caches\9.3.0\transforms\f838bc30427e3cbf315d605a8f4fbe36).
2026-03-30T18:25:03.279+0200 [DEBUG] [org.gradle.cache.internal.LockOnDemandCrossProcessCacheAccess] Releasing file lock for cache directory 9199c0998b46022903a6978a70d0c3b3 (C:\Users\Luciano Muratore\Documents\ChordSeqAI\caches\9.3.0\transforms\9199c0998b46022903a6978a70d0c3b3)
2026-03-30T18:25:03.279+0200 [DEBUG] [org.gradle.cache.internal.DefaultFileLockManager] Releasing lock on cache directory 9199c0998b46022903a6978a70d0c3b3 (C:\Users\Luciano Muratore\Documents\ChordSeqAI\caches\9.3.0\transforms\9199c0998b46022903a6978a70d0c3b3).
2026-03-30T18:25:03.279+0200 [DEBUG] [org.gradle.cache.internal.LockOnDemandCrossProcessCacheAccess] Releasing file lock for cache directory 6da7a58ee7fd15c85e9dfc4945efc6ac (C:\Users\Luciano Muratore\Documents\ChordSeqAI\caches\9.3.0\transforms\6da7a58ee7fd15c85e9dfc4945efc6ac)
2026-03-30T18:25:03.280+0200 [DEBUG] [org.gradle.cache.internal.DefaultFileLockManager] Releasing lock on cache directory 6da7a58ee7fd15c85e9dfc4945efc6ac (C:\Users\Luciano Muratore\Documents\ChordSeqAI\caches\9.3.0\transforms\6da7a58ee7fd15c85e9dfc4945efc6ac).
2026-03-30T18:25:03.280+0200 [DEBUG] [org.gradle.cache.internal.LockOnDemandCrossProcessCacheAccess] Releasing file lock for cache directory 827d4af5ddbb0f69e03292590c4f5fdb (C:\Users\Luciano Muratore\Documents\ChordSeqAI\caches\9.3.0\transforms\827d4af5ddbb0f69e03292590c4f5fdb)
2026-03-30T18:25:03.280+0200 [DEBUG] [org.gradle.cache.internal.DefaultFileLockManager] Releasing lock on cache directory 827d4af5ddbb0f69e03292590c4f5fdb (C:\Users\Luciano Muratore\Documents\ChordSeqAI\caches\9.3.0\transforms\827d4af5ddbb0f69e03292590c4f5fdb).
2026-03-30T18:25:03.280+0200 [DEBUG] [org.gradle.cache.internal.LockOnDemandCrossProcessCacheAccess] Releasing file lock for cache directory 5fb402a0ffbd5a2ae11614bfb32cdf34 (C:\Users\Luciano Muratore\Documents\ChordSeqAI\caches\9.3.0\transforms\5fb402a0ffbd5a2ae11614bfb32cdf34)
2026-03-30T18:25:03.280+0200 [DEBUG] [org.gradle.cache.internal.DefaultFileLockManager] Releasing lock on cache directory 5fb402a0ffbd5a2ae11614bfb32cdf34 (C:\Users\Luciano Muratore\Documents\ChordSeqAI\caches\9.3.0\transforms\5fb402a0ffbd5a2ae11614bfb32cdf34).
2026-03-30T18:25:03.281+0200 [DEBUG] [org.gradle.cache.internal.LockOnDemandCrossProcessCacheAccess] Releasing file lock for cache directory 64a9d64e43681fce8b5260bf7b96ead6 (C:\Users\Luciano Muratore\Documents\ChordSeqAI\caches\9.3.0\transforms\64a9d64e43681fce8b5260bf7b96ead6)
2026-03-30T18:25:03.281+0200 [DEBUG] [org.gradle.cache.internal.DefaultFileLockManager] Releasing lock on cache directory 64a9d64e43681fce8b5260bf7b96ead6 (C:\Users\Luciano Muratore\Documents\ChordSeqAI\caches\9.3.0\transforms\64a9d64e43681fce8b5260bf7b96ead6).
2026-03-30T18:25:03.281+0200 [DEBUG] [org.gradle.cache.internal.LockOnDemandCrossProcessCacheAccess] Releasing file lock for cache directory c58a6c204d0939c5b20f9ab850020ceb (C:\Users\Luciano Muratore\Documents\ChordSeqAI\caches\9.3.0\transforms\c58a6c204d0939c5b20f9ab850020ceb)
2026-03-30T18:25:03.281+0200 [DEBUG] [org.gradle.cache.internal.DefaultFileLockManager] Releasing lock on cache directory c58a6c204d0939c5b20f9ab850020ceb (C:\Users\Luciano Muratore\Documents\ChordSeqAI\caches\9.3.0\transforms\c58a6c204d0939c5b20f9ab850020ceb).
2026-03-30T18:25:03.282+0200 [DEBUG] [org.gradle.cache.internal.LockOnDemandCrossProcessCacheAccess] Releasing file lock for cache directory 2c6f353240ea17f0da2b685306a9ccbd (C:\Users\Luciano Muratore\Documents\ChordSeqAI\caches\9.3.0\transforms\2c6f353240ea17f0da2b685306a9ccbd)
2026-03-30T18:25:03.282+0200 [DEBUG] [org.gradle.cache.internal.DefaultFileLockManager] Releasing lock on cache directory 2c6f353240ea17f0da2b685306a9ccbd (C:\Users\Luciano Muratore\Documents\ChordSeqAI\caches\9.3.0\transforms\2c6f353240ea17f0da2b685306a9ccbd).
2026-03-30T18:25:03.282+0200 [DEBUG] [org.gradle.cache.internal.LockOnDemandCrossProcessCacheAccess] Releasing file lock for cache directory 3ddc6768ac203592c128d173fa8b7c99 (C:\Users\Luciano Muratore\Documents\ChordSeqAI\caches\9.3.0\transforms\3ddc6768ac203592c128d173fa8b7c99)
2026-03-30T18:25:03.283+0200 [DEBUG] [org.gradle.cache.internal.DefaultFileLockManager] Releasing lock on cache directory 3ddc6768ac203592c128d173fa8b7c99 (C:\Users\Luciano Muratore\Documents\ChordSeqAI\caches\9.3.0\transforms\3ddc6768ac203592c128d173fa8b7c99).
2026-03-30T18:25:03.283+0200 [DEBUG] [org.gradle.cache.internal.LockOnDemandCrossProcessCacheAccess] Releasing file lock for cache directory 5ef238b9459086357b2014b82a2f11ab (C:\Users\Luciano Muratore\Documents\ChordSeqAI\caches\9.3.0\transforms\5ef238b9459086357b2014b82a2f11ab)
2026-03-30T18:25:03.283+0200 [DEBUG] [org.gradle.cache.internal.DefaultFileLockManager] Releasing lock on cache directory 5ef238b9459086357b2014b82a2f11ab (C:\Users\Luciano Muratore\Documents\ChordSeqAI\caches\9.3.0\transforms\5ef238b9459086357b2014b82a2f11ab).
2026-03-30T18:25:03.283+0200 [DEBUG] [org.gradle.cache.internal.LockOnDemandCrossProcessCacheAccess] Releasing file lock for cache directory 51afa47f90f1ec4eefba7f558d91f83a (C:\Users\Luciano Muratore\Documents\ChordSeqAI\caches\9.3.0\transforms\51afa47f90f1ec4eefba7f558d91f83a)
2026-03-30T18:25:03.283+0200 [DEBUG] [org.gradle.cache.internal.DefaultFileLockManager] Releasing lock on cache directory 51afa47f90f1ec4eefba7f558d91f83a (C:\Users\Luciano Muratore\Documents\ChordSeqAI\caches\9.3.0\transforms\51afa47f90f1ec4eefba7f558d91f83a).
2026-03-30T18:25:03.284+0200 [DEBUG] [org.gradle.cache.internal.LockOnDemandCrossProcessCacheAccess] Releasing file lock for cache directory 467260ad292398b52ae0b0dd94870393 (C:\Users\Luciano Muratore\Documents\ChordSeqAI\caches\9.3.0\transforms\467260ad292398b52ae0b0dd94870393)
2026-03-30T18:25:03.284+0200 [DEBUG] [org.gradle.cache.internal.DefaultFileLockManager] Releasing lock on cache directory 467260ad292398b52ae0b0dd94870393 (C:\Users\Luciano Muratore\Documents\ChordSeqAI\caches\9.3.0\transforms\467260ad292398b52ae0b0dd94870393).
2026-03-30T18:25:03.285+0200 [DEBUG] [org.gradle.cache.internal.LockOnDemandCrossProcessCacheAccess] Releasing file lock for cache directory 4cbae3e12758c87d63ae205ffd64d441 (C:\Users\Luciano Muratore\Documents\ChordSeqAI\caches\9.3.0\transforms\4cbae3e12758c87d63ae205ffd64d441)
2026-03-30T18:25:03.285+0200 [DEBUG] [org.gradle.cache.internal.DefaultFileLockManager] Releasing lock on cache directory 4cbae3e12758c87d63ae205ffd64d441 (C:\Users\Luciano Muratore\Documents\ChordSeqAI\caches\9.3.0\transforms\4cbae3e12758c87d63ae205ffd64d441).
2026-03-30T18:25:03.286+0200 [DEBUG] [org.gradle.cache.internal.LockOnDemandCrossProcessCacheAccess] Releasing file lock for cache directory 27c4edc931c54f607e62e91b52decb46 (C:\Users\Luciano Muratore\Documents\ChordSeqAI\caches\9.3.0\transforms\27c4edc931c54f607e62e91b52decb46)
2026-03-30T18:25:03.286+0200 [DEBUG] [org.gradle.cache.internal.DefaultFileLockManager] Releasing lock on cache directory 27c4edc931c54f607e62e91b52decb46 (C:\Users\Luciano Muratore\Documents\ChordSeqAI\caches\9.3.0\transforms\27c4edc931c54f607e62e91b52decb46).
2026-03-30T18:25:03.286+0200 [DEBUG] [org.gradle.cache.internal.LockOnDemandCrossProcessCacheAccess] Releasing file lock for cache directory 20dd2f316d73e2df92aa18e4b6843bc0 (C:\Users\Luciano Muratore\Documents\ChordSeqAI\caches\9.3.0\transforms\20dd2f316d73e2df92aa18e4b6843bc0)
2026-03-30T18:25:03.286+0200 [DEBUG] [org.gradle.cache.internal.DefaultFileLockManager] Releasing lock on cache directory 20dd2f316d73e2df92aa18e4b6843bc0 (C:\Users\Luciano Muratore\Documents\ChordSeqAI\caches\9.3.0\transforms\20dd2f316d73e2df92aa18e4b6843bc0).
2026-03-30T18:25:03.287+0200 [DEBUG] [org.gradle.cache.internal.LockOnDemandCrossProcessCacheAccess] Releasing file lock for cache directory 150ce0d4a601b2d1e977e70d810c0c02 (C:\Users\Luciano Muratore\Documents\ChordSeqAI\caches\9.3.0\transforms\150ce0d4a601b2d1e977e70d810c0c02)
2026-03-30T18:25:03.287+0200 [DEBUG] [org.gradle.cache.internal.DefaultFileLockManager] Releasing lock on cache directory 150ce0d4a601b2d1e977e70d810c0c02 (C:\Users\Luciano Muratore\Documents\ChordSeqAI\caches\9.3.0\transforms\150ce0d4a601b2d1e977e70d810c0c02).
2026-03-30T18:25:03.287+0200 [DEBUG] [org.gradle.cache.internal.LockOnDemandCrossProcessCacheAccess] Releasing file lock for cache directory bd256db76893434a4dca80c122492fd5 (C:\Users\Luciano Muratore\Documents\ChordSeqAI\caches\9.3.0\transforms\bd256db76893434a4dca80c122492fd5)
2026-03-30T18:25:03.287+0200 [DEBUG] [org.gradle.cache.internal.DefaultFileLockManager] Releasing lock on cache directory bd256db76893434a4dca80c122492fd5 (C:\Users\Luciano Muratore\Documents\ChordSeqAI\caches\9.3.0\transforms\bd256db76893434a4dca80c122492fd5).
2026-03-30T18:25:03.287+0200 [DEBUG] [org.gradle.cache.internal.LockOnDemandCrossProcessCacheAccess] Releasing file lock for cache directory b629ff135fffdd21ff2bd0ea3a3a19e2 (C:\Users\Luciano Muratore\Documents\ChordSeqAI\caches\9.3.0\transforms\b629ff135fffdd21ff2bd0ea3a3a19e2)
2026-03-30T18:25:03.288+0200 [DEBUG] [org.gradle.cache.internal.DefaultFileLockManager] Releasing lock on cache directory b629ff135fffdd21ff2bd0ea3a3a19e2 (C:\Users\Luciano Muratore\Documents\ChordSeqAI\caches\9.3.0\transforms\b629ff135fffdd21ff2bd0ea3a3a19e2).
2026-03-30T18:25:03.288+0200 [DEBUG] [org.gradle.cache.internal.LockOnDemandCrossProcessCacheAccess] Releasing file lock for cache directory e296f53cf216045e3a61b0cb8e439c8a (C:\Users\Luciano Muratore\Documents\ChordSeqAI\caches\9.3.0\transforms\e296f53cf216045e3a61b0cb8e439c8a)
2026-03-30T18:25:03.288+0200 [DEBUG] [org.gradle.cache.internal.DefaultFileLockManager] Releasing lock on cache directory e296f53cf216045e3a61b0cb8e439c8a (C:\Users\Luciano Muratore\Documents\ChordSeqAI\caches\9.3.0\transforms\e296f53cf216045e3a61b0cb8e439c8a).
2026-03-30T18:25:03.288+0200 [DEBUG] [org.gradle.cache.internal.LockOnDemandCrossProcessCacheAccess] Releasing file lock for cache directory 66201ecc99ae63719b50b20484bd7776 (C:\Users\Luciano Muratore\Documents\ChordSeqAI\caches\9.3.0\transforms\66201ecc99ae63719b50b20484bd7776)
2026-03-30T18:25:03.288+0200 [DEBUG] [org.gradle.cache.internal.DefaultFileLockManager] Releasing lock on cache directory 66201ecc99ae63719b50b20484bd7776 (C:\Users\Luciano Muratore\Documents\ChordSeqAI\caches\9.3.0\transforms\66201ecc99ae63719b50b20484bd7776).
2026-03-30T18:25:03.289+0200 [DEBUG] [org.gradle.cache.internal.LockOnDemandCrossProcessCacheAccess] Releasing file lock for cache directory 871cb57920ad60e572cfee07fba80dbf (C:\Users\Luciano Muratore\Documents\ChordSeqAI\caches\9.3.0\transforms\871cb57920ad60e572cfee07fba80dbf)
2026-03-30T18:25:03.289+0200 [DEBUG] [org.gradle.cache.internal.DefaultFileLockManager] Releasing lock on cache directory 871cb57920ad60e572cfee07fba80dbf (C:\Users\Luciano Muratore\Documents\ChordSeqAI\caches\9.3.0\transforms\871cb57920ad60e572cfee07fba80dbf).
2026-03-30T18:25:03.289+0200 [DEBUG] [org.gradle.cache.internal.LockOnDemandCrossProcessCacheAccess] Releasing file lock for cache directory 5d2c797f04bff7e5774154dd0f4ddedf (C:\Users\Luciano Muratore\Documents\ChordSeqAI\caches\9.3.0\transforms\5d2c797f04bff7e5774154dd0f4ddedf)
2026-03-30T18:25:03.289+0200 [DEBUG] [org.gradle.cache.internal.DefaultFileLockManager] Releasing lock on cache directory 5d2c797f04bff7e5774154dd0f4ddedf (C:\Users\Luciano Muratore\Documents\ChordSeqAI\caches\9.3.0\transforms\5d2c797f04bff7e5774154dd0f4ddedf).
2026-03-30T18:25:03.290+0200 [DEBUG] [org.gradle.cache.internal.LockOnDemandCrossProcessCacheAccess] Releasing file lock for cache directory 5683747861552dbc2247c2da4de7962a (C:\Users\Luciano Muratore\Documents\ChordSeqAI\caches\9.3.0\transforms\5683747861552dbc2247c2da4de7962a)
2026-03-30T18:25:03.290+0200 [DEBUG] [org.gradle.cache.internal.DefaultFileLockManager] Releasing lock on cache directory 5683747861552dbc2247c2da4de7962a (C:\Users\Luciano Muratore\Documents\ChordSeqAI\caches\9.3.0\transforms\5683747861552dbc2247c2da4de7962a).
2026-03-30T18:25:03.290+0200 [DEBUG] [org.gradle.cache.internal.LockOnDemandCrossProcessCacheAccess] Releasing file lock for cache directory 91a3b986f05daccfdd462c98ecbb3780 (C:\Users\Luciano Muratore\Documents\ChordSeqAI\caches\9.3.0\transforms\91a3b986f05daccfdd462c98ecbb3780)
2026-03-30T18:25:03.290+0200 [DEBUG] [org.gradle.cache.internal.DefaultFileLockManager] Releasing lock on cache directory 91a3b986f05daccfdd462c98ecbb3780 (C:\Users\Luciano Muratore\Documents\ChordSeqAI\caches\9.3.0\transforms\91a3b986f05daccfdd462c98ecbb3780).
2026-03-30T18:25:03.291+0200 [DEBUG] [org.gradle.cache.internal.LockOnDemandCrossProcessCacheAccess] Releasing file lock for cache directory 62d9853c10a18ad09ce2be96b3192ce4 (C:\Users\Luciano Muratore\Documents\ChordSeqAI\caches\9.3.0\transforms\62d9853c10a18ad09ce2be96b3192ce4)
2026-03-30T18:25:03.291+0200 [DEBUG] [org.gradle.cache.internal.DefaultFileLockManager] Releasing lock on cache directory 62d9853c10a18ad09ce2be96b3192ce4 (C:\Users\Luciano Muratore\Documents\ChordSeqAI\caches\9.3.0\transforms\62d9853c10a18ad09ce2be96b3192ce4).
2026-03-30T18:25:03.291+0200 [DEBUG] [org.gradle.cache.internal.LockOnDemandCrossProcessCacheAccess] Releasing file lock for cache directory be214309d4b1ba98f3f906049d3fb276 (C:\Users\Luciano Muratore\Documents\ChordSeqAI\caches\9.3.0\transforms\be214309d4b1ba98f3f906049d3fb276)
2026-03-30T18:25:03.292+0200 [DEBUG] [org.gradle.cache.internal.DefaultFileLockManager] Releasing lock on cache directory be214309d4b1ba98f3f906049d3fb276 (C:\Users\Luciano Muratore\Documents\ChordSeqAI\caches\9.3.0\transforms\be214309d4b1ba98f3f906049d3fb276).
2026-03-30T18:25:03.292+0200 [DEBUG] [org.gradle.cache.internal.LockOnDemandCrossProcessCacheAccess] Releasing file lock for cache directory de65013592ee3330ef977661c625b80c (C:\Users\Luciano Muratore\Documents\ChordSeqAI\caches\9.3.0\transforms\de65013592ee3330ef977661c625b80c)
2026-03-30T18:25:03.292+0200 [DEBUG] [org.gradle.cache.internal.DefaultFileLockManager] Releasing lock on cache directory de65013592ee3330ef977661c625b80c (C:\Users\Luciano Muratore\Documents\ChordSeqAI\caches\9.3.0\transforms\de65013592ee3330ef977661c625b80c).
2026-03-30T18:25:03.292+0200 [DEBUG] [org.gradle.cache.internal.LockOnDemandCrossProcessCacheAccess] Releasing file lock for cache directory 6a92d368b66040be21a3564966f8cb1d (C:\Users\Luciano Muratore\Documents\ChordSeqAI\caches\9.3.0\transforms\6a92d368b66040be21a3564966f8cb1d)
2026-03-30T18:25:03.292+0200 [DEBUG] [org.gradle.cache.internal.DefaultFileLockManager] Releasing lock on cache directory 6a92d368b66040be21a3564966f8cb1d (C:\Users\Luciano Muratore\Documents\ChordSeqAI\caches\9.3.0\transforms\6a92d368b66040be21a3564966f8cb1d).
2026-03-30T18:25:03.293+0200 [DEBUG] [org.gradle.cache.internal.LockOnDemandCrossProcessCacheAccess] Releasing file lock for cache directory 12fc4d2efe96bf09e258c76881769854 (C:\Users\Luciano Muratore\Documents\ChordSeqAI\caches\9.3.0\transforms\12fc4d2efe96bf09e258c76881769854)
2026-03-30T18:25:03.293+0200 [DEBUG] [org.gradle.cache.internal.DefaultFileLockManager] Releasing lock on cache directory 12fc4d2efe96bf09e258c76881769854 (C:\Users\Luciano Muratore\Documents\ChordSeqAI\caches\9.3.0\transforms\12fc4d2efe96bf09e258c76881769854).
2026-03-30T18:25:03.293+0200 [DEBUG] [org.gradle.cache.internal.LockOnDemandCrossProcessCacheAccess] Releasing file lock for cache directory b60f9971b435af551cb512af4fddfa57 (C:\Users\Luciano Muratore\Documents\ChordSeqAI\caches\9.3.0\transforms\b60f9971b435af551cb512af4fddfa57)
2026-03-30T18:25:03.293+0200 [DEBUG] [org.gradle.cache.internal.DefaultFileLockManager] Releasing lock on cache directory b60f9971b435af551cb512af4fddfa57 (C:\Users\Luciano Muratore\Documents\ChordSeqAI\caches\9.3.0\transforms\b60f9971b435af551cb512af4fddfa57).
2026-03-30T18:25:03.294+0200 [DEBUG] [org.gradle.cache.internal.LockOnDemandCrossProcessCacheAccess] Releasing file lock for cache directory fa9aecc7aee7abc780845afbcdc4c954 (C:\Users\Luciano Muratore\Documents\ChordSeqAI\caches\9.3.0\transforms\fa9aecc7aee7abc780845afbcdc4c954)
2026-03-30T18:25:03.294+0200 [DEBUG] [org.gradle.cache.internal.DefaultFileLockManager] Releasing lock on cache directory fa9aecc7aee7abc780845afbcdc4c954 (C:\Users\Luciano Muratore\Documents\ChordSeqAI\caches\9.3.0\transforms\fa9aecc7aee7abc780845afbcdc4c954).
2026-03-30T18:25:03.294+0200 [DEBUG] [org.gradle.cache.internal.LockOnDemandCrossProcessCacheAccess] Releasing file lock for cache directory 252ebccfa35429ddb6b8b0553f807cf9 (C:\Users\Luciano Muratore\Documents\ChordSeqAI\caches\9.3.0\transforms\252ebccfa35429ddb6b8b0553f807cf9)
2026-03-30T18:25:03.294+0200 [DEBUG] [org.gradle.cache.internal.DefaultFileLockManager] Releasing lock on cache directory 252ebccfa35429ddb6b8b0553f807cf9 (C:\Users\Luciano Muratore\Documents\ChordSeqAI\caches\9.3.0\transforms\252ebccfa35429ddb6b8b0553f807cf9).
2026-03-30T18:25:03.294+0200 [DEBUG] [org.gradle.cache.internal.LockOnDemandCrossProcessCacheAccess] Releasing file lock for cache directory 4aac81a76bec39682588c665e2a242a1 (C:\Users\Luciano Muratore\Documents\ChordSeqAI\caches\9.3.0\transforms\4aac81a76bec39682588c665e2a242a1)
2026-03-30T18:25:03.294+0200 [DEBUG] [org.gradle.cache.internal.DefaultFileLockManager] Releasing lock on cache directory 4aac81a76bec39682588c665e2a242a1 (C:\Users\Luciano Muratore\Documents\ChordSeqAI\caches\9.3.0\transforms\4aac81a76bec39682588c665e2a242a1).
2026-03-30T18:25:03.295+0200 [DEBUG] [org.gradle.cache.internal.LockOnDemandCrossProcessCacheAccess] Releasing file lock for cache directory 803e07ff449bdc64481098a55bf1b49b (C:\Users\Luciano Muratore\Documents\ChordSeqAI\caches\9.3.0\transforms\803e07ff449bdc64481098a55bf1b49b)
2026-03-30T18:25:03.295+0200 [DEBUG] [org.gradle.cache.internal.DefaultFileLockManager] Releasing lock on cache directory 803e07ff449bdc64481098a55bf1b49b (C:\Users\Luciano Muratore\Documents\ChordSeqAI\caches\9.3.0\transforms\803e07ff449bdc64481098a55bf1b49b).
2026-03-30T18:25:03.295+0200 [DEBUG] [org.gradle.cache.internal.LockOnDemandCrossProcessCacheAccess] Releasing file lock for cache directory cf328b4562915ac23ccae59ee142d19f (C:\Users\Luciano Muratore\Documents\ChordSeqAI\caches\9.3.0\transforms\cf328b4562915ac23ccae59ee142d19f)
2026-03-30T18:25:03.295+0200 [DEBUG] [org.gradle.cache.internal.DefaultFileLockManager] Releasing lock on cache directory cf328b4562915ac23ccae59ee142d19f (C:\Users\Luciano Muratore\Documents\ChordSeqAI\caches\9.3.0\transforms\cf328b4562915ac23ccae59ee142d19f).
2026-03-30T18:25:03.296+0200 [DEBUG] [org.gradle.cache.internal.LockOnDemandCrossProcessCacheAccess] Releasing file lock for cache directory cfc46432794d168ad578b6ec986ddffa (C:\Users\Luciano Muratore\Documents\ChordSeqAI\caches\9.3.0\transforms\cfc46432794d168ad578b6ec986ddffa)
2026-03-30T18:25:03.296+0200 [DEBUG] [org.gradle.cache.internal.DefaultFileLockManager] Releasing lock on cache directory cfc46432794d168ad578b6ec986ddffa (C:\Users\Luciano Muratore\Documents\ChordSeqAI\caches\9.3.0\transforms\cfc46432794d168ad578b6ec986ddffa).
2026-03-30T18:25:03.296+0200 [DEBUG] [org.gradle.cache.internal.LockOnDemandCrossProcessCacheAccess] Releasing file lock for cache directory 8c80203e052bdd94bb1b0ebe6e4a232f (C:\Users\Luciano Muratore\Documents\ChordSeqAI\caches\9.3.0\transforms\8c80203e052bdd94bb1b0ebe6e4a232f)
2026-03-30T18:25:03.296+0200 [DEBUG] [org.gradle.cache.internal.DefaultFileLockManager] Releasing lock on cache directory 8c80203e052bdd94bb1b0ebe6e4a232f (C:\Users\Luciano Muratore\Documents\ChordSeqAI\caches\9.3.0\transforms\8c80203e052bdd94bb1b0ebe6e4a232f).
2026-03-30T18:25:03.296+0200 [DEBUG] [org.gradle.cache.internal.LockOnDemandCrossProcessCacheAccess] Releasing file lock for cache directory 447f0a3425c06d749b4abba6cfa9c5cc (C:\Users\Luciano Muratore\Documents\ChordSeqAI\caches\9.3.0\transforms\447f0a3425c06d749b4abba6cfa9c5cc)
2026-03-30T18:25:03.296+0200 [DEBUG] [org.gradle.cache.internal.DefaultFileLockManager] Releasing lock on cache directory 447f0a3425c06d749b4abba6cfa9c5cc (C:\Users\Luciano Muratore\Documents\ChordSeqAI\caches\9.3.0\transforms\447f0a3425c06d749b4abba6cfa9c5cc).
2026-03-30T18:25:03.297+0200 [DEBUG] [org.gradle.cache.internal.LockOnDemandCrossProcessCacheAccess] Releasing file lock for cache directory c2e43616e96612bb98a14d5f86655b1a (C:\Users\Luciano Muratore\Documents\ChordSeqAI\caches\9.3.0\transforms\c2e43616e96612bb98a14d5f86655b1a)
2026-03-30T18:25:03.297+0200 [DEBUG] [org.gradle.cache.internal.DefaultFileLockManager] Releasing lock on cache directory c2e43616e96612bb98a14d5f86655b1a (C:\Users\Luciano Muratore\Documents\ChordSeqAI\caches\9.3.0\transforms\c2e43616e96612bb98a14d5f86655b1a).
2026-03-30T18:25:03.297+0200 [DEBUG] [org.gradle.cache.internal.LockOnDemandCrossProcessCacheAccess] Releasing file lock for cache directory 2fd626b94805d58b464ac616414b904a (C:\Users\Luciano Muratore\Documents\ChordSeqAI\caches\9.3.0\transforms\2fd626b94805d58b464ac616414b904a)
2026-03-30T18:25:03.297+0200 [DEBUG] [org.gradle.cache.internal.DefaultFileLockManager] Releasing lock on cache directory 2fd626b94805d58b464ac616414b904a (C:\Users\Luciano Muratore\Documents\ChordSeqAI\caches\9.3.0\transforms\2fd626b94805d58b464ac616414b904a).
2026-03-30T18:25:03.298+0200 [DEBUG] [org.gradle.cache.internal.LockOnDemandCrossProcessCacheAccess] Releasing file lock for cache directory 9d9a08e99730b68145773010184795e8 (C:\Users\Luciano Muratore\Documents\ChordSeqAI\caches\9.3.0\transforms\9d9a08e99730b68145773010184795e8)
2026-03-30T18:25:03.298+0200 [DEBUG] [org.gradle.cache.internal.DefaultFileLockManager] Releasing lock on cache directory 9d9a08e99730b68145773010184795e8 (C:\Users\Luciano Muratore\Documents\ChordSeqAI\caches\9.3.0\transforms\9d9a08e99730b68145773010184795e8).
2026-03-30T18:25:03.298+0200 [DEBUG] [org.gradle.cache.internal.LockOnDemandCrossProcessCacheAccess] Releasing file lock for cache directory 076e84b57a88a450fe568398eee9de89 (C:\Users\Luciano Muratore\Documents\ChordSeqAI\caches\9.3.0\transforms\076e84b57a88a450fe568398eee9de89)
2026-03-30T18:25:03.298+0200 [DEBUG] [org.gradle.cache.internal.DefaultFileLockManager] Releasing lock on cache directory 076e84b57a88a450fe568398eee9de89 (C:\Users\Luciano Muratore\Documents\ChordSeqAI\caches\9.3.0\transforms\076e84b57a88a450fe568398eee9de89).
2026-03-30T18:25:03.299+0200 [DEBUG] [org.gradle.cache.internal.LockOnDemandCrossProcessCacheAccess] Releasing file lock for cache directory 14361a5954330ce155cd6161fb5c5ed6 (C:\Users\Luciano Muratore\Documents\ChordSeqAI\caches\9.3.0\transforms\14361a5954330ce155cd6161fb5c5ed6)
2026-03-30T18:25:03.299+0200 [DEBUG] [org.gradle.cache.internal.DefaultFileLockManager] Releasing lock on cache directory 14361a5954330ce155cd6161fb5c5ed6 (C:\Users\Luciano Muratore\Documents\ChordSeqAI\caches\9.3.0\transforms\14361a5954330ce155cd6161fb5c5ed6).
2026-03-30T18:25:03.299+0200 [DEBUG] [org.gradle.cache.internal.LockOnDemandCrossProcessCacheAccess] Releasing file lock for cache directory 72b1e8dcc27302f43fc7669a4e6147b5 (C:\Users\Luciano Muratore\Documents\ChordSeqAI\caches\9.3.0\transforms\72b1e8dcc27302f43fc7669a4e6147b5)
2026-03-30T18:25:03.299+0200 [DEBUG] [org.gradle.cache.internal.DefaultFileLockManager] Releasing lock on cache directory 72b1e8dcc27302f43fc7669a4e6147b5 (C:\Users\Luciano Muratore\Documents\ChordSeqAI\caches\9.3.0\transforms\72b1e8dcc27302f43fc7669a4e6147b5).
2026-03-30T18:25:03.300+0200 [DEBUG] [org.gradle.cache.internal.LockOnDemandCrossProcessCacheAccess] Releasing file lock for cache directory d572b2c29bda8b37071c0568a387b4ad (C:\Users\Luciano Muratore\Documents\ChordSeqAI\caches\9.3.0\transforms\d572b2c29bda8b37071c0568a387b4ad)
2026-03-30T18:25:03.300+0200 [DEBUG] [org.gradle.cache.internal.DefaultFileLockManager] Releasing lock on cache directory d572b2c29bda8b37071c0568a387b4ad (C:\Users\Luciano Muratore\Documents\ChordSeqAI\caches\9.3.0\transforms\d572b2c29bda8b37071c0568a387b4ad).
2026-03-30T18:25:03.300+0200 [DEBUG] [org.gradle.cache.internal.LockOnDemandCrossProcessCacheAccess] Releasing file lock for cache directory c74316e9e593e1dd25b1bf5e5075d24d (C:\Users\Luciano Muratore\Documents\ChordSeqAI\caches\9.3.0\transforms\c74316e9e593e1dd25b1bf5e5075d24d)
2026-03-30T18:25:03.300+0200 [DEBUG] [org.gradle.cache.internal.DefaultFileLockManager] Releasing lock on cache directory c74316e9e593e1dd25b1bf5e5075d24d (C:\Users\Luciano Muratore\Documents\ChordSeqAI\caches\9.3.0\transforms\c74316e9e593e1dd25b1bf5e5075d24d).
2026-03-30T18:25:03.301+0200 [DEBUG] [org.gradle.cache.internal.LockOnDemandCrossProcessCacheAccess] Releasing file lock for cache directory 46a2ef48acfb64ce929f5e27c402df58 (C:\Users\Luciano Muratore\Documents\ChordSeqAI\caches\9.3.0\transforms\46a2ef48acfb64ce929f5e27c402df58)
2026-03-30T18:25:03.301+0200 [DEBUG] [org.gradle.cache.internal.DefaultFileLockManager] Releasing lock on cache directory 46a2ef48acfb64ce929f5e27c402df58 (C:\Users\Luciano Muratore\Documents\ChordSeqAI\caches\9.3.0\transforms\46a2ef48acfb64ce929f5e27c402df58).
2026-03-30T18:25:03.301+0200 [DEBUG] [org.gradle.cache.internal.LockOnDemandCrossProcessCacheAccess] Releasing file lock for cache directory c3c8ee261ed90677c74f5f1785207795 (C:\Users\Luciano Muratore\Documents\ChordSeqAI\caches\9.3.0\transforms\c3c8ee261ed90677c74f5f1785207795)
2026-03-30T18:25:03.301+0200 [DEBUG] [org.gradle.cache.internal.DefaultFileLockManager] Releasing lock on cache directory c3c8ee261ed90677c74f5f1785207795 (C:\Users\Luciano Muratore\Documents\ChordSeqAI\caches\9.3.0\transforms\c3c8ee261ed90677c74f5f1785207795).
2026-03-30T18:25:03.301+0200 [DEBUG] [org.gradle.cache.internal.LockOnDemandCrossProcessCacheAccess] Releasing file lock for cache directory fde94597b75c6f095849b6ddd8e43355 (C:\Users\Luciano Muratore\Documents\ChordSeqAI\caches\9.3.0\transforms\fde94597b75c6f095849b6ddd8e43355)
2026-03-30T18:25:03.302+0200 [DEBUG] [org.gradle.cache.internal.DefaultFileLockManager] Releasing lock on cache directory fde94597b75c6f095849b6ddd8e43355 (C:\Users\Luciano Muratore\Documents\ChordSeqAI\caches\9.3.0\transforms\fde94597b75c6f095849b6ddd8e43355).
2026-03-30T18:25:03.303+0200 [DEBUG] [org.gradle.cache.internal.LockOnDemandCrossProcessCacheAccess] Releasing file lock for cache directory e4a0ecdf406e06e178c82172344ea601 (C:\Users\Luciano Muratore\Documents\ChordSeqAI\caches\9.3.0\transforms\e4a0ecdf406e06e178c82172344ea601)
2026-03-30T18:25:03.303+0200 [DEBUG] [org.gradle.cache.internal.DefaultFileLockManager] Releasing lock on cache directory e4a0ecdf406e06e178c82172344ea601 (C:\Users\Luciano Muratore\Documents\ChordSeqAI\caches\9.3.0\transforms\e4a0ecdf406e06e178c82172344ea601).
2026-03-30T18:25:03.303+0200 [DEBUG] [org.gradle.cache.internal.LockOnDemandCrossProcessCacheAccess] Releasing file lock for cache directory 886ebdb7f8a1a5f23de569853ade2d7b (C:\Users\Luciano Muratore\Documents\ChordSeqAI\caches\9.3.0\transforms\886ebdb7f8a1a5f23de569853ade2d7b)
2026-03-30T18:25:03.304+0200 [DEBUG] [org.gradle.cache.internal.DefaultFileLockManager] Releasing lock on cache directory 886ebdb7f8a1a5f23de569853ade2d7b (C:\Users\Luciano Muratore\Documents\ChordSeqAI\caches\9.3.0\transforms\886ebdb7f8a1a5f23de569853ade2d7b).
2026-03-30T18:25:03.304+0200 [DEBUG] [org.gradle.cache.internal.LockOnDemandCrossProcessCacheAccess] Releasing file lock for cache directory 616b497a8ae55e1f99089eb9ebe457c2 (C:\Users\Luciano Muratore\Documents\ChordSeqAI\caches\9.3.0\transforms\616b497a8ae55e1f99089eb9ebe457c2)
2026-03-30T18:25:03.304+0200 [DEBUG] [org.gradle.cache.internal.DefaultFileLockManager] Releasing lock on cache directory 616b497a8ae55e1f99089eb9ebe457c2 (C:\Users\Luciano Muratore\Documents\ChordSeqAI\caches\9.3.0\transforms\616b497a8ae55e1f99089eb9ebe457c2).
2026-03-30T18:25:03.305+0200 [DEBUG] [org.gradle.cache.internal.LockOnDemandCrossProcessCacheAccess] Releasing file lock for cache directory 0ca5b6df4d9c0b0952d24a2344ab7849 (C:\Users\Luciano Muratore\Documents\ChordSeqAI\caches\9.3.0\transforms\0ca5b6df4d9c0b0952d24a2344ab7849)
2026-03-30T18:25:03.305+0200 [DEBUG] [org.gradle.cache.internal.DefaultFileLockManager] Releasing lock on cache directory 0ca5b6df4d9c0b0952d24a2344ab7849 (C:\Users\Luciano Muratore\Documents\ChordSeqAI\caches\9.3.0\transforms\0ca5b6df4d9c0b0952d24a2344ab7849).
2026-03-30T18:25:03.306+0200 [DEBUG] [org.gradle.cache.internal.LockOnDemandCrossProcessCacheAccess] Releasing file lock for cache directory fa2b53707f4212dc39c17eea76a8877d (C:\Users\Luciano Muratore\Documents\ChordSeqAI\caches\9.3.0\transforms\fa2b53707f4212dc39c17eea76a8877d)
2026-03-30T18:25:03.306+0200 [DEBUG] [org.gradle.cache.internal.DefaultFileLockManager] Releasing lock on cache directory fa2b53707f4212dc39c17eea76a8877d (C:\Users\Luciano Muratore\Documents\ChordSeqAI\caches\9.3.0\transforms\fa2b53707f4212dc39c17eea76a8877d).
2026-03-30T18:25:03.306+0200 [DEBUG] [org.gradle.cache.internal.LockOnDemandCrossProcessCacheAccess] Releasing file lock for cache directory 0c8c69e81e69830381b2029f4a4cb882 (C:\Users\Luciano Muratore\Documents\ChordSeqAI\caches\9.3.0\transforms\0c8c69e81e69830381b2029f4a4cb882)
2026-03-30T18:25:03.306+0200 [DEBUG] [org.gradle.cache.internal.DefaultFileLockManager] Releasing lock on cache directory 0c8c69e81e69830381b2029f4a4cb882 (C:\Users\Luciano Muratore\Documents\ChordSeqAI\caches\9.3.0\transforms\0c8c69e81e69830381b2029f4a4cb882).
2026-03-30T18:25:03.307+0200 [DEBUG] [org.gradle.cache.internal.LockOnDemandCrossProcessCacheAccess] Releasing file lock for cache directory e24be5065722c238a73fae6841cdf123 (C:\Users\Luciano Muratore\Documents\ChordSeqAI\caches\9.3.0\transforms\e24be5065722c238a73fae6841cdf123)
2026-03-30T18:25:03.307+0200 [DEBUG] [org.gradle.cache.internal.DefaultFileLockManager] Releasing lock on cache directory e24be5065722c238a73fae6841cdf123 (C:\Users\Luciano Muratore\Documents\ChordSeqAI\caches\9.3.0\transforms\e24be5065722c238a73fae6841cdf123).
2026-03-30T18:25:03.307+0200 [DEBUG] [org.gradle.cache.internal.LockOnDemandCrossProcessCacheAccess] Releasing file lock for cache directory 3f4faff48a0fce3b3644739d7443c526 (C:\Users\Luciano Muratore\Documents\ChordSeqAI\caches\9.3.0\transforms\3f4faff48a0fce3b3644739d7443c526)
2026-03-30T18:25:03.307+0200 [DEBUG] [org.gradle.cache.internal.DefaultFileLockManager] Releasing lock on cache directory 3f4faff48a0fce3b3644739d7443c526 (C:\Users\Luciano Muratore\Documents\ChordSeqAI\caches\9.3.0\transforms\3f4faff48a0fce3b3644739d7443c526).
2026-03-30T18:25:03.307+0200 [DEBUG] [org.gradle.cache.internal.LockOnDemandCrossProcessCacheAccess] Releasing file lock for cache directory 3bdf6004dd4db6cd5bb4540e78b0b3de (C:\Users\Luciano Muratore\Documents\ChordSeqAI\caches\9.3.0\transforms\3bdf6004dd4db6cd5bb4540e78b0b3de)
2026-03-30T18:25:03.308+0200 [DEBUG] [org.gradle.cache.internal.DefaultFileLockManager] Releasing lock on cache directory 3bdf6004dd4db6cd5bb4540e78b0b3de (C:\Users\Luciano Muratore\Documents\ChordSeqAI\caches\9.3.0\transforms\3bdf6004dd4db6cd5bb4540e78b0b3de).
2026-03-30T18:25:03.308+0200 [DEBUG] [org.gradle.cache.internal.LockOnDemandCrossProcessCacheAccess] Releasing file lock for cache directory 58a02a09fc0b5baa89157ac9ad3d29d1 (C:\Users\Luciano Muratore\Documents\ChordSeqAI\caches\9.3.0\transforms\58a02a09fc0b5baa89157ac9ad3d29d1)
2026-03-30T18:25:03.308+0200 [DEBUG] [org.gradle.cache.internal.DefaultFileLockManager] Releasing lock on cache directory 58a02a09fc0b5baa89157ac9ad3d29d1 (C:\Users\Luciano Muratore\Documents\ChordSeqAI\caches\9.3.0\transforms\58a02a09fc0b5baa89157ac9ad3d29d1).
2026-03-30T18:25:03.308+0200 [DEBUG] [org.gradle.cache.internal.LockOnDemandCrossProcessCacheAccess] Releasing file lock for cache directory 46aba6a4c88233368ba59ac61ee0833d (C:\Users\Luciano Muratore\Documents\ChordSeqAI\caches\9.3.0\transforms\46aba6a4c88233368ba59ac61ee0833d)
2026-03-30T18:25:03.308+0200 [DEBUG] [org.gradle.cache.internal.DefaultFileLockManager] Releasing lock on cache directory 46aba6a4c88233368ba59ac61ee0833d (C:\Users\Luciano Muratore\Documents\ChordSeqAI\caches\9.3.0\transforms\46aba6a4c88233368ba59ac61ee0833d).
2026-03-30T18:25:03.310+0200 [DEBUG] [org.gradle.cache.internal.LockOnDemandCrossProcessCacheAccess] Releasing file lock for cache directory a93637bebc41b954855faed12f6fbb5b (C:\Users\Luciano Muratore\Documents\ChordSeqAI\caches\9.3.0\transforms\a93637bebc41b954855faed12f6fbb5b)
2026-03-30T18:25:03.310+0200 [DEBUG] [org.gradle.cache.internal.DefaultFileLockManager] Releasing lock on cache directory a93637bebc41b954855faed12f6fbb5b (C:\Users\Luciano Muratore\Documents\ChordSeqAI\caches\9.3.0\transforms\a93637bebc41b954855faed12f6fbb5b).
2026-03-30T18:25:03.310+0200 [DEBUG] [org.gradle.cache.internal.LockOnDemandCrossProcessCacheAccess] Releasing file lock for cache directory 80e34457c6934976bd189dcc4d73e2df (C:\Users\Luciano Muratore\Documents\ChordSeqAI\caches\9.3.0\transforms\80e34457c6934976bd189dcc4d73e2df)
2026-03-30T18:25:03.310+0200 [DEBUG] [org.gradle.cache.internal.DefaultFileLockManager] Releasing lock on cache directory 80e34457c6934976bd189dcc4d73e2df (C:\Users\Luciano Muratore\Documents\ChordSeqAI\caches\9.3.0\transforms\80e34457c6934976bd189dcc4d73e2df).
2026-03-30T18:25:03.311+0200 [DEBUG] [org.gradle.cache.internal.LockOnDemandCrossProcessCacheAccess] Releasing file lock for cache directory 8acfc26d3a475805077414c5c8215de6 (C:\Users\Luciano Muratore\Documents\ChordSeqAI\caches\9.3.0\transforms\8acfc26d3a475805077414c5c8215de6)
2026-03-30T18:25:03.311+0200 [DEBUG] [org.gradle.cache.internal.DefaultFileLockManager] Releasing lock on cache directory 8acfc26d3a475805077414c5c8215de6 (C:\Users\Luciano Muratore\Documents\ChordSeqAI\caches\9.3.0\transforms\8acfc26d3a475805077414c5c8215de6).
2026-03-30T18:25:03.311+0200 [DEBUG] [org.gradle.cache.internal.LockOnDemandCrossProcessCacheAccess] Releasing file lock for cache directory 86222a0d2d5f0a6b378036437d52e716 (C:\Users\Luciano Muratore\Documents\ChordSeqAI\caches\9.3.0\transforms\86222a0d2d5f0a6b378036437d52e716)
2026-03-30T18:25:03.312+0200 [DEBUG] [org.gradle.cache.internal.DefaultFileLockManager] Releasing lock on cache directory 86222a0d2d5f0a6b378036437d52e716 (C:\Users\Luciano Muratore\Documents\ChordSeqAI\caches\9.3.0\transforms\86222a0d2d5f0a6b378036437d52e716).
2026-03-30T18:25:03.312+0200 [DEBUG] [org.gradle.cache.internal.LockOnDemandCrossProcessCacheAccess] Releasing file lock for cache directory 5b7e6166147f59a3c185ed77b51a4077 (C:\Users\Luciano Muratore\Documents\ChordSeqAI\caches\9.3.0\transforms\5b7e6166147f59a3c185ed77b51a4077)
2026-03-30T18:25:03.312+0200 [DEBUG] [org.gradle.cache.internal.DefaultFileLockManager] Releasing lock on cache directory 5b7e6166147f59a3c185ed77b51a4077 (C:\Users\Luciano Muratore\Documents\ChordSeqAI\caches\9.3.0\transforms\5b7e6166147f59a3c185ed77b51a4077).
2026-03-30T18:25:03.313+0200 [DEBUG] [org.gradle.cache.internal.LockOnDemandCrossProcessCacheAccess] Releasing file lock for cache directory 7bb61f9be562bc21631226b119d55ed6 (C:\Users\Luciano Muratore\Documents\ChordSeqAI\caches\9.3.0\transforms\7bb61f9be562bc21631226b119d55ed6)
2026-03-30T18:25:03.313+0200 [DEBUG] [org.gradle.cache.internal.DefaultFileLockManager] Releasing lock on cache directory 7bb61f9be562bc21631226b119d55ed6 (C:\Users\Luciano Muratore\Documents\ChordSeqAI\caches\9.3.0\transforms\7bb61f9be562bc21631226b119d55ed6).
2026-03-30T18:25:03.313+0200 [DEBUG] [org.gradle.cache.internal.LockOnDemandCrossProcessCacheAccess] Releasing file lock for cache directory b3c662685272c831c3c6dcf38b613977 (C:\Users\Luciano Muratore\Documents\ChordSeqAI\caches\9.3.0\transforms\b3c662685272c831c3c6dcf38b613977)
2026-03-30T18:25:03.313+0200 [DEBUG] [org.gradle.cache.internal.DefaultFileLockManager] Releasing lock on cache directory b3c662685272c831c3c6dcf38b613977 (C:\Users\Luciano Muratore\Documents\ChordSeqAI\caches\9.3.0\transforms\b3c662685272c831c3c6dcf38b613977).
2026-03-30T18:25:03.314+0200 [DEBUG] [org.gradle.cache.internal.LockOnDemandCrossProcessCacheAccess] Releasing file lock for cache directory ec6b0c50016d3c0da53bc3d106836ff5 (C:\Users\Luciano Muratore\Documents\ChordSeqAI\caches\9.3.0\transforms\ec6b0c50016d3c0da53bc3d106836ff5)
2026-03-30T18:25:03.314+0200 [DEBUG] [org.gradle.cache.internal.DefaultFileLockManager] Releasing lock on cache directory ec6b0c50016d3c0da53bc3d106836ff5 (C:\Users\Luciano Muratore\Documents\ChordSeqAI\caches\9.3.0\transforms\ec6b0c50016d3c0da53bc3d106836ff5).
2026-03-30T18:25:03.314+0200 [DEBUG] [org.gradle.cache.internal.LockOnDemandCrossProcessCacheAccess] Releasing file lock for cache directory d44a3eedc3ae5f83447c64780226306a (C:\Users\Luciano Muratore\Documents\ChordSeqAI\caches\9.3.0\transforms\d44a3eedc3ae5f83447c64780226306a)
2026-03-30T18:25:03.314+0200 [DEBUG] [org.gradle.cache.internal.DefaultFileLockManager] Releasing lock on cache directory d44a3eedc3ae5f83447c64780226306a (C:\Users\Luciano Muratore\Documents\ChordSeqAI\caches\9.3.0\transforms\d44a3eedc3ae5f83447c64780226306a).
2026-03-30T18:25:03.315+0200 [DEBUG] [org.gradle.cache.internal.LockOnDemandCrossProcessCacheAccess] Releasing file lock for cache directory 4463a7fe59f867de1b47baa300bbffc8 (C:\Users\Luciano Muratore\Documents\ChordSeqAI\caches\9.3.0\transforms\4463a7fe59f867de1b47baa300bbffc8)
2026-03-30T18:25:03.315+0200 [DEBUG] [org.gradle.cache.internal.DefaultFileLockManager] Releasing lock on cache directory 4463a7fe59f867de1b47baa300bbffc8 (C:\Users\Luciano Muratore\Documents\ChordSeqAI\caches\9.3.0\transforms\4463a7fe59f867de1b47baa300bbffc8).
2026-03-30T18:25:03.315+0200 [DEBUG] [org.gradle.cache.internal.LockOnDemandCrossProcessCacheAccess] Releasing file lock for cache directory d78946b49762d6f3a66038597f801d1a (C:\Users\Luciano Muratore\Documents\ChordSeqAI\caches\9.3.0\transforms\d78946b49762d6f3a66038597f801d1a)
2026-03-30T18:25:03.315+0200 [DEBUG] [org.gradle.cache.internal.DefaultFileLockManager] Releasing lock on cache directory d78946b49762d6f3a66038597f801d1a (C:\Users\Luciano Muratore\Documents\ChordSeqAI\caches\9.3.0\transforms\d78946b49762d6f3a66038597f801d1a).
2026-03-30T18:25:03.315+0200 [DEBUG] [org.gradle.cache.internal.LockOnDemandCrossProcessCacheAccess] Releasing file lock for cache directory 2c47fd6419491005d50fd68acc5f89d3 (C:\Users\Luciano Muratore\Documents\ChordSeqAI\caches\9.3.0\transforms\2c47fd6419491005d50fd68acc5f89d3)
2026-03-30T18:25:03.316+0200 [DEBUG] [org.gradle.cache.internal.DefaultFileLockManager] Releasing lock on cache directory 2c47fd6419491005d50fd68acc5f89d3 (C:\Users\Luciano Muratore\Documents\ChordSeqAI\caches\9.3.0\transforms\2c47fd6419491005d50fd68acc5f89d3).
2026-03-30T18:25:03.316+0200 [DEBUG] [org.gradle.cache.internal.LockOnDemandCrossProcessCacheAccess] Releasing file lock for cache directory 4d25b831ac72c06edbeeed87527fde5a (C:\Users\Luciano Muratore\Documents\ChordSeqAI\caches\9.3.0\transforms\4d25b831ac72c06edbeeed87527fde5a)
2026-03-30T18:25:03.316+0200 [DEBUG] [org.gradle.cache.internal.DefaultFileLockManager] Releasing lock on cache directory 4d25b831ac72c06edbeeed87527fde5a (C:\Users\Luciano Muratore\Documents\ChordSeqAI\caches\9.3.0\transforms\4d25b831ac72c06edbeeed87527fde5a).
2026-03-30T18:25:03.316+0200 [DEBUG] [org.gradle.cache.internal.LockOnDemandCrossProcessCacheAccess] Releasing file lock for cache directory fa7ff0f09e2116ae16977506876ed330 (C:\Users\Luciano Muratore\Documents\ChordSeqAI\caches\9.3.0\transforms\fa7ff0f09e2116ae16977506876ed330)
2026-03-30T18:25:03.316+0200 [DEBUG] [org.gradle.cache.internal.DefaultFileLockManager] Releasing lock on cache directory fa7ff0f09e2116ae16977506876ed330 (C:\Users\Luciano Muratore\Documents\ChordSeqAI\caches\9.3.0\transforms\fa7ff0f09e2116ae16977506876ed330).
2026-03-30T18:25:03.317+0200 [DEBUG] [org.gradle.cache.internal.LockOnDemandCrossProcessCacheAccess] Releasing file lock for cache directory f76ab6ceac32bf633c5973ddbf5d3bde (C:\Users\Luciano Muratore\Documents\ChordSeqAI\caches\9.3.0\transforms\f76ab6ceac32bf633c5973ddbf5d3bde)
2026-03-30T18:25:03.317+0200 [DEBUG] [org.gradle.cache.internal.DefaultFileLockManager] Releasing lock on cache directory f76ab6ceac32bf633c5973ddbf5d3bde (C:\Users\Luciano Muratore\Documents\ChordSeqAI\caches\9.3.0\transforms\f76ab6ceac32bf633c5973ddbf5d3bde).
2026-03-30T18:25:03.317+0200 [DEBUG] [org.gradle.cache.internal.LockOnDemandCrossProcessCacheAccess] Releasing file lock for cache directory 3d0c8faaca7dcbf01d9ea5d14803b45d (C:\Users\Luciano Muratore\Documents\ChordSeqAI\caches\9.3.0\transforms\3d0c8faaca7dcbf01d9ea5d14803b45d)
2026-03-30T18:25:03.317+0200 [DEBUG] [org.gradle.cache.internal.DefaultFileLockManager] Releasing lock on cache directory 3d0c8faaca7dcbf01d9ea5d14803b45d (C:\Users\Luciano Muratore\Documents\ChordSeqAI\caches\9.3.0\transforms\3d0c8faaca7dcbf01d9ea5d14803b45d).
2026-03-30T18:25:03.317+0200 [DEBUG] [org.gradle.cache.internal.LockOnDemandCrossProcessCacheAccess] Releasing file lock for cache directory 8125dd050d57058b70e1b9e283538a5f (C:\Users\Luciano Muratore\Documents\ChordSeqAI\caches\9.3.0\transforms\8125dd050d57058b70e1b9e283538a5f)
2026-03-30T18:25:03.318+0200 [DEBUG] [org.gradle.cache.internal.DefaultFileLockManager] Releasing lock on cache directory 8125dd050d57058b70e1b9e283538a5f (C:\Users\Luciano Muratore\Documents\ChordSeqAI\caches\9.3.0\transforms\8125dd050d57058b70e1b9e283538a5f).
2026-03-30T18:25:03.318+0200 [DEBUG] [org.gradle.cache.internal.LockOnDemandCrossProcessCacheAccess] Releasing file lock for cache directory 7c0a02ee71418cd540d608bcb1608b72 (C:\Users\Luciano Muratore\Documents\ChordSeqAI\caches\9.3.0\transforms\7c0a02ee71418cd540d608bcb1608b72)
2026-03-30T18:25:03.318+0200 [DEBUG] [org.gradle.cache.internal.DefaultFileLockManager] Releasing lock on cache directory 7c0a02ee71418cd540d608bcb1608b72 (C:\Users\Luciano Muratore\Documents\ChordSeqAI\caches\9.3.0\transforms\7c0a02ee71418cd540d608bcb1608b72).
2026-03-30T18:25:03.318+0200 [DEBUG] [org.gradle.cache.internal.LockOnDemandCrossProcessCacheAccess] Releasing file lock for cache directory deb668c1ebc196d0dd64c9251c109dea (C:\Users\Luciano Muratore\Documents\ChordSeqAI\caches\9.3.0\transforms\deb668c1ebc196d0dd64c9251c109dea)
2026-03-30T18:25:03.319+0200 [DEBUG] [org.gradle.cache.internal.DefaultFileLockManager] Releasing lock on cache directory deb668c1ebc196d0dd64c9251c109dea (C:\Users\Luciano Muratore\Documents\ChordSeqAI\caches\9.3.0\transforms\deb668c1ebc196d0dd64c9251c109dea).
2026-03-30T18:25:03.320+0200 [DEBUG] [org.gradle.cache.internal.LockOnDemandCrossProcessCacheAccess] Releasing file lock for cache directory c9ed256f5cc0a22839ca3e95714d30e2 (C:\Users\Luciano Muratore\Documents\ChordSeqAI\caches\9.3.0\transforms\c9ed256f5cc0a22839ca3e95714d30e2)
2026-03-30T18:25:03.320+0200 [DEBUG] [org.gradle.cache.internal.DefaultFileLockManager] Releasing lock on cache directory c9ed256f5cc0a22839ca3e95714d30e2 (C:\Users\Luciano Muratore\Documents\ChordSeqAI\caches\9.3.0\transforms\c9ed256f5cc0a22839ca3e95714d30e2).
2026-03-30T18:25:03.320+0200 [DEBUG] [org.gradle.cache.internal.LockOnDemandCrossProcessCacheAccess] Releasing file lock for cache directory 3e3f105cd0a19ba73585ef6a06bbb06b (C:\Users\Luciano Muratore\Documents\ChordSeqAI\caches\9.3.0\transforms\3e3f105cd0a19ba73585ef6a06bbb06b)
2026-03-30T18:25:03.320+0200 [DEBUG] [org.gradle.cache.internal.DefaultFileLockManager] Releasing lock on cache directory 3e3f105cd0a19ba73585ef6a06bbb06b (C:\Users\Luciano Muratore\Documents\ChordSeqAI\caches\9.3.0\transforms\3e3f105cd0a19ba73585ef6a06bbb06b).
2026-03-30T18:25:03.321+0200 [DEBUG] [org.gradle.cache.internal.LockOnDemandCrossProcessCacheAccess] Releasing file lock for cache directory 9eacaa832103b2c94ba599f26583477c (C:\Users\Luciano Muratore\Documents\ChordSeqAI\caches\9.3.0\transforms\9eacaa832103b2c94ba599f26583477c)
2026-03-30T18:25:03.321+0200 [DEBUG] [org.gradle.cache.internal.DefaultFileLockManager] Releasing lock on cache directory 9eacaa832103b2c94ba599f26583477c (C:\Users\Luciano Muratore\Documents\ChordSeqAI\caches\9.3.0\transforms\9eacaa832103b2c94ba599f26583477c).
2026-03-30T18:25:03.321+0200 [DEBUG] [org.gradle.cache.internal.LockOnDemandCrossProcessCacheAccess] Releasing file lock for cache directory 2140f6b13b70fa441a2c616f18fa3e39 (C:\Users\Luciano Muratore\Documents\ChordSeqAI\caches\9.3.0\transforms\2140f6b13b70fa441a2c616f18fa3e39)
2026-03-30T18:25:03.321+0200 [DEBUG] [org.gradle.cache.internal.DefaultFileLockManager] Releasing lock on cache directory 2140f6b13b70fa441a2c616f18fa3e39 (C:\Users\Luciano Muratore\Documents\ChordSeqAI\caches\9.3.0\transforms\2140f6b13b70fa441a2c616f18fa3e39).
2026-03-30T18:25:03.322+0200 [DEBUG] [org.gradle.cache.internal.LockOnDemandCrossProcessCacheAccess] Releasing file lock for cache directory c42e4e3618c4b45fd2e7e704380aa824 (C:\Users\Luciano Muratore\Documents\ChordSeqAI\caches\9.3.0\transforms\c42e4e3618c4b45fd2e7e704380aa824)
2026-03-30T18:25:03.322+0200 [DEBUG] [org.gradle.cache.internal.DefaultFileLockManager] Releasing lock on cache directory c42e4e3618c4b45fd2e7e704380aa824 (C:\Users\Luciano Muratore\Documents\ChordSeqAI\caches\9.3.0\transforms\c42e4e3618c4b45fd2e7e704380aa824).
2026-03-30T18:25:03.322+0200 [DEBUG] [org.gradle.cache.internal.LockOnDemandCrossProcessCacheAccess] Releasing file lock for cache directory dfd5f7969cf21d46b895816af6db33e5 (C:\Users\Luciano Muratore\Documents\ChordSeqAI\caches\9.3.0\transforms\dfd5f7969cf21d46b895816af6db33e5)
2026-03-30T18:25:03.322+0200 [DEBUG] [org.gradle.cache.internal.DefaultFileLockManager] Releasing lock on cache directory dfd5f7969cf21d46b895816af6db33e5 (C:\Users\Luciano Muratore\Documents\ChordSeqAI\caches\9.3.0\transforms\dfd5f7969cf21d46b895816af6db33e5).
2026-03-30T18:25:03.323+0200 [DEBUG] [org.gradle.cache.internal.LockOnDemandCrossProcessCacheAccess] Releasing file lock for cache directory f30c97aaa72b933bca3a90d19b472116 (C:\Users\Luciano Muratore\Documents\ChordSeqAI\caches\9.3.0\transforms\f30c97aaa72b933bca3a90d19b472116)
2026-03-30T18:25:03.323+0200 [DEBUG] [org.gradle.cache.internal.DefaultFileLockManager] Releasing lock on cache directory f30c97aaa72b933bca3a90d19b472116 (C:\Users\Luciano Muratore\Documents\ChordSeqAI\caches\9.3.0\transforms\f30c97aaa72b933bca3a90d19b472116).
2026-03-30T18:25:03.323+0200 [DEBUG] [org.gradle.cache.internal.LockOnDemandCrossProcessCacheAccess] Releasing file lock for cache directory a1c95a70d7781e7b86559af5bfda2a0b (C:\Users\Luciano Muratore\Documents\ChordSeqAI\caches\9.3.0\transforms\a1c95a70d7781e7b86559af5bfda2a0b)
2026-03-30T18:25:03.323+0200 [DEBUG] [org.gradle.cache.internal.DefaultFileLockManager] Releasing lock on cache directory a1c95a70d7781e7b86559af5bfda2a0b (C:\Users\Luciano Muratore\Documents\ChordSeqAI\caches\9.3.0\transforms\a1c95a70d7781e7b86559af5bfda2a0b).
2026-03-30T18:25:03.323+0200 [DEBUG] [org.gradle.cache.internal.LockOnDemandCrossProcessCacheAccess] Releasing file lock for cache directory 263ae56a5b4dd25123eeb70682518a4b (C:\Users\Luciano Muratore\Documents\ChordSeqAI\caches\9.3.0\transforms\263ae56a5b4dd25123eeb70682518a4b)
2026-03-30T18:25:03.323+0200 [DEBUG] [org.gradle.cache.internal.DefaultFileLockManager] Releasing lock on cache directory 263ae56a5b4dd25123eeb70682518a4b (C:\Users\Luciano Muratore\Documents\ChordSeqAI\caches\9.3.0\transforms\263ae56a5b4dd25123eeb70682518a4b).
2026-03-30T18:25:03.324+0200 [DEBUG] [org.gradle.cache.internal.LockOnDemandCrossProcessCacheAccess] Releasing file lock for cache directory a695621c823a30e212cc99374a9ed891 (C:\Users\Luciano Muratore\Documents\ChordSeqAI\caches\9.3.0\transforms\a695621c823a30e212cc99374a9ed891)
2026-03-30T18:25:03.324+0200 [DEBUG] [org.gradle.cache.internal.DefaultFileLockManager] Releasing lock on cache directory a695621c823a30e212cc99374a9ed891 (C:\Users\Luciano Muratore\Documents\ChordSeqAI\caches\9.3.0\transforms\a695621c823a30e212cc99374a9ed891).
2026-03-30T18:25:03.324+0200 [DEBUG] [org.gradle.cache.internal.LockOnDemandCrossProcessCacheAccess] Releasing file lock for cache directory fa9721d9bd08b4a2f50cb6f4c2c4d181 (C:\Users\Luciano Muratore\Documents\ChordSeqAI\caches\9.3.0\transforms\fa9721d9bd08b4a2f50cb6f4c2c4d181)
2026-03-30T18:25:03.324+0200 [DEBUG] [org.gradle.cache.internal.DefaultFileLockManager] Releasing lock on cache directory fa9721d9bd08b4a2f50cb6f4c2c4d181 (C:\Users\Luciano Muratore\Documents\ChordSeqAI\caches\9.3.0\transforms\fa9721d9bd08b4a2f50cb6f4c2c4d181).
2026-03-30T18:25:03.325+0200 [DEBUG] [org.gradle.cache.internal.LockOnDemandCrossProcessCacheAccess] Releasing file lock for cache directory dc2771b9d5f38f6a2ea8f3759108fba6 (C:\Users\Luciano Muratore\Documents\ChordSeqAI\caches\9.3.0\transforms\dc2771b9d5f38f6a2ea8f3759108fba6)
2026-03-30T18:25:03.325+0200 [DEBUG] [org.gradle.cache.internal.DefaultFileLockManager] Releasing lock on cache directory dc2771b9d5f38f6a2ea8f3759108fba6 (C:\Users\Luciano Muratore\Documents\ChordSeqAI\caches\9.3.0\transforms\dc2771b9d5f38f6a2ea8f3759108fba6).
2026-03-30T18:25:03.325+0200 [DEBUG] [org.gradle.cache.internal.LockOnDemandCrossProcessCacheAccess] Releasing file lock for cache directory 1ce2a1d4844bad54e999f719bbc6e11c (C:\Users\Luciano Muratore\Documents\ChordSeqAI\caches\9.3.0\transforms\1ce2a1d4844bad54e999f719bbc6e11c)
2026-03-30T18:25:03.325+0200 [DEBUG] [org.gradle.cache.internal.DefaultFileLockManager] Releasing lock on cache directory 1ce2a1d4844bad54e999f719bbc6e11c (C:\Users\Luciano Muratore\Documents\ChordSeqAI\caches\9.3.0\transforms\1ce2a1d4844bad54e999f719bbc6e11c).
2026-03-30T18:25:03.326+0200 [DEBUG] [org.gradle.cache.internal.LockOnDemandCrossProcessCacheAccess] Releasing file lock for cache directory 5648599d4eb116639caa4ed3ea2153f0 (C:\Users\Luciano Muratore\Documents\ChordSeqAI\caches\9.3.0\transforms\5648599d4eb116639caa4ed3ea2153f0)
2026-03-30T18:25:03.326+0200 [DEBUG] [org.gradle.cache.internal.DefaultFileLockManager] Releasing lock on cache directory 5648599d4eb116639caa4ed3ea2153f0 (C:\Users\Luciano Muratore\Documents\ChordSeqAI\caches\9.3.0\transforms\5648599d4eb116639caa4ed3ea2153f0).
2026-03-30T18:25:03.326+0200 [DEBUG] [org.gradle.cache.internal.LockOnDemandCrossProcessCacheAccess] Releasing file lock for cache directory 820e27aade6ed9736c580b2c79e8bf4b (C:\Users\Luciano Muratore\Documents\ChordSeqAI\caches\9.3.0\transforms\820e27aade6ed9736c580b2c79e8bf4b)
2026-03-30T18:25:03.326+0200 [DEBUG] [org.gradle.cache.internal.DefaultFileLockManager] Releasing lock on cache directory 820e27aade6ed9736c580b2c79e8bf4b (C:\Users\Luciano Muratore\Documents\ChordSeqAI\caches\9.3.0\transforms\820e27aade6ed9736c580b2c79e8bf4b).
2026-03-30T18:25:03.327+0200 [DEBUG] [org.gradle.cache.internal.LockOnDemandCrossProcessCacheAccess] Releasing file lock for cache directory afc69b392f97006099f631788022b50c (C:\Users\Luciano Muratore\Documents\ChordSeqAI\caches\9.3.0\transforms\afc69b392f97006099f631788022b50c)
2026-03-30T18:25:03.327+0200 [DEBUG] [org.gradle.cache.internal.DefaultFileLockManager] Releasing lock on cache directory afc69b392f97006099f631788022b50c (C:\Users\Luciano Muratore\Documents\ChordSeqAI\caches\9.3.0\transforms\afc69b392f97006099f631788022b50c).
2026-03-30T18:25:03.327+0200 [DEBUG] [org.gradle.cache.internal.LockOnDemandCrossProcessCacheAccess] Releasing file lock for cache directory c0d09658aa2f4e34cfdbf63fe3084f8d (C:\Users\Luciano Muratore\Documents\ChordSeqAI\caches\9.3.0\transforms\c0d09658aa2f4e34cfdbf63fe3084f8d)
2026-03-30T18:25:03.327+0200 [DEBUG] [org.gradle.cache.internal.DefaultFileLockManager] Releasing lock on cache directory c0d09658aa2f4e34cfdbf63fe3084f8d (C:\Users\Luciano Muratore\Documents\ChordSeqAI\caches\9.3.0\transforms\c0d09658aa2f4e34cfdbf63fe3084f8d).
2026-03-30T18:25:03.327+0200 [DEBUG] [org.gradle.cache.internal.LockOnDemandCrossProcessCacheAccess] Releasing file lock for cache directory eb0338cb15eaa400ab39cf27ade9cd81 (C:\Users\Luciano Muratore\Documents\ChordSeqAI\caches\9.3.0\transforms\eb0338cb15eaa400ab39cf27ade9cd81)
2026-03-30T18:25:03.328+0200 [DEBUG] [org.gradle.cache.internal.DefaultFileLockManager] Releasing lock on cache directory eb0338cb15eaa400ab39cf27ade9cd81 (C:\Users\Luciano Muratore\Documents\ChordSeqAI\caches\9.3.0\transforms\eb0338cb15eaa400ab39cf27ade9cd81).
2026-03-30T18:25:03.328+0200 [DEBUG] [org.gradle.cache.internal.LockOnDemandCrossProcessCacheAccess] Releasing file lock for cache directory 7e33186b4ef80056537398585e222252 (C:\Users\Luciano Muratore\Documents\ChordSeqAI\caches\9.3.0\transforms\7e33186b4ef80056537398585e222252)
2026-03-30T18:25:03.328+0200 [DEBUG] [org.gradle.cache.internal.DefaultFileLockManager] Releasing lock on cache directory 7e33186b4ef80056537398585e222252 (C:\Users\Luciano Muratore\Documents\ChordSeqAI\caches\9.3.0\transforms\7e33186b4ef80056537398585e222252).
2026-03-30T18:25:03.328+0200 [DEBUG] [org.gradle.cache.internal.LockOnDemandCrossProcessCacheAccess] Releasing file lock for cache directory 570257249ae0f4490f21ed21f6a29477 (C:\Users\Luciano Muratore\Documents\ChordSeqAI\caches\9.3.0\transforms\570257249ae0f4490f21ed21f6a29477)
2026-03-30T18:25:03.329+0200 [DEBUG] [org.gradle.cache.internal.DefaultFileLockManager] Releasing lock on cache directory 570257249ae0f4490f21ed21f6a29477 (C:\Users\Luciano Muratore\Documents\ChordSeqAI\caches\9.3.0\transforms\570257249ae0f4490f21ed21f6a29477).
2026-03-30T18:25:03.329+0200 [DEBUG] [org.gradle.cache.internal.LockOnDemandCrossProcessCacheAccess] Releasing file lock for cache directory 7a73555186621342ae2bc59501eda046 (C:\Users\Luciano Muratore\Documents\ChordSeqAI\caches\9.3.0\transforms\7a73555186621342ae2bc59501eda046)
2026-03-30T18:25:03.329+0200 [DEBUG] [org.gradle.cache.internal.DefaultFileLockManager] Releasing lock on cache directory 7a73555186621342ae2bc59501eda046 (C:\Users\Luciano Muratore\Documents\ChordSeqAI\caches\9.3.0\transforms\7a73555186621342ae2bc59501eda046).
2026-03-30T18:25:03.329+0200 [DEBUG] [org.gradle.cache.internal.LockOnDemandCrossProcessCacheAccess] Releasing file lock for cache directory 1888c2247ff384dbcb3c1d9ae612433c (C:\Users\Luciano Muratore\Documents\ChordSeqAI\caches\9.3.0\transforms\1888c2247ff384dbcb3c1d9ae612433c)
2026-03-30T18:25:03.329+0200 [DEBUG] [org.gradle.cache.internal.DefaultFileLockManager] Releasing lock on cache directory 1888c2247ff384dbcb3c1d9ae612433c (C:\Users\Luciano Muratore\Documents\ChordSeqAI\caches\9.3.0\transforms\1888c2247ff384dbcb3c1d9ae612433c).
2026-03-30T18:25:03.330+0200 [DEBUG] [org.gradle.cache.internal.LockOnDemandCrossProcessCacheAccess] Releasing file lock for cache directory 39d7058b29a6ce2e653cfd238a69d48c (C:\Users\Luciano Muratore\Documents\ChordSeqAI\caches\9.3.0\transforms\39d7058b29a6ce2e653cfd238a69d48c)
2026-03-30T18:25:03.330+0200 [DEBUG] [org.gradle.cache.internal.DefaultFileLockManager] Releasing lock on cache directory 39d7058b29a6ce2e653cfd238a69d48c (C:\Users\Luciano Muratore\Documents\ChordSeqAI\caches\9.3.0\transforms\39d7058b29a6ce2e653cfd238a69d48c).
2026-03-30T18:25:03.330+0200 [DEBUG] [org.gradle.cache.internal.LockOnDemandCrossProcessCacheAccess] Releasing file lock for cache directory 76a29f552de8360a23c54e939ff5ad4e (C:\Users\Luciano Muratore\Documents\ChordSeqAI\caches\9.3.0\transforms\76a29f552de8360a23c54e939ff5ad4e)
2026-03-30T18:25:03.330+0200 [DEBUG] [org.gradle.cache.internal.DefaultFileLockManager] Releasing lock on cache directory 76a29f552de8360a23c54e939ff5ad4e (C:\Users\Luciano Muratore\Documents\ChordSeqAI\caches\9.3.0\transforms\76a29f552de8360a23c54e939ff5ad4e).
2026-03-30T18:25:03.330+0200 [DEBUG] [org.gradle.cache.internal.LockOnDemandCrossProcessCacheAccess] Releasing file lock for cache directory 57e35052499d111e2012be80170081d0 (C:\Users\Luciano Muratore\Documents\ChordSeqAI\caches\9.3.0\transforms\57e35052499d111e2012be80170081d0)
2026-03-30T18:25:03.330+0200 [DEBUG] [org.gradle.cache.internal.DefaultFileLockManager] Releasing lock on cache directory 57e35052499d111e2012be80170081d0 (C:\Users\Luciano Muratore\Documents\ChordSeqAI\caches\9.3.0\transforms\57e35052499d111e2012be80170081d0).
2026-03-30T18:25:03.331+0200 [DEBUG] [org.gradle.cache.internal.LockOnDemandCrossProcessCacheAccess] Releasing file lock for cache directory 1d6c47ee225c959a6ddf66ccf681c3f9 (C:\Users\Luciano Muratore\Documents\ChordSeqAI\caches\9.3.0\transforms\1d6c47ee225c959a6ddf66ccf681c3f9)
2026-03-30T18:25:03.331+0200 [DEBUG] [org.gradle.cache.internal.DefaultFileLockManager] Releasing lock on cache directory 1d6c47ee225c959a6ddf66ccf681c3f9 (C:\Users\Luciano Muratore\Documents\ChordSeqAI\caches\9.3.0\transforms\1d6c47ee225c959a6ddf66ccf681c3f9).
2026-03-30T18:25:03.331+0200 [DEBUG] [org.gradle.cache.internal.LockOnDemandCrossProcessCacheAccess] Releasing file lock for cache directory 8e62dc3341c48dd712b15aff64ce234d (C:\Users\Luciano Muratore\Documents\ChordSeqAI\caches\9.3.0\transforms\8e62dc3341c48dd712b15aff64ce234d)
2026-03-30T18:25:03.331+0200 [DEBUG] [org.gradle.cache.internal.DefaultFileLockManager] Releasing lock on cache directory 8e62dc3341c48dd712b15aff64ce234d (C:\Users\Luciano Muratore\Documents\ChordSeqAI\caches\9.3.0\transforms\8e62dc3341c48dd712b15aff64ce234d).
2026-03-30T18:25:03.332+0200 [DEBUG] [org.gradle.cache.internal.LockOnDemandCrossProcessCacheAccess] Releasing file lock for cache directory 911e604f02a0368185748b3c10754c73 (C:\Users\Luciano Muratore\Documents\ChordSeqAI\caches\9.3.0\transforms\911e604f02a0368185748b3c10754c73)
2026-03-30T18:25:03.332+0200 [DEBUG] [org.gradle.cache.internal.DefaultFileLockManager] Releasing lock on cache directory 911e604f02a0368185748b3c10754c73 (C:\Users\Luciano Muratore\Documents\ChordSeqAI\caches\9.3.0\transforms\911e604f02a0368185748b3c10754c73).
2026-03-30T18:25:03.332+0200 [DEBUG] [org.gradle.cache.internal.LockOnDemandCrossProcessCacheAccess] Releasing file lock for cache directory 936e69c4934140d8c98fddc84de7710c (C:\Users\Luciano Muratore\Documents\ChordSeqAI\caches\9.3.0\transforms\936e69c4934140d8c98fddc84de7710c)
2026-03-30T18:25:03.332+0200 [DEBUG] [org.gradle.cache.internal.DefaultFileLockManager] Releasing lock on cache directory 936e69c4934140d8c98fddc84de7710c (C:\Users\Luciano Muratore\Documents\ChordSeqAI\caches\9.3.0\transforms\936e69c4934140d8c98fddc84de7710c).
2026-03-30T18:25:03.332+0200 [DEBUG] [org.gradle.cache.internal.LockOnDemandCrossProcessCacheAccess] Releasing file lock for cache directory 6da0d9469d5b3482fb6f7a1e0490baa9 (C:\Users\Luciano Muratore\Documents\ChordSeqAI\caches\9.3.0\transforms\6da0d9469d5b3482fb6f7a1e0490baa9)
2026-03-30T18:25:03.332+0200 [DEBUG] [org.gradle.cache.internal.DefaultFileLockManager] Releasing lock on cache directory 6da0d9469d5b3482fb6f7a1e0490baa9 (C:\Users\Luciano Muratore\Documents\ChordSeqAI\caches\9.3.0\transforms\6da0d9469d5b3482fb6f7a1e0490baa9).
2026-03-30T18:25:03.333+0200 [DEBUG] [org.gradle.cache.internal.LockOnDemandCrossProcessCacheAccess] Releasing file lock for cache directory 45bf50ef809c7d30dd4a651f42d17968 (C:\Users\Luciano Muratore\Documents\ChordSeqAI\caches\9.3.0\transforms\45bf50ef809c7d30dd4a651f42d17968)
2026-03-30T18:25:03.333+0200 [DEBUG] [org.gradle.cache.internal.DefaultFileLockManager] Releasing lock on cache directory 45bf50ef809c7d30dd4a651f42d17968 (C:\Users\Luciano Muratore\Documents\ChordSeqAI\caches\9.3.0\transforms\45bf50ef809c7d30dd4a651f42d17968).
2026-03-30T18:25:03.333+0200 [DEBUG] [org.gradle.cache.internal.LockOnDemandCrossProcessCacheAccess] Releasing file lock for cache directory 7a5edc6379f3eae4f7ce03bce6400cd3 (C:\Users\Luciano Muratore\Documents\ChordSeqAI\caches\9.3.0\transforms\7a5edc6379f3eae4f7ce03bce6400cd3)
2026-03-30T18:25:03.333+0200 [DEBUG] [org.gradle.cache.internal.DefaultFileLockManager] Releasing lock on cache directory 7a5edc6379f3eae4f7ce03bce6400cd3 (C:\Users\Luciano Muratore\Documents\ChordSeqAI\caches\9.3.0\transforms\7a5edc6379f3eae4f7ce03bce6400cd3).
2026-03-30T18:25:03.334+0200 [DEBUG] [org.gradle.cache.internal.LockOnDemandCrossProcessCacheAccess] Releasing file lock for cache directory 525cbfa2753c24727b4fc3d6c138e23d (C:\Users\Luciano Muratore\Documents\ChordSeqAI\caches\9.3.0\transforms\525cbfa2753c24727b4fc3d6c138e23d)
2026-03-30T18:25:03.334+0200 [DEBUG] [org.gradle.cache.internal.DefaultFileLockManager] Releasing lock on cache directory 525cbfa2753c24727b4fc3d6c138e23d (C:\Users\Luciano Muratore\Documents\ChordSeqAI\caches\9.3.0\transforms\525cbfa2753c24727b4fc3d6c138e23d).
2026-03-30T18:25:03.334+0200 [DEBUG] [org.gradle.cache.internal.LockOnDemandCrossProcessCacheAccess] Releasing file lock for cache directory f129ea05d94c3bb3dee4bcee4eb0f65f (C:\Users\Luciano Muratore\Documents\ChordSeqAI\caches\9.3.0\transforms\f129ea05d94c3bb3dee4bcee4eb0f65f)
2026-03-30T18:25:03.334+0200 [DEBUG] [org.gradle.cache.internal.DefaultFileLockManager] Releasing lock on cache directory f129ea05d94c3bb3dee4bcee4eb0f65f (C:\Users\Luciano Muratore\Documents\ChordSeqAI\caches\9.3.0\transforms\f129ea05d94c3bb3dee4bcee4eb0f65f).
2026-03-30T18:25:03.335+0200 [DEBUG] [org.gradle.cache.internal.LockOnDemandCrossProcessCacheAccess] Releasing file lock for cache directory b5340f5f798f19cdd6b56625046f2fde (C:\Users\Luciano Muratore\Documents\ChordSeqAI\caches\9.3.0\transforms\b5340f5f798f19cdd6b56625046f2fde)
2026-03-30T18:25:03.335+0200 [DEBUG] [org.gradle.cache.internal.DefaultFileLockManager] Releasing lock on cache directory b5340f5f798f19cdd6b56625046f2fde (C:\Users\Luciano Muratore\Documents\ChordSeqAI\caches\9.3.0\transforms\b5340f5f798f19cdd6b56625046f2fde).
2026-03-30T18:25:03.338+0200 [DEBUG] [org.gradle.cache.internal.LockOnDemandCrossProcessCacheAccess] Releasing file lock for cache directory 022d7975fce8c8422630a41edfda557f (C:\Users\Luciano Muratore\Documents\ChordSeqAI\caches\9.3.0\transforms\022d7975fce8c8422630a41edfda557f)
2026-03-30T18:25:03.338+0200 [DEBUG] [org.gradle.cache.internal.DefaultFileLockManager] Releasing lock on cache directory 022d7975fce8c8422630a41edfda557f (C:\Users\Luciano Muratore\Documents\ChordSeqAI\caches\9.3.0\transforms\022d7975fce8c8422630a41edfda557f).
2026-03-30T18:25:03.339+0200 [DEBUG] [org.gradle.cache.internal.LockOnDemandCrossProcessCacheAccess] Releasing file lock for cache directory 7283f3f61b62607a202cc7a79767ebbb (C:\Users\Luciano Muratore\Documents\ChordSeqAI\caches\9.3.0\transforms\7283f3f61b62607a202cc7a79767ebbb)
2026-03-30T18:25:03.339+0200 [DEBUG] [org.gradle.cache.internal.DefaultFileLockManager] Releasing lock on cache directory 7283f3f61b62607a202cc7a79767ebbb (C:\Users\Luciano Muratore\Documents\ChordSeqAI\caches\9.3.0\transforms\7283f3f61b62607a202cc7a79767ebbb).
2026-03-30T18:25:03.339+0200 [DEBUG] [org.gradle.cache.internal.LockOnDemandCrossProcessCacheAccess] Releasing file lock for cache directory df520ed03419687c834df48090fdf23e (C:\Users\Luciano Muratore\Documents\ChordSeqAI\caches\9.3.0\transforms\df520ed03419687c834df48090fdf23e)
2026-03-30T18:25:03.339+0200 [DEBUG] [org.gradle.cache.internal.DefaultFileLockManager] Releasing lock on cache directory df520ed03419687c834df48090fdf23e (C:\Users\Luciano Muratore\Documents\ChordSeqAI\caches\9.3.0\transforms\df520ed03419687c834df48090fdf23e).
2026-03-30T18:25:03.340+0200 [DEBUG] [org.gradle.cache.internal.LockOnDemandCrossProcessCacheAccess] Releasing file lock for cache directory f12d985a25dd4dc1be12f1cc0a7d4a2e (C:\Users\Luciano Muratore\Documents\ChordSeqAI\caches\9.3.0\transforms\f12d985a25dd4dc1be12f1cc0a7d4a2e)
2026-03-30T18:25:03.340+0200 [DEBUG] [org.gradle.cache.internal.DefaultFileLockManager] Releasing lock on cache directory f12d985a25dd4dc1be12f1cc0a7d4a2e (C:\Users\Luciano Muratore\Documents\ChordSeqAI\caches\9.3.0\transforms\f12d985a25dd4dc1be12f1cc0a7d4a2e).
2026-03-30T18:25:03.340+0200 [DEBUG] [org.gradle.cache.internal.LockOnDemandCrossProcessCacheAccess] Releasing file lock for cache directory 38660095bbe812b76f4cf58d3ba839ab (C:\Users\Luciano Muratore\Documents\ChordSeqAI\caches\9.3.0\transforms\38660095bbe812b76f4cf58d3ba839ab)
2026-03-30T18:25:03.340+0200 [DEBUG] [org.gradle.cache.internal.DefaultFileLockManager] Releasing lock on cache directory 38660095bbe812b76f4cf58d3ba839ab (C:\Users\Luciano Muratore\Documents\ChordSeqAI\caches\9.3.0\transforms\38660095bbe812b76f4cf58d3ba839ab).
2026-03-30T18:25:03.340+0200 [DEBUG] [org.gradle.cache.internal.LockOnDemandCrossProcessCacheAccess] Releasing file lock for cache directory 1a2dd3793febe07aaf7872b8edce8bab (C:\Users\Luciano Muratore\Documents\ChordSeqAI\caches\9.3.0\transforms\1a2dd3793febe07aaf7872b8edce8bab)
2026-03-30T18:25:03.340+0200 [DEBUG] [org.gradle.cache.internal.DefaultFileLockManager] Releasing lock on cache directory 1a2dd3793febe07aaf7872b8edce8bab (C:\Users\Luciano Muratore\Documents\ChordSeqAI\caches\9.3.0\transforms\1a2dd3793febe07aaf7872b8edce8bab).
2026-03-30T18:25:03.341+0200 [DEBUG] [org.gradle.cache.internal.LockOnDemandCrossProcessCacheAccess] Releasing file lock for cache directory 79dc336f3f198190d61e642615c3b97e (C:\Users\Luciano Muratore\Documents\ChordSeqAI\caches\9.3.0\transforms\79dc336f3f198190d61e642615c3b97e)
2026-03-30T18:25:03.341+0200 [DEBUG] [org.gradle.cache.internal.DefaultFileLockManager] Releasing lock on cache directory 79dc336f3f198190d61e642615c3b97e (C:\Users\Luciano Muratore\Documents\ChordSeqAI\caches\9.3.0\transforms\79dc336f3f198190d61e642615c3b97e).
2026-03-30T18:25:03.342+0200 [DEBUG] [org.gradle.cache.internal.LockOnDemandCrossProcessCacheAccess] Releasing file lock for cache directory e4965832dc8cee0111cbc66a053a053c (C:\Users\Luciano Muratore\Documents\ChordSeqAI\caches\9.3.0\transforms\e4965832dc8cee0111cbc66a053a053c)
2026-03-30T18:25:03.342+0200 [DEBUG] [org.gradle.cache.internal.DefaultFileLockManager] Releasing lock on cache directory e4965832dc8cee0111cbc66a053a053c (C:\Users\Luciano Muratore\Documents\ChordSeqAI\caches\9.3.0\transforms\e4965832dc8cee0111cbc66a053a053c).
2026-03-30T18:25:03.342+0200 [DEBUG] [org.gradle.cache.internal.LockOnDemandCrossProcessCacheAccess] Releasing file lock for cache directory 0b367c1b326a414cc02f63bf44d70522 (C:\Users\Luciano Muratore\Documents\ChordSeqAI\caches\9.3.0\transforms\0b367c1b326a414cc02f63bf44d70522)
2026-03-30T18:25:03.342+0200 [DEBUG] [org.gradle.cache.internal.DefaultFileLockManager] Releasing lock on cache directory 0b367c1b326a414cc02f63bf44d70522 (C:\Users\Luciano Muratore\Documents\ChordSeqAI\caches\9.3.0\transforms\0b367c1b326a414cc02f63bf44d70522).
2026-03-30T18:25:03.343+0200 [DEBUG] [org.gradle.cache.internal.LockOnDemandCrossProcessCacheAccess] Releasing file lock for cache directory 7057261bfb5f7a4f705df74b3fcca7cf (C:\Users\Luciano Muratore\Documents\ChordSeqAI\caches\9.3.0\transforms\7057261bfb5f7a4f705df74b3fcca7cf)
2026-03-30T18:25:03.343+0200 [DEBUG] [org.gradle.cache.internal.DefaultFileLockManager] Releasing lock on cache directory 7057261bfb5f7a4f705df74b3fcca7cf (C:\Users\Luciano Muratore\Documents\ChordSeqAI\caches\9.3.0\transforms\7057261bfb5f7a4f705df74b3fcca7cf).
2026-03-30T18:25:03.343+0200 [DEBUG] [org.gradle.cache.internal.LockOnDemandCrossProcessCacheAccess] Releasing file lock for cache directory bd6796aeb370388a3aee65ac7d1ef0df (C:\Users\Luciano Muratore\Documents\ChordSeqAI\caches\9.3.0\transforms\bd6796aeb370388a3aee65ac7d1ef0df)
2026-03-30T18:25:03.343+0200 [DEBUG] [org.gradle.cache.internal.DefaultFileLockManager] Releasing lock on cache directory bd6796aeb370388a3aee65ac7d1ef0df (C:\Users\Luciano Muratore\Documents\ChordSeqAI\caches\9.3.0\transforms\bd6796aeb370388a3aee65ac7d1ef0df).
2026-03-30T18:25:03.343+0200 [DEBUG] [org.gradle.cache.internal.LockOnDemandCrossProcessCacheAccess] Releasing file lock for cache directory 8e4c8b7e967941a8a2540f797e36bb50 (C:\Users\Luciano Muratore\Documents\ChordSeqAI\caches\9.3.0\transforms\8e4c8b7e967941a8a2540f797e36bb50)
2026-03-30T18:25:03.344+0200 [DEBUG] [org.gradle.cache.internal.DefaultFileLockManager] Releasing lock on cache directory 8e4c8b7e967941a8a2540f797e36bb50 (C:\Users\Luciano Muratore\Documents\ChordSeqAI\caches\9.3.0\transforms\8e4c8b7e967941a8a2540f797e36bb50).
2026-03-30T18:25:03.344+0200 [DEBUG] [org.gradle.cache.internal.LockOnDemandCrossProcessCacheAccess] Releasing file lock for cache directory c006c9d72491906e4c5bc02bb314fe4c (C:\Users\Luciano Muratore\Documents\ChordSeqAI\caches\9.3.0\transforms\c006c9d72491906e4c5bc02bb314fe4c)
2026-03-30T18:25:03.344+0200 [DEBUG] [org.gradle.cache.internal.DefaultFileLockManager] Releasing lock on cache directory c006c9d72491906e4c5bc02bb314fe4c (C:\Users\Luciano Muratore\Documents\ChordSeqAI\caches\9.3.0\transforms\c006c9d72491906e4c5bc02bb314fe4c).
2026-03-30T18:25:03.344+0200 [DEBUG] [org.gradle.cache.internal.LockOnDemandCrossProcessCacheAccess] Releasing file lock for cache directory 2bf81f5499ebf2beeab5e9b977a66e71 (C:\Users\Luciano Muratore\Documents\ChordSeqAI\caches\9.3.0\transforms\2bf81f5499ebf2beeab5e9b977a66e71)
2026-03-30T18:25:03.344+0200 [DEBUG] [org.gradle.cache.internal.DefaultFileLockManager] Releasing lock on cache directory 2bf81f5499ebf2beeab5e9b977a66e71 (C:\Users\Luciano Muratore\Documents\ChordSeqAI\caches\9.3.0\transforms\2bf81f5499ebf2beeab5e9b977a66e71).
2026-03-30T18:25:03.345+0200 [DEBUG] [org.gradle.cache.internal.LockOnDemandCrossProcessCacheAccess] Releasing file lock for cache directory 8622447418a4809a423745ed13e6119c (C:\Users\Luciano Muratore\Documents\ChordSeqAI\caches\9.3.0\transforms\8622447418a4809a423745ed13e6119c)
2026-03-30T18:25:03.345+0200 [DEBUG] [org.gradle.cache.internal.DefaultFileLockManager] Releasing lock on cache directory 8622447418a4809a423745ed13e6119c (C:\Users\Luciano Muratore\Documents\ChordSeqAI\caches\9.3.0\transforms\8622447418a4809a423745ed13e6119c).
2026-03-30T18:25:03.345+0200 [DEBUG] [org.gradle.cache.internal.LockOnDemandCrossProcessCacheAccess] Releasing file lock for cache directory a7272673891bb46c4337a3b8d4228367 (C:\Users\Luciano Muratore\Documents\ChordSeqAI\caches\9.3.0\transforms\a7272673891bb46c4337a3b8d4228367)
2026-03-30T18:25:03.345+0200 [DEBUG] [org.gradle.cache.internal.DefaultFileLockManager] Releasing lock on cache directory a7272673891bb46c4337a3b8d4228367 (C:\Users\Luciano Muratore\Documents\ChordSeqAI\caches\9.3.0\transforms\a7272673891bb46c4337a3b8d4228367).
2026-03-30T18:25:03.346+0200 [DEBUG] [org.gradle.cache.internal.LockOnDemandCrossProcessCacheAccess] Releasing file lock for cache directory b75ca12f8d5e7a3da7146602b5964e1d (C:\Users\Luciano Muratore\Documents\ChordSeqAI\caches\9.3.0\transforms\b75ca12f8d5e7a3da7146602b5964e1d)
2026-03-30T18:25:03.346+0200 [DEBUG] [org.gradle.cache.internal.DefaultFileLockManager] Releasing lock on cache directory b75ca12f8d5e7a3da7146602b5964e1d (C:\Users\Luciano Muratore\Documents\ChordSeqAI\caches\9.3.0\transforms\b75ca12f8d5e7a3da7146602b5964e1d).
2026-03-30T18:25:03.346+0200 [DEBUG] [org.gradle.cache.internal.LockOnDemandCrossProcessCacheAccess] Releasing file lock for cache directory b7a22082a9ecba960b7ae525071710d9 (C:\Users\Luciano Muratore\Documents\ChordSeqAI\caches\9.3.0\transforms\b7a22082a9ecba960b7ae525071710d9)
2026-03-30T18:25:03.346+0200 [DEBUG] [org.gradle.cache.internal.DefaultFileLockManager] Releasing lock on cache directory b7a22082a9ecba960b7ae525071710d9 (C:\Users\Luciano Muratore\Documents\ChordSeqAI\caches\9.3.0\transforms\b7a22082a9ecba960b7ae525071710d9).
2026-03-30T18:25:03.347+0200 [DEBUG] [org.gradle.cache.internal.LockOnDemandCrossProcessCacheAccess] Releasing file lock for cache directory 5d75e0c0c7adbd22df669a0eb753e8c2 (C:\Users\Luciano Muratore\Documents\ChordSeqAI\caches\9.3.0\transforms\5d75e0c0c7adbd22df669a0eb753e8c2)
2026-03-30T18:25:03.347+0200 [DEBUG] [org.gradle.cache.internal.DefaultFileLockManager] Releasing lock on cache directory 5d75e0c0c7adbd22df669a0eb753e8c2 (C:\Users\Luciano Muratore\Documents\ChordSeqAI\caches\9.3.0\transforms\5d75e0c0c7adbd22df669a0eb753e8c2).
2026-03-30T18:25:03.347+0200 [DEBUG] [org.gradle.cache.internal.LockOnDemandCrossProcessCacheAccess] Releasing file lock for cache directory 3cf8bec346a51a3b5566ec726dbc4438 (C:\Users\Luciano Muratore\Documents\ChordSeqAI\caches\9.3.0\transforms\3cf8bec346a51a3b5566ec726dbc4438)
2026-03-30T18:25:03.347+0200 [DEBUG] [org.gradle.cache.internal.DefaultFileLockManager] Releasing lock on cache directory 3cf8bec346a51a3b5566ec726dbc4438 (C:\Users\Luciano Muratore\Documents\ChordSeqAI\caches\9.3.0\transforms\3cf8bec346a51a3b5566ec726dbc4438).
2026-03-30T18:25:03.347+0200 [DEBUG] [org.gradle.cache.internal.LockOnDemandCrossProcessCacheAccess] Releasing file lock for cache directory c15c71ffad697c0eafcf8267a301512f (C:\Users\Luciano Muratore\Documents\ChordSeqAI\caches\9.3.0\transforms\c15c71ffad697c0eafcf8267a301512f)
2026-03-30T18:25:03.347+0200 [DEBUG] [org.gradle.cache.internal.DefaultFileLockManager] Releasing lock on cache directory c15c71ffad697c0eafcf8267a301512f (C:\Users\Luciano Muratore\Documents\ChordSeqAI\caches\9.3.0\transforms\c15c71ffad697c0eafcf8267a301512f).
2026-03-30T18:25:03.347+0200 [DEBUG] [org.gradle.cache.internal.LockOnDemandCrossProcessCacheAccess] Releasing file lock for cache directory 17e2d112db4c9695672201de420b3e53 (C:\Users\Luciano Muratore\Documents\ChordSeqAI\caches\9.3.0\transforms\17e2d112db4c9695672201de420b3e53)
2026-03-30T18:25:03.347+0200 [DEBUG] [org.gradle.cache.internal.DefaultFileLockManager] Releasing lock on cache directory 17e2d112db4c9695672201de420b3e53 (C:\Users\Luciano Muratore\Documents\ChordSeqAI\caches\9.3.0\transforms\17e2d112db4c9695672201de420b3e53).
2026-03-30T18:25:03.348+0200 [DEBUG] [org.gradle.cache.internal.LockOnDemandCrossProcessCacheAccess] Releasing file lock for cache directory 1b5725ac68237b38bc360a7e2496833a (C:\Users\Luciano Muratore\Documents\ChordSeqAI\caches\9.3.0\transforms\1b5725ac68237b38bc360a7e2496833a)
2026-03-30T18:25:03.348+0200 [DEBUG] [org.gradle.cache.internal.DefaultFileLockManager] Releasing lock on cache directory 1b5725ac68237b38bc360a7e2496833a (C:\Users\Luciano Muratore\Documents\ChordSeqAI\caches\9.3.0\transforms\1b5725ac68237b38bc360a7e2496833a).
2026-03-30T18:25:03.348+0200 [DEBUG] [org.gradle.cache.internal.LockOnDemandCrossProcessCacheAccess] Releasing file lock for cache directory 505cb257f0c46dc1eb55152330aff624 (C:\Users\Luciano Muratore\Documents\ChordSeqAI\caches\9.3.0\transforms\505cb257f0c46dc1eb55152330aff624)
2026-03-30T18:25:03.348+0200 [DEBUG] [org.gradle.cache.internal.DefaultFileLockManager] Releasing lock on cache directory 505cb257f0c46dc1eb55152330aff624 (C:\Users\Luciano Muratore\Documents\ChordSeqAI\caches\9.3.0\transforms\505cb257f0c46dc1eb55152330aff624).
2026-03-30T18:25:03.348+0200 [DEBUG] [org.gradle.cache.internal.LockOnDemandCrossProcessCacheAccess] Releasing file lock for cache directory 9957575fecf98e81c8325ff60d591327 (C:\Users\Luciano Muratore\Documents\ChordSeqAI\caches\9.3.0\transforms\9957575fecf98e81c8325ff60d591327)
2026-03-30T18:25:03.349+0200 [DEBUG] [org.gradle.cache.internal.DefaultFileLockManager] Releasing lock on cache directory 9957575fecf98e81c8325ff60d591327 (C:\Users\Luciano Muratore\Documents\ChordSeqAI\caches\9.3.0\transforms\9957575fecf98e81c8325ff60d591327).
2026-03-30T18:25:03.349+0200 [DEBUG] [org.gradle.cache.internal.LockOnDemandCrossProcessCacheAccess] Releasing file lock for cache directory a3053e8fb4baf8fa7f57521647e39be5 (C:\Users\Luciano Muratore\Documents\ChordSeqAI\caches\9.3.0\transforms\a3053e8fb4baf8fa7f57521647e39be5)
2026-03-30T18:25:03.349+0200 [DEBUG] [org.gradle.cache.internal.DefaultFileLockManager] Releasing lock on cache directory a3053e8fb4baf8fa7f57521647e39be5 (C:\Users\Luciano Muratore\Documents\ChordSeqAI\caches\9.3.0\transforms\a3053e8fb4baf8fa7f57521647e39be5).
2026-03-30T18:25:03.349+0200 [DEBUG] [org.gradle.cache.internal.LockOnDemandCrossProcessCacheAccess] Releasing file lock for cache directory 0ee79ee1e28828c405523cdd5e7ca19f (C:\Users\Luciano Muratore\Documents\ChordSeqAI\caches\9.3.0\transforms\0ee79ee1e28828c405523cdd5e7ca19f)
2026-03-30T18:25:03.350+0200 [DEBUG] [org.gradle.cache.internal.DefaultFileLockManager] Releasing lock on cache directory 0ee79ee1e28828c405523cdd5e7ca19f (C:\Users\Luciano Muratore\Documents\ChordSeqAI\caches\9.3.0\transforms\0ee79ee1e28828c405523cdd5e7ca19f).
2026-03-30T18:25:03.350+0200 [DEBUG] [org.gradle.cache.internal.LockOnDemandCrossProcessCacheAccess] Releasing file lock for cache directory 5cdd25fa9bb269cf46d27a844979583f (C:\Users\Luciano Muratore\Documents\ChordSeqAI\caches\9.3.0\transforms\5cdd25fa9bb269cf46d27a844979583f)
2026-03-30T18:25:03.350+0200 [DEBUG] [org.gradle.cache.internal.DefaultFileLockManager] Releasing lock on cache directory 5cdd25fa9bb269cf46d27a844979583f (C:\Users\Luciano Muratore\Documents\ChordSeqAI\caches\9.3.0\transforms\5cdd25fa9bb269cf46d27a844979583f).
2026-03-30T18:25:03.350+0200 [DEBUG] [org.gradle.cache.internal.LockOnDemandCrossProcessCacheAccess] Releasing file lock for cache directory 3e4c51c9f6365c7d9564361d046d13e4 (C:\Users\Luciano Muratore\Documents\ChordSeqAI\caches\9.3.0\transforms\3e4c51c9f6365c7d9564361d046d13e4)
2026-03-30T18:25:03.350+0200 [DEBUG] [org.gradle.cache.internal.DefaultFileLockManager] Releasing lock on cache directory 3e4c51c9f6365c7d9564361d046d13e4 (C:\Users\Luciano Muratore\Documents\ChordSeqAI\caches\9.3.0\transforms\3e4c51c9f6365c7d9564361d046d13e4).
2026-03-30T18:25:03.351+0200 [DEBUG] [org.gradle.cache.internal.LockOnDemandCrossProcessCacheAccess] Releasing file lock for cache directory 7852e7e67b1824ab46ae1070af5d6953 (C:\Users\Luciano Muratore\Documents\ChordSeqAI\caches\9.3.0\transforms\7852e7e67b1824ab46ae1070af5d6953)
2026-03-30T18:25:03.351+0200 [DEBUG] [org.gradle.cache.internal.DefaultFileLockManager] Releasing lock on cache directory 7852e7e67b1824ab46ae1070af5d6953 (C:\Users\Luciano Muratore\Documents\ChordSeqAI\caches\9.3.0\transforms\7852e7e67b1824ab46ae1070af5d6953).
2026-03-30T18:25:03.351+0200 [DEBUG] [org.gradle.cache.internal.LockOnDemandCrossProcessCacheAccess] Releasing file lock for cache directory f66c0bc021167906b64304783adfafbc (C:\Users\Luciano Muratore\Documents\ChordSeqAI\caches\9.3.0\transforms\f66c0bc021167906b64304783adfafbc)
2026-03-30T18:25:03.351+0200 [DEBUG] [org.gradle.cache.internal.DefaultFileLockManager] Releasing lock on cache directory f66c0bc021167906b64304783adfafbc (C:\Users\Luciano Muratore\Documents\ChordSeqAI\caches\9.3.0\transforms\f66c0bc021167906b64304783adfafbc).
2026-03-30T18:25:03.351+0200 [DEBUG] [org.gradle.cache.internal.LockOnDemandCrossProcessCacheAccess] Releasing file lock for cache directory 782494d0b48bb939f3e0527dd3608aa0 (C:\Users\Luciano Muratore\Documents\ChordSeqAI\caches\9.3.0\transforms\782494d0b48bb939f3e0527dd3608aa0)
2026-03-30T18:25:03.352+0200 [DEBUG] [org.gradle.cache.internal.DefaultFileLockManager] Releasing lock on cache directory 782494d0b48bb939f3e0527dd3608aa0 (C:\Users\Luciano Muratore\Documents\ChordSeqAI\caches\9.3.0\transforms\782494d0b48bb939f3e0527dd3608aa0).
2026-03-30T18:25:03.353+0200 [DEBUG] [org.gradle.cache.internal.LockOnDemandCrossProcessCacheAccess] Releasing file lock for cache directory 923195888bc40c4a51bafe0b78fcae0d (C:\Users\Luciano Muratore\Documents\ChordSeqAI\caches\9.3.0\transforms\923195888bc40c4a51bafe0b78fcae0d)
2026-03-30T18:25:03.353+0200 [DEBUG] [org.gradle.cache.internal.DefaultFileLockManager] Releasing lock on cache directory 923195888bc40c4a51bafe0b78fcae0d (C:\Users\Luciano Muratore\Documents\ChordSeqAI\caches\9.3.0\transforms\923195888bc40c4a51bafe0b78fcae0d).
2026-03-30T18:25:03.353+0200 [DEBUG] [org.gradle.cache.internal.LockOnDemandCrossProcessCacheAccess] Releasing file lock for cache directory 0cd98df1d2a899e493442564ebb3d7f4 (C:\Users\Luciano Muratore\Documents\ChordSeqAI\caches\9.3.0\transforms\0cd98df1d2a899e493442564ebb3d7f4)
2026-03-30T18:25:03.353+0200 [DEBUG] [org.gradle.cache.internal.DefaultFileLockManager] Releasing lock on cache directory 0cd98df1d2a899e493442564ebb3d7f4 (C:\Users\Luciano Muratore\Documents\ChordSeqAI\caches\9.3.0\transforms\0cd98df1d2a899e493442564ebb3d7f4).
2026-03-30T18:25:03.354+0200 [DEBUG] [org.gradle.cache.internal.LockOnDemandCrossProcessCacheAccess] Releasing file lock for cache directory 1bfe3dcc19abf5f7ea1527591c0ff9d9 (C:\Users\Luciano Muratore\Documents\ChordSeqAI\caches\9.3.0\transforms\1bfe3dcc19abf5f7ea1527591c0ff9d9)
2026-03-30T18:25:03.354+0200 [DEBUG] [org.gradle.cache.internal.DefaultFileLockManager] Releasing lock on cache directory 1bfe3dcc19abf5f7ea1527591c0ff9d9 (C:\Users\Luciano Muratore\Documents\ChordSeqAI\caches\9.3.0\transforms\1bfe3dcc19abf5f7ea1527591c0ff9d9).
2026-03-30T18:25:03.354+0200 [DEBUG] [org.gradle.cache.internal.LockOnDemandCrossProcessCacheAccess] Releasing file lock for cache directory 02da28d62682711ecdcf1fdd6f468f5b (C:\Users\Luciano Muratore\Documents\ChordSeqAI\caches\9.3.0\transforms\02da28d62682711ecdcf1fdd6f468f5b)
2026-03-30T18:25:03.354+0200 [DEBUG] [org.gradle.cache.internal.DefaultFileLockManager] Releasing lock on cache directory 02da28d62682711ecdcf1fdd6f468f5b (C:\Users\Luciano Muratore\Documents\ChordSeqAI\caches\9.3.0\transforms\02da28d62682711ecdcf1fdd6f468f5b).
2026-03-30T18:25:03.355+0200 [DEBUG] [org.gradle.cache.internal.LockOnDemandCrossProcessCacheAccess] Releasing file lock for cache directory 77978530007d14b2b99d4ae4cf23a010 (C:\Users\Luciano Muratore\Documents\ChordSeqAI\caches\9.3.0\transforms\77978530007d14b2b99d4ae4cf23a010)
2026-03-30T18:25:03.355+0200 [DEBUG] [org.gradle.cache.internal.DefaultFileLockManager] Releasing lock on cache directory 77978530007d14b2b99d4ae4cf23a010 (C:\Users\Luciano Muratore\Documents\ChordSeqAI\caches\9.3.0\transforms\77978530007d14b2b99d4ae4cf23a010).
2026-03-30T18:25:03.356+0200 [DEBUG] [org.gradle.cache.internal.LockOnDemandCrossProcessCacheAccess] Releasing file lock for cache directory 0d45dd0f4ba8a3c8ad3758bde082171e (C:\Users\Luciano Muratore\Documents\ChordSeqAI\caches\9.3.0\transforms\0d45dd0f4ba8a3c8ad3758bde082171e)
2026-03-30T18:25:03.356+0200 [DEBUG] [org.gradle.cache.internal.DefaultFileLockManager] Releasing lock on cache directory 0d45dd0f4ba8a3c8ad3758bde082171e (C:\Users\Luciano Muratore\Documents\ChordSeqAI\caches\9.3.0\transforms\0d45dd0f4ba8a3c8ad3758bde082171e).
2026-03-30T18:25:03.356+0200 [DEBUG] [org.gradle.cache.internal.LockOnDemandCrossProcessCacheAccess] Releasing file lock for cache directory b07044d39904a41d15929626475c2f35 (C:\Users\Luciano Muratore\Documents\ChordSeqAI\caches\9.3.0\transforms\b07044d39904a41d15929626475c2f35)
2026-03-30T18:25:03.356+0200 [DEBUG] [org.gradle.cache.internal.DefaultFileLockManager] Releasing lock on cache directory b07044d39904a41d15929626475c2f35 (C:\Users\Luciano Muratore\Documents\ChordSeqAI\caches\9.3.0\transforms\b07044d39904a41d15929626475c2f35).
2026-03-30T18:25:03.356+0200 [DEBUG] [org.gradle.cache.internal.LockOnDemandCrossProcessCacheAccess] Releasing file lock for cache directory c5e55b76db1f7fcec9cabde844e7df1b (C:\Users\Luciano Muratore\Documents\ChordSeqAI\caches\9.3.0\transforms\c5e55b76db1f7fcec9cabde844e7df1b)
2026-03-30T18:25:03.357+0200 [DEBUG] [org.gradle.cache.internal.DefaultFileLockManager] Releasing lock on cache directory c5e55b76db1f7fcec9cabde844e7df1b (C:\Users\Luciano Muratore\Documents\ChordSeqAI\caches\9.3.0\transforms\c5e55b76db1f7fcec9cabde844e7df1b).
2026-03-30T18:25:03.357+0200 [DEBUG] [org.gradle.cache.internal.LockOnDemandCrossProcessCacheAccess] Releasing file lock for cache directory c8a49cd62b03f7bf873ea327dc4edc75 (C:\Users\Luciano Muratore\Documents\ChordSeqAI\caches\9.3.0\transforms\c8a49cd62b03f7bf873ea327dc4edc75)
2026-03-30T18:25:03.357+0200 [DEBUG] [org.gradle.cache.internal.DefaultFileLockManager] Releasing lock on cache directory c8a49cd62b03f7bf873ea327dc4edc75 (C:\Users\Luciano Muratore\Documents\ChordSeqAI\caches\9.3.0\transforms\c8a49cd62b03f7bf873ea327dc4edc75).
2026-03-30T18:25:03.357+0200 [DEBUG] [org.gradle.cache.internal.LockOnDemandCrossProcessCacheAccess] Releasing file lock for cache directory a2957ca77d1a66880a76334be495735f (C:\Users\Luciano Muratore\Documents\ChordSeqAI\caches\9.3.0\transforms\a2957ca77d1a66880a76334be495735f)
2026-03-30T18:25:03.357+0200 [DEBUG] [org.gradle.cache.internal.DefaultFileLockManager] Releasing lock on cache directory a2957ca77d1a66880a76334be495735f (C:\Users\Luciano Muratore\Documents\ChordSeqAI\caches\9.3.0\transforms\a2957ca77d1a66880a76334be495735f).
2026-03-30T18:25:03.358+0200 [DEBUG] [org.gradle.cache.internal.LockOnDemandCrossProcessCacheAccess] Releasing file lock for cache directory 37716d27c351c2dcf96655e943807340 (C:\Users\Luciano Muratore\Documents\ChordSeqAI\caches\9.3.0\transforms\37716d27c351c2dcf96655e943807340)
2026-03-30T18:25:03.358+0200 [DEBUG] [org.gradle.cache.internal.DefaultFileLockManager] Releasing lock on cache directory 37716d27c351c2dcf96655e943807340 (C:\Users\Luciano Muratore\Documents\ChordSeqAI\caches\9.3.0\transforms\37716d27c351c2dcf96655e943807340).
2026-03-30T18:25:03.358+0200 [DEBUG] [org.gradle.cache.internal.LockOnDemandCrossProcessCacheAccess] Releasing file lock for cache directory cae20a54dd498ca051a4c6be841b7db6 (C:\Users\Luciano Muratore\Documents\ChordSeqAI\caches\9.3.0\transforms\cae20a54dd498ca051a4c6be841b7db6)
2026-03-30T18:25:03.358+0200 [DEBUG] [org.gradle.cache.internal.DefaultFileLockManager] Releasing lock on cache directory cae20a54dd498ca051a4c6be841b7db6 (C:\Users\Luciano Muratore\Documents\ChordSeqAI\caches\9.3.0\transforms\cae20a54dd498ca051a4c6be841b7db6).
2026-03-30T18:25:03.358+0200 [DEBUG] [org.gradle.cache.internal.LockOnDemandCrossProcessCacheAccess] Releasing file lock for cache directory f413dd7853fbd0a00d387c445a201c52 (C:\Users\Luciano Muratore\Documents\ChordSeqAI\caches\9.3.0\transforms\f413dd7853fbd0a00d387c445a201c52)
2026-03-30T18:25:03.358+0200 [DEBUG] [org.gradle.cache.internal.DefaultFileLockManager] Releasing lock on cache directory f413dd7853fbd0a00d387c445a201c52 (C:\Users\Luciano Muratore\Documents\ChordSeqAI\caches\9.3.0\transforms\f413dd7853fbd0a00d387c445a201c52).
2026-03-30T18:25:03.359+0200 [DEBUG] [org.gradle.cache.internal.LockOnDemandCrossProcessCacheAccess] Releasing file lock for cache directory ec0625c2762c9764659fd31aa91b4ca4 (C:\Users\Luciano Muratore\Documents\ChordSeqAI\caches\9.3.0\transforms\ec0625c2762c9764659fd31aa91b4ca4)
2026-03-30T18:25:03.359+0200 [DEBUG] [org.gradle.cache.internal.DefaultFileLockManager] Releasing lock on cache directory ec0625c2762c9764659fd31aa91b4ca4 (C:\Users\Luciano Muratore\Documents\ChordSeqAI\caches\9.3.0\transforms\ec0625c2762c9764659fd31aa91b4ca4).
2026-03-30T18:25:03.359+0200 [DEBUG] [org.gradle.cache.internal.LockOnDemandCrossProcessCacheAccess] Releasing file lock for cache directory c81c871c4e250205cee697a733285b06 (C:\Users\Luciano Muratore\Documents\ChordSeqAI\caches\9.3.0\transforms\c81c871c4e250205cee697a733285b06)
2026-03-30T18:25:03.359+0200 [DEBUG] [org.gradle.cache.internal.DefaultFileLockManager] Releasing lock on cache directory c81c871c4e250205cee697a733285b06 (C:\Users\Luciano Muratore\Documents\ChordSeqAI\caches\9.3.0\transforms\c81c871c4e250205cee697a733285b06).
2026-03-30T18:25:03.359+0200 [DEBUG] [org.gradle.cache.internal.LockOnDemandCrossProcessCacheAccess] Releasing file lock for cache directory 989604813dbdd950d34a41be70ccaabf (C:\Users\Luciano Muratore\Documents\ChordSeqAI\caches\9.3.0\transforms\989604813dbdd950d34a41be70ccaabf)
2026-03-30T18:25:03.360+0200 [DEBUG] [org.gradle.cache.internal.DefaultFileLockManager] Releasing lock on cache directory 989604813dbdd950d34a41be70ccaabf (C:\Users\Luciano Muratore\Documents\ChordSeqAI\caches\9.3.0\transforms\989604813dbdd950d34a41be70ccaabf).
2026-03-30T18:25:03.360+0200 [DEBUG] [org.gradle.cache.internal.LockOnDemandCrossProcessCacheAccess] Releasing file lock for cache directory b40d88597e93d2075d2f32c50ad0c761 (C:\Users\Luciano Muratore\Documents\ChordSeqAI\caches\9.3.0\transforms\b40d88597e93d2075d2f32c50ad0c761)
2026-03-30T18:25:03.360+0200 [DEBUG] [org.gradle.cache.internal.DefaultFileLockManager] Releasing lock on cache directory b40d88597e93d2075d2f32c50ad0c761 (C:\Users\Luciano Muratore\Documents\ChordSeqAI\caches\9.3.0\transforms\b40d88597e93d2075d2f32c50ad0c761).
2026-03-30T18:25:03.360+0200 [DEBUG] [org.gradle.cache.internal.LockOnDemandCrossProcessCacheAccess] Releasing file lock for cache directory 8144bb38152044c54e78856c7554e248 (C:\Users\Luciano Muratore\Documents\ChordSeqAI\caches\9.3.0\transforms\8144bb38152044c54e78856c7554e248)
2026-03-30T18:25:03.360+0200 [DEBUG] [org.gradle.cache.internal.DefaultFileLockManager] Releasing lock on cache directory 8144bb38152044c54e78856c7554e248 (C:\Users\Luciano Muratore\Documents\ChordSeqAI\caches\9.3.0\transforms\8144bb38152044c54e78856c7554e248).
2026-03-30T18:25:03.361+0200 [DEBUG] [org.gradle.cache.internal.LockOnDemandCrossProcessCacheAccess] Releasing file lock for cache directory f98ad863b03f86370350629f356e71da (C:\Users\Luciano Muratore\Documents\ChordSeqAI\caches\9.3.0\transforms\f98ad863b03f86370350629f356e71da)
2026-03-30T18:25:03.361+0200 [DEBUG] [org.gradle.cache.internal.DefaultFileLockManager] Releasing lock on cache directory f98ad863b03f86370350629f356e71da (C:\Users\Luciano Muratore\Documents\ChordSeqAI\caches\9.3.0\transforms\f98ad863b03f86370350629f356e71da).
2026-03-30T18:25:03.361+0200 [DEBUG] [org.gradle.cache.internal.LockOnDemandCrossProcessCacheAccess] Releasing file lock for cache directory 8ae6c5a6e0e0f50df7485f8f6d882130 (C:\Users\Luciano Muratore\Documents\ChordSeqAI\caches\9.3.0\transforms\8ae6c5a6e0e0f50df7485f8f6d882130)
2026-03-30T18:25:03.361+0200 [DEBUG] [org.gradle.cache.internal.DefaultFileLockManager] Releasing lock on cache directory 8ae6c5a6e0e0f50df7485f8f6d882130 (C:\Users\Luciano Muratore\Documents\ChordSeqAI\caches\9.3.0\transforms\8ae6c5a6e0e0f50df7485f8f6d882130).
2026-03-30T18:25:03.362+0200 [DEBUG] [org.gradle.cache.internal.LockOnDemandCrossProcessCacheAccess] Releasing file lock for cache directory 2ff4d5db0a717fa0da933b54b37eb74b (C:\Users\Luciano Muratore\Documents\ChordSeqAI\caches\9.3.0\transforms\2ff4d5db0a717fa0da933b54b37eb74b)
2026-03-30T18:25:03.362+0200 [DEBUG] [org.gradle.cache.internal.DefaultFileLockManager] Releasing lock on cache directory 2ff4d5db0a717fa0da933b54b37eb74b (C:\Users\Luciano Muratore\Documents\ChordSeqAI\caches\9.3.0\transforms\2ff4d5db0a717fa0da933b54b37eb74b).
2026-03-30T18:25:03.362+0200 [DEBUG] [org.gradle.cache.internal.LockOnDemandCrossProcessCacheAccess] Releasing file lock for cache directory e6f931dbb65093a263f2a8c3d9894811 (C:\Users\Luciano Muratore\Documents\ChordSeqAI\caches\9.3.0\transforms\e6f931dbb65093a263f2a8c3d9894811)
2026-03-30T18:25:03.362+0200 [DEBUG] [org.gradle.cache.internal.DefaultFileLockManager] Releasing lock on cache directory e6f931dbb65093a263f2a8c3d9894811 (C:\Users\Luciano Muratore\Documents\ChordSeqAI\caches\9.3.0\transforms\e6f931dbb65093a263f2a8c3d9894811).
2026-03-30T18:25:03.363+0200 [DEBUG] [org.gradle.cache.internal.LockOnDemandCrossProcessCacheAccess] Releasing file lock for cache directory aad24dae43b29724204acd429789e976 (C:\Users\Luciano Muratore\Documents\ChordSeqAI\caches\9.3.0\transforms\aad24dae43b29724204acd429789e976)
2026-03-30T18:25:03.363+0200 [DEBUG] [org.gradle.cache.internal.DefaultFileLockManager] Releasing lock on cache directory aad24dae43b29724204acd429789e976 (C:\Users\Luciano Muratore\Documents\ChordSeqAI\caches\9.3.0\transforms\aad24dae43b29724204acd429789e976).
2026-03-30T18:25:03.363+0200 [DEBUG] [org.gradle.cache.internal.LockOnDemandCrossProcessCacheAccess] Releasing file lock for cache directory 970ffbe1bdf1c5b2d675b457dc218999 (C:\Users\Luciano Muratore\Documents\ChordSeqAI\caches\9.3.0\transforms\970ffbe1bdf1c5b2d675b457dc218999)
2026-03-30T18:25:03.363+0200 [DEBUG] [org.gradle.cache.internal.DefaultFileLockManager] Releasing lock on cache directory 970ffbe1bdf1c5b2d675b457dc218999 (C:\Users\Luciano Muratore\Documents\ChordSeqAI\caches\9.3.0\transforms\970ffbe1bdf1c5b2d675b457dc218999).
2026-03-30T18:25:03.363+0200 [DEBUG] [org.gradle.cache.internal.LockOnDemandCrossProcessCacheAccess] Releasing file lock for cache directory 82a24c0c38be3a3d24597e3498f02394 (C:\Users\Luciano Muratore\Documents\ChordSeqAI\caches\9.3.0\transforms\82a24c0c38be3a3d24597e3498f02394)
2026-03-30T18:25:03.364+0200 [DEBUG] [org.gradle.cache.internal.DefaultFileLockManager] Releasing lock on cache directory 82a24c0c38be3a3d24597e3498f02394 (C:\Users\Luciano Muratore\Documents\ChordSeqAI\caches\9.3.0\transforms\82a24c0c38be3a3d24597e3498f02394).
2026-03-30T18:25:03.364+0200 [DEBUG] [org.gradle.cache.internal.LockOnDemandCrossProcessCacheAccess] Releasing file lock for cache directory 5cf57cebad5f384a864b78931e3b5e1c (C:\Users\Luciano Muratore\Documents\ChordSeqAI\caches\9.3.0\transforms\5cf57cebad5f384a864b78931e3b5e1c)
2026-03-30T18:25:03.364+0200 [DEBUG] [org.gradle.cache.internal.DefaultFileLockManager] Releasing lock on cache directory 5cf57cebad5f384a864b78931e3b5e1c (C:\Users\Luciano Muratore\Documents\ChordSeqAI\caches\9.3.0\transforms\5cf57cebad5f384a864b78931e3b5e1c).
2026-03-30T18:25:03.364+0200 [DEBUG] [org.gradle.cache.internal.LockOnDemandCrossProcessCacheAccess] Releasing file lock for cache directory 1e5631e80056935f19f3d3a7fab80842 (C:\Users\Luciano Muratore\Documents\ChordSeqAI\caches\9.3.0\transforms\1e5631e80056935f19f3d3a7fab80842)
2026-03-30T18:25:03.364+0200 [DEBUG] [org.gradle.cache.internal.DefaultFileLockManager] Releasing lock on cache directory 1e5631e80056935f19f3d3a7fab80842 (C:\Users\Luciano Muratore\Documents\ChordSeqAI\caches\9.3.0\transforms\1e5631e80056935f19f3d3a7fab80842).
2026-03-30T18:25:03.364+0200 [DEBUG] [org.gradle.cache.internal.LockOnDemandCrossProcessCacheAccess] Releasing file lock for cache directory 4626b9f97b943b722cc3104797010713 (C:\Users\Luciano Muratore\Documents\ChordSeqAI\caches\9.3.0\transforms\4626b9f97b943b722cc3104797010713)
2026-03-30T18:25:03.365+0200 [DEBUG] [org.gradle.cache.internal.DefaultFileLockManager] Releasing lock on cache directory 4626b9f97b943b722cc3104797010713 (C:\Users\Luciano Muratore\Documents\ChordSeqAI\caches\9.3.0\transforms\4626b9f97b943b722cc3104797010713).
2026-03-30T18:25:03.365+0200 [DEBUG] [org.gradle.cache.internal.LockOnDemandCrossProcessCacheAccess] Releasing file lock for cache directory 526e8559389116eadbf25d5783cef4ef (C:\Users\Luciano Muratore\Documents\ChordSeqAI\caches\9.3.0\transforms\526e8559389116eadbf25d5783cef4ef)
2026-03-30T18:25:03.365+0200 [DEBUG] [org.gradle.cache.internal.DefaultFileLockManager] Releasing lock on cache directory 526e8559389116eadbf25d5783cef4ef (C:\Users\Luciano Muratore\Documents\ChordSeqAI\caches\9.3.0\transforms\526e8559389116eadbf25d5783cef4ef).
2026-03-30T18:25:03.365+0200 [DEBUG] [org.gradle.cache.internal.LockOnDemandCrossProcessCacheAccess] Releasing file lock for cache directory 074741e1c30be7613fb1aa57fb8b3fa4 (C:\Users\Luciano Muratore\Documents\ChordSeqAI\caches\9.3.0\transforms\074741e1c30be7613fb1aa57fb8b3fa4)
2026-03-30T18:25:03.365+0200 [DEBUG] [org.gradle.cache.internal.DefaultFileLockManager] Releasing lock on cache directory 074741e1c30be7613fb1aa57fb8b3fa4 (C:\Users\Luciano Muratore\Documents\ChordSeqAI\caches\9.3.0\transforms\074741e1c30be7613fb1aa57fb8b3fa4).
2026-03-30T18:25:03.366+0200 [DEBUG] [org.gradle.cache.internal.LockOnDemandCrossProcessCacheAccess] Releasing file lock for cache directory f817f7bb0d061964130c34d5fd127cf9 (C:\Users\Luciano Muratore\Documents\ChordSeqAI\caches\9.3.0\transforms\f817f7bb0d061964130c34d5fd127cf9)
2026-03-30T18:25:03.366+0200 [DEBUG] [org.gradle.cache.internal.DefaultFileLockManager] Releasing lock on cache directory f817f7bb0d061964130c34d5fd127cf9 (C:\Users\Luciano Muratore\Documents\ChordSeqAI\caches\9.3.0\transforms\f817f7bb0d061964130c34d5fd127cf9).
2026-03-30T18:25:03.366+0200 [DEBUG] [org.gradle.cache.internal.LockOnDemandCrossProcessCacheAccess] Releasing file lock for cache directory 5e459ccf24a4be8f4cfbaf5173d0b373 (C:\Users\Luciano Muratore\Documents\ChordSeqAI\caches\9.3.0\transforms\5e459ccf24a4be8f4cfbaf5173d0b373)
2026-03-30T18:25:03.366+0200 [DEBUG] [org.gradle.cache.internal.DefaultFileLockManager] Releasing lock on cache directory 5e459ccf24a4be8f4cfbaf5173d0b373 (C:\Users\Luciano Muratore\Documents\ChordSeqAI\caches\9.3.0\transforms\5e459ccf24a4be8f4cfbaf5173d0b373).
2026-03-30T18:25:03.366+0200 [DEBUG] [org.gradle.cache.internal.LockOnDemandCrossProcessCacheAccess] Releasing file lock for cache directory 63498eab9e27dcb47909cc1d560f7b55 (C:\Users\Luciano Muratore\Documents\ChordSeqAI\caches\9.3.0\transforms\63498eab9e27dcb47909cc1d560f7b55)
2026-03-30T18:25:03.366+0200 [DEBUG] [org.gradle.cache.internal.DefaultFileLockManager] Releasing lock on cache directory 63498eab9e27dcb47909cc1d560f7b55 (C:\Users\Luciano Muratore\Documents\ChordSeqAI\caches\9.3.0\transforms\63498eab9e27dcb47909cc1d560f7b55).
2026-03-30T18:25:03.367+0200 [DEBUG] [org.gradle.cache.internal.LockOnDemandCrossProcessCacheAccess] Releasing file lock for cache directory a16cffdc0820111a8e711302c0f4719e (C:\Users\Luciano Muratore\Documents\ChordSeqAI\caches\9.3.0\transforms\a16cffdc0820111a8e711302c0f4719e)
2026-03-30T18:25:03.367+0200 [DEBUG] [org.gradle.cache.internal.DefaultFileLockManager] Releasing lock on cache directory a16cffdc0820111a8e711302c0f4719e (C:\Users\Luciano Muratore\Documents\ChordSeqAI\caches\9.3.0\transforms\a16cffdc0820111a8e711302c0f4719e).
2026-03-30T18:25:03.367+0200 [DEBUG] [org.gradle.cache.internal.LockOnDemandCrossProcessCacheAccess] Releasing file lock for cache directory 571fb68e94e1682a7ac5a1f997099a65 (C:\Users\Luciano Muratore\Documents\ChordSeqAI\caches\9.3.0\transforms\571fb68e94e1682a7ac5a1f997099a65)
2026-03-30T18:25:03.367+0200 [DEBUG] [org.gradle.cache.internal.DefaultFileLockManager] Releasing lock on cache directory 571fb68e94e1682a7ac5a1f997099a65 (C:\Users\Luciano Muratore\Documents\ChordSeqAI\caches\9.3.0\transforms\571fb68e94e1682a7ac5a1f997099a65).
2026-03-30T18:25:03.368+0200 [DEBUG] [org.gradle.cache.internal.LockOnDemandCrossProcessCacheAccess] Releasing file lock for cache directory 4fd1eb00e9de70b19bc388e2cf6ddf09 (C:\Users\Luciano Muratore\Documents\ChordSeqAI\caches\9.3.0\transforms\4fd1eb00e9de70b19bc388e2cf6ddf09)
2026-03-30T18:25:03.368+0200 [DEBUG] [org.gradle.cache.internal.DefaultFileLockManager] Releasing lock on cache directory 4fd1eb00e9de70b19bc388e2cf6ddf09 (C:\Users\Luciano Muratore\Documents\ChordSeqAI\caches\9.3.0\transforms\4fd1eb00e9de70b19bc388e2cf6ddf09).
2026-03-30T18:25:03.370+0200 [DEBUG] [org.gradle.cache.internal.LockOnDemandCrossProcessCacheAccess] Releasing file lock for cache directory 59d14f23b57927b7f1f206d67f4a8fc2 (C:\Users\Luciano Muratore\Documents\ChordSeqAI\caches\9.3.0\transforms\59d14f23b57927b7f1f206d67f4a8fc2)
2026-03-30T18:25:03.370+0200 [DEBUG] [org.gradle.cache.internal.DefaultFileLockManager] Releasing lock on cache directory 59d14f23b57927b7f1f206d67f4a8fc2 (C:\Users\Luciano Muratore\Documents\ChordSeqAI\caches\9.3.0\transforms\59d14f23b57927b7f1f206d67f4a8fc2).
2026-03-30T18:25:03.370+0200 [DEBUG] [org.gradle.cache.internal.LockOnDemandCrossProcessCacheAccess] Releasing file lock for cache directory f27e6276ba59e1960707e6c2eeb6859a (C:\Users\Luciano Muratore\Documents\ChordSeqAI\caches\9.3.0\transforms\f27e6276ba59e1960707e6c2eeb6859a)
2026-03-30T18:25:03.370+0200 [DEBUG] [org.gradle.cache.internal.DefaultFileLockManager] Releasing lock on cache directory f27e6276ba59e1960707e6c2eeb6859a (C:\Users\Luciano Muratore\Documents\ChordSeqAI\caches\9.3.0\transforms\f27e6276ba59e1960707e6c2eeb6859a).
2026-03-30T18:25:03.371+0200 [DEBUG] [org.gradle.cache.internal.LockOnDemandCrossProcessCacheAccess] Releasing file lock for cache directory 1d14ebd809bda3df291ec204f3f0794c (C:\Users\Luciano Muratore\Documents\ChordSeqAI\caches\9.3.0\transforms\1d14ebd809bda3df291ec204f3f0794c)
2026-03-30T18:25:03.371+0200 [DEBUG] [org.gradle.cache.internal.DefaultFileLockManager] Releasing lock on cache directory 1d14ebd809bda3df291ec204f3f0794c (C:\Users\Luciano Muratore\Documents\ChordSeqAI\caches\9.3.0\transforms\1d14ebd809bda3df291ec204f3f0794c).
2026-03-30T18:25:03.371+0200 [DEBUG] [org.gradle.cache.internal.LockOnDemandCrossProcessCacheAccess] Releasing file lock for cache directory 063f4d4acbd0bee0147dcbe0bd669b07 (C:\Users\Luciano Muratore\Documents\ChordSeqAI\caches\9.3.0\transforms\063f4d4acbd0bee0147dcbe0bd669b07)
2026-03-30T18:25:03.371+0200 [DEBUG] [org.gradle.cache.internal.DefaultFileLockManager] Releasing lock on cache directory 063f4d4acbd0bee0147dcbe0bd669b07 (C:\Users\Luciano Muratore\Documents\ChordSeqAI\caches\9.3.0\transforms\063f4d4acbd0bee0147dcbe0bd669b07).
2026-03-30T18:25:03.372+0200 [DEBUG] [org.gradle.cache.internal.LockOnDemandCrossProcessCacheAccess] Releasing file lock for cache directory a9d7412e9c6b8271227219e4c8efad4c (C:\Users\Luciano Muratore\Documents\ChordSeqAI\caches\9.3.0\transforms\a9d7412e9c6b8271227219e4c8efad4c)
2026-03-30T18:25:03.372+0200 [DEBUG] [org.gradle.cache.internal.DefaultFileLockManager] Releasing lock on cache directory a9d7412e9c6b8271227219e4c8efad4c (C:\Users\Luciano Muratore\Documents\ChordSeqAI\caches\9.3.0\transforms\a9d7412e9c6b8271227219e4c8efad4c).
2026-03-30T18:25:03.372+0200 [DEBUG] [org.gradle.cache.internal.LockOnDemandCrossProcessCacheAccess] Releasing file lock for cache directory 140b4d037c6647f3efa0cfdd1f43a943 (C:\Users\Luciano Muratore\Documents\ChordSeqAI\caches\9.3.0\transforms\140b4d037c6647f3efa0cfdd1f43a943)
2026-03-30T18:25:03.372+0200 [DEBUG] [org.gradle.cache.internal.DefaultFileLockManager] Releasing lock on cache directory 140b4d037c6647f3efa0cfdd1f43a943 (C:\Users\Luciano Muratore\Documents\ChordSeqAI\caches\9.3.0\transforms\140b4d037c6647f3efa0cfdd1f43a943).
2026-03-30T18:25:03.372+0200 [DEBUG] [org.gradle.cache.internal.LockOnDemandCrossProcessCacheAccess] Releasing file lock for cache directory e475671cc1379e64a508a79c9d82446c (C:\Users\Luciano Muratore\Documents\ChordSeqAI\caches\9.3.0\transforms\e475671cc1379e64a508a79c9d82446c)
2026-03-30T18:25:03.373+0200 [DEBUG] [org.gradle.cache.internal.DefaultFileLockManager] Releasing lock on cache directory e475671cc1379e64a508a79c9d82446c (C:\Users\Luciano Muratore\Documents\ChordSeqAI\caches\9.3.0\transforms\e475671cc1379e64a508a79c9d82446c).
2026-03-30T18:25:03.373+0200 [DEBUG] [org.gradle.cache.internal.LockOnDemandCrossProcessCacheAccess] Releasing file lock for cache directory 3fb78f444458c2fb761187681744a3df (C:\Users\Luciano Muratore\Documents\ChordSeqAI\caches\9.3.0\transforms\3fb78f444458c2fb761187681744a3df)
2026-03-30T18:25:03.373+0200 [DEBUG] [org.gradle.cache.internal.DefaultFileLockManager] Releasing lock on cache directory 3fb78f444458c2fb761187681744a3df (C:\Users\Luciano Muratore\Documents\ChordSeqAI\caches\9.3.0\transforms\3fb78f444458c2fb761187681744a3df).
2026-03-30T18:25:03.373+0200 [DEBUG] [org.gradle.cache.internal.LockOnDemandCrossProcessCacheAccess] Releasing file lock for cache directory c8eff2b5025cf16df5b21bb4df017f61 (C:\Users\Luciano Muratore\Documents\ChordSeqAI\caches\9.3.0\transforms\c8eff2b5025cf16df5b21bb4df017f61)
2026-03-30T18:25:03.373+0200 [DEBUG] [org.gradle.cache.internal.DefaultFileLockManager] Releasing lock on cache directory c8eff2b5025cf16df5b21bb4df017f61 (C:\Users\Luciano Muratore\Documents\ChordSeqAI\caches\9.3.0\transforms\c8eff2b5025cf16df5b21bb4df017f61).
2026-03-30T18:25:03.374+0200 [DEBUG] [org.gradle.cache.internal.LockOnDemandCrossProcessCacheAccess] Releasing file lock for cache directory 10d017034d66619541d01f3582511e03 (C:\Users\Luciano Muratore\Documents\ChordSeqAI\caches\9.3.0\transforms\10d017034d66619541d01f3582511e03)
2026-03-30T18:25:03.374+0200 [DEBUG] [org.gradle.cache.internal.DefaultFileLockManager] Releasing lock on cache directory 10d017034d66619541d01f3582511e03 (C:\Users\Luciano Muratore\Documents\ChordSeqAI\caches\9.3.0\transforms\10d017034d66619541d01f3582511e03).
2026-03-30T18:25:03.374+0200 [DEBUG] [org.gradle.cache.internal.LockOnDemandCrossProcessCacheAccess] Releasing file lock for cache directory 933f018a7659ae3f3962d31b432e4450 (C:\Users\Luciano Muratore\Documents\ChordSeqAI\caches\9.3.0\transforms\933f018a7659ae3f3962d31b432e4450)
2026-03-30T18:25:03.374+0200 [DEBUG] [org.gradle.cache.internal.DefaultFileLockManager] Releasing lock on cache directory 933f018a7659ae3f3962d31b432e4450 (C:\Users\Luciano Muratore\Documents\ChordSeqAI\caches\9.3.0\transforms\933f018a7659ae3f3962d31b432e4450).
2026-03-30T18:25:03.374+0200 [DEBUG] [org.gradle.cache.internal.LockOnDemandCrossProcessCacheAccess] Releasing file lock for cache directory 0554282444674f46161b9a81d432ed5e (C:\Users\Luciano Muratore\Documents\ChordSeqAI\caches\9.3.0\transforms\0554282444674f46161b9a81d432ed5e)
2026-03-30T18:25:03.375+0200 [DEBUG] [org.gradle.cache.internal.DefaultFileLockManager] Releasing lock on cache directory 0554282444674f46161b9a81d432ed5e (C:\Users\Luciano Muratore\Documents\ChordSeqAI\caches\9.3.0\transforms\0554282444674f46161b9a81d432ed5e).
2026-03-30T18:25:03.375+0200 [DEBUG] [org.gradle.cache.internal.LockOnDemandCrossProcessCacheAccess] Releasing file lock for cache directory f1f4f37226a5c2fc887b3f9d2f4a20f1 (C:\Users\Luciano Muratore\Documents\ChordSeqAI\caches\9.3.0\transforms\f1f4f37226a5c2fc887b3f9d2f4a20f1)
2026-03-30T18:25:03.375+0200 [DEBUG] [org.gradle.cache.internal.DefaultFileLockManager] Releasing lock on cache directory f1f4f37226a5c2fc887b3f9d2f4a20f1 (C:\Users\Luciano Muratore\Documents\ChordSeqAI\caches\9.3.0\transforms\f1f4f37226a5c2fc887b3f9d2f4a20f1).
2026-03-30T18:25:03.375+0200 [DEBUG] [org.gradle.cache.internal.LockOnDemandCrossProcessCacheAccess] Releasing file lock for cache directory 0ffc716b4ff074d3a86c0465eacca086 (C:\Users\Luciano Muratore\Documents\ChordSeqAI\caches\9.3.0\transforms\0ffc716b4ff074d3a86c0465eacca086)
2026-03-30T18:25:03.375+0200 [DEBUG] [org.gradle.cache.internal.DefaultFileLockManager] Releasing lock on cache directory 0ffc716b4ff074d3a86c0465eacca086 (C:\Users\Luciano Muratore\Documents\ChordSeqAI\caches\9.3.0\transforms\0ffc716b4ff074d3a86c0465eacca086).
2026-03-30T18:25:03.376+0200 [DEBUG] [org.gradle.cache.internal.LockOnDemandCrossProcessCacheAccess] Releasing file lock for cache directory cd3371aa0c3b1acbc4c4eafb2cc3b2b1 (C:\Users\Luciano Muratore\Documents\ChordSeqAI\caches\9.3.0\transforms\cd3371aa0c3b1acbc4c4eafb2cc3b2b1)
2026-03-30T18:25:03.376+0200 [DEBUG] [org.gradle.cache.internal.DefaultFileLockManager] Releasing lock on cache directory cd3371aa0c3b1acbc4c4eafb2cc3b2b1 (C:\Users\Luciano Muratore\Documents\ChordSeqAI\caches\9.3.0\transforms\cd3371aa0c3b1acbc4c4eafb2cc3b2b1).
2026-03-30T18:25:03.376+0200 [DEBUG] [org.gradle.cache.internal.LockOnDemandCrossProcessCacheAccess] Releasing file lock for cache directory 745ee5564046bbc2014feb7e6e35d0a4 (C:\Users\Luciano Muratore\Documents\ChordSeqAI\caches\9.3.0\transforms\745ee5564046bbc2014feb7e6e35d0a4)
2026-03-30T18:25:03.376+0200 [DEBUG] [org.gradle.cache.internal.DefaultFileLockManager] Releasing lock on cache directory 745ee5564046bbc2014feb7e6e35d0a4 (C:\Users\Luciano Muratore\Documents\ChordSeqAI\caches\9.3.0\transforms\745ee5564046bbc2014feb7e6e35d0a4).
2026-03-30T18:25:03.377+0200 [DEBUG] [org.gradle.cache.internal.LockOnDemandCrossProcessCacheAccess] Releasing file lock for cache directory cd5d1ac42aa6258146e08531e7050f32 (C:\Users\Luciano Muratore\Documents\ChordSeqAI\caches\9.3.0\transforms\cd5d1ac42aa6258146e08531e7050f32)
2026-03-30T18:25:03.377+0200 [DEBUG] [org.gradle.cache.internal.DefaultFileLockManager] Releasing lock on cache directory cd5d1ac42aa6258146e08531e7050f32 (C:\Users\Luciano Muratore\Documents\ChordSeqAI\caches\9.3.0\transforms\cd5d1ac42aa6258146e08531e7050f32).
2026-03-30T18:25:03.377+0200 [DEBUG] [org.gradle.cache.internal.LockOnDemandCrossProcessCacheAccess] Releasing file lock for cache directory 1433c002a2fa5b8b9732bd6caddcc675 (C:\Users\Luciano Muratore\Documents\ChordSeqAI\caches\9.3.0\transforms\1433c002a2fa5b8b9732bd6caddcc675)
2026-03-30T18:25:03.377+0200 [DEBUG] [org.gradle.cache.internal.DefaultFileLockManager] Releasing lock on cache directory 1433c002a2fa5b8b9732bd6caddcc675 (C:\Users\Luciano Muratore\Documents\ChordSeqAI\caches\9.3.0\transforms\1433c002a2fa5b8b9732bd6caddcc675).
2026-03-30T18:25:03.377+0200 [DEBUG] [org.gradle.cache.internal.LockOnDemandCrossProcessCacheAccess] Releasing file lock for cache directory 5b644a750b5a946874fdb720594334bf (C:\Users\Luciano Muratore\Documents\ChordSeqAI\caches\9.3.0\transforms\5b644a750b5a946874fdb720594334bf)
2026-03-30T18:25:03.377+0200 [DEBUG] [org.gradle.cache.internal.DefaultFileLockManager] Releasing lock on cache directory 5b644a750b5a946874fdb720594334bf (C:\Users\Luciano Muratore\Documents\ChordSeqAI\caches\9.3.0\transforms\5b644a750b5a946874fdb720594334bf).
2026-03-30T18:25:03.377+0200 [DEBUG] [org.gradle.cache.internal.LockOnDemandCrossProcessCacheAccess] Releasing file lock for cache directory bf7281211f5c5c546a9a1a6eb4fad27b (C:\Users\Luciano Muratore\Documents\ChordSeqAI\caches\9.3.0\transforms\bf7281211f5c5c546a9a1a6eb4fad27b)
2026-03-30T18:25:03.378+0200 [DEBUG] [org.gradle.cache.internal.DefaultFileLockManager] Releasing lock on cache directory bf7281211f5c5c546a9a1a6eb4fad27b (C:\Users\Luciano Muratore\Documents\ChordSeqAI\caches\9.3.0\transforms\bf7281211f5c5c546a9a1a6eb4fad27b).
2026-03-30T18:25:03.378+0200 [DEBUG] [org.gradle.cache.internal.LockOnDemandCrossProcessCacheAccess] Releasing file lock for cache directory db27c89dd5001643d6e03f114f6257c9 (C:\Users\Luciano Muratore\Documents\ChordSeqAI\caches\9.3.0\transforms\db27c89dd5001643d6e03f114f6257c9)
2026-03-30T18:25:03.378+0200 [DEBUG] [org.gradle.cache.internal.DefaultFileLockManager] Releasing lock on cache directory db27c89dd5001643d6e03f114f6257c9 (C:\Users\Luciano Muratore\Documents\ChordSeqAI\caches\9.3.0\transforms\db27c89dd5001643d6e03f114f6257c9).
2026-03-30T18:25:03.378+0200 [DEBUG] [org.gradle.cache.internal.LockOnDemandCrossProcessCacheAccess] Releasing file lock for cache directory 7e8998c4b99bacc94a1531c9174dd73f (C:\Users\Luciano Muratore\Documents\ChordSeqAI\caches\9.3.0\transforms\7e8998c4b99bacc94a1531c9174dd73f)
2026-03-30T18:25:03.378+0200 [DEBUG] [org.gradle.cache.internal.DefaultFileLockManager] Releasing lock on cache directory 7e8998c4b99bacc94a1531c9174dd73f (C:\Users\Luciano Muratore\Documents\ChordSeqAI\caches\9.3.0\transforms\7e8998c4b99bacc94a1531c9174dd73f).
2026-03-30T18:25:03.378+0200 [DEBUG] [org.gradle.cache.internal.LockOnDemandCrossProcessCacheAccess] Releasing file lock for cache directory b9e53ab059acfa984555685005b7b068 (C:\Users\Luciano Muratore\Documents\ChordSeqAI\caches\9.3.0\transforms\b9e53ab059acfa984555685005b7b068)
2026-03-30T18:25:03.379+0200 [DEBUG] [org.gradle.cache.internal.DefaultFileLockManager] Releasing lock on cache directory b9e53ab059acfa984555685005b7b068 (C:\Users\Luciano Muratore\Documents\ChordSeqAI\caches\9.3.0\transforms\b9e53ab059acfa984555685005b7b068).
2026-03-30T18:25:03.379+0200 [DEBUG] [org.gradle.cache.internal.LockOnDemandCrossProcessCacheAccess] Releasing file lock for cache directory b12250b611218dd0a86960499874b227 (C:\Users\Luciano Muratore\Documents\ChordSeqAI\caches\9.3.0\transforms\b12250b611218dd0a86960499874b227)
2026-03-30T18:25:03.379+0200 [DEBUG] [org.gradle.cache.internal.DefaultFileLockManager] Releasing lock on cache directory b12250b611218dd0a86960499874b227 (C:\Users\Luciano Muratore\Documents\ChordSeqAI\caches\9.3.0\transforms\b12250b611218dd0a86960499874b227).
2026-03-30T18:25:03.379+0200 [DEBUG] [org.gradle.cache.internal.LockOnDemandCrossProcessCacheAccess] Releasing file lock for cache directory 115890638a0c70731d6e4cef8351350b (C:\Users\Luciano Muratore\Documents\ChordSeqAI\caches\9.3.0\transforms\115890638a0c70731d6e4cef8351350b)
2026-03-30T18:25:03.379+0200 [DEBUG] [org.gradle.cache.internal.DefaultFileLockManager] Releasing lock on cache directory 115890638a0c70731d6e4cef8351350b (C:\Users\Luciano Muratore\Documents\ChordSeqAI\caches\9.3.0\transforms\115890638a0c70731d6e4cef8351350b).
2026-03-30T18:25:03.380+0200 [DEBUG] [org.gradle.cache.internal.LockOnDemandCrossProcessCacheAccess] Releasing file lock for cache directory f7a044c5b39952abe88f5cbf848f3a6e (C:\Users\Luciano Muratore\Documents\ChordSeqAI\caches\9.3.0\transforms\f7a044c5b39952abe88f5cbf848f3a6e)
2026-03-30T18:25:03.380+0200 [DEBUG] [org.gradle.cache.internal.DefaultFileLockManager] Releasing lock on cache directory f7a044c5b39952abe88f5cbf848f3a6e (C:\Users\Luciano Muratore\Documents\ChordSeqAI\caches\9.3.0\transforms\f7a044c5b39952abe88f5cbf848f3a6e).
2026-03-30T18:25:03.380+0200 [DEBUG] [org.gradle.cache.internal.LockOnDemandCrossProcessCacheAccess] Releasing file lock for cache directory e761f74c1d0078f5df93798596a93f1c (C:\Users\Luciano Muratore\Documents\ChordSeqAI\caches\9.3.0\transforms\e761f74c1d0078f5df93798596a93f1c)
2026-03-30T18:25:03.380+0200 [DEBUG] [org.gradle.cache.internal.DefaultFileLockManager] Releasing lock on cache directory e761f74c1d0078f5df93798596a93f1c (C:\Users\Luciano Muratore\Documents\ChordSeqAI\caches\9.3.0\transforms\e761f74c1d0078f5df93798596a93f1c).
2026-03-30T18:25:03.380+0200 [DEBUG] [org.gradle.cache.internal.LockOnDemandCrossProcessCacheAccess] Releasing file lock for cache directory 586bd9fd0707283801ca680c39aa1c6f (C:\Users\Luciano Muratore\Documents\ChordSeqAI\caches\9.3.0\transforms\586bd9fd0707283801ca680c39aa1c6f)
2026-03-30T18:25:03.380+0200 [DEBUG] [org.gradle.cache.internal.DefaultFileLockManager] Releasing lock on cache directory 586bd9fd0707283801ca680c39aa1c6f (C:\Users\Luciano Muratore\Documents\ChordSeqAI\caches\9.3.0\transforms\586bd9fd0707283801ca680c39aa1c6f).
2026-03-30T18:25:03.381+0200 [DEBUG] [org.gradle.cache.internal.LockOnDemandCrossProcessCacheAccess] Releasing file lock for cache directory e1e276053492b39e7021633ea76f07b0 (C:\Users\Luciano Muratore\Documents\ChordSeqAI\caches\9.3.0\transforms\e1e276053492b39e7021633ea76f07b0)
2026-03-30T18:25:03.381+0200 [DEBUG] [org.gradle.cache.internal.DefaultFileLockManager] Releasing lock on cache directory e1e276053492b39e7021633ea76f07b0 (C:\Users\Luciano Muratore\Documents\ChordSeqAI\caches\9.3.0\transforms\e1e276053492b39e7021633ea76f07b0).
2026-03-30T18:25:03.381+0200 [DEBUG] [org.gradle.cache.internal.LockOnDemandCrossProcessCacheAccess] Releasing file lock for cache directory dcf9913d95268468241766bdc0dff154 (C:\Users\Luciano Muratore\Documents\ChordSeqAI\caches\9.3.0\transforms\dcf9913d95268468241766bdc0dff154)
2026-03-30T18:25:03.382+0200 [DEBUG] [org.gradle.cache.internal.DefaultFileLockManager] Releasing lock on cache directory dcf9913d95268468241766bdc0dff154 (C:\Users\Luciano Muratore\Documents\ChordSeqAI\caches\9.3.0\transforms\dcf9913d95268468241766bdc0dff154).
2026-03-30T18:25:03.382+0200 [DEBUG] [org.gradle.cache.internal.LockOnDemandCrossProcessCacheAccess] Releasing file lock for cache directory 974bee38f188c2aba8662035b1dcabb8 (C:\Users\Luciano Muratore\Documents\ChordSeqAI\caches\9.3.0\transforms\974bee38f188c2aba8662035b1dcabb8)
2026-03-30T18:25:03.382+0200 [DEBUG] [org.gradle.cache.internal.DefaultFileLockManager] Releasing lock on cache directory 974bee38f188c2aba8662035b1dcabb8 (C:\Users\Luciano Muratore\Documents\ChordSeqAI\caches\9.3.0\transforms\974bee38f188c2aba8662035b1dcabb8).
2026-03-30T18:25:03.382+0200 [DEBUG] [org.gradle.cache.internal.LockOnDemandCrossProcessCacheAccess] Releasing file lock for cache directory 5f337ad29ffa241884ed382d7b518df3 (C:\Users\Luciano Muratore\Documents\ChordSeqAI\caches\9.3.0\transforms\5f337ad29ffa241884ed382d7b518df3)
2026-03-30T18:25:03.382+0200 [DEBUG] [org.gradle.cache.internal.DefaultFileLockManager] Releasing lock on cache directory 5f337ad29ffa241884ed382d7b518df3 (C:\Users\Luciano Muratore\Documents\ChordSeqAI\caches\9.3.0\transforms\5f337ad29ffa241884ed382d7b518df3).
2026-03-30T18:25:03.383+0200 [DEBUG] [org.gradle.cache.internal.LockOnDemandCrossProcessCacheAccess] Releasing file lock for cache directory b3a16b7256ed94f9726138a74a7f1770 (C:\Users\Luciano Muratore\Documents\ChordSeqAI\caches\9.3.0\transforms\b3a16b7256ed94f9726138a74a7f1770)
2026-03-30T18:25:03.383+0200 [DEBUG] [org.gradle.cache.internal.DefaultFileLockManager] Releasing lock on cache directory b3a16b7256ed94f9726138a74a7f1770 (C:\Users\Luciano Muratore\Documents\ChordSeqAI\caches\9.3.0\transforms\b3a16b7256ed94f9726138a74a7f1770).
2026-03-30T18:25:03.383+0200 [DEBUG] [org.gradle.cache.internal.LockOnDemandCrossProcessCacheAccess] Releasing file lock for cache directory f01b787da93b6f46847d01d31a2c399d (C:\Users\Luciano Muratore\Documents\ChordSeqAI\caches\9.3.0\transforms\f01b787da93b6f46847d01d31a2c399d)
2026-03-30T18:25:03.383+0200 [DEBUG] [org.gradle.cache.internal.DefaultFileLockManager] Releasing lock on cache directory f01b787da93b6f46847d01d31a2c399d (C:\Users\Luciano Muratore\Documents\ChordSeqAI\caches\9.3.0\transforms\f01b787da93b6f46847d01d31a2c399d).
2026-03-30T18:25:03.384+0200 [DEBUG] [org.gradle.cache.internal.LockOnDemandCrossProcessCacheAccess] Releasing file lock for cache directory af49b3377235ee5373393a931a44da08 (C:\Users\Luciano Muratore\Documents\ChordSeqAI\caches\9.3.0\transforms\af49b3377235ee5373393a931a44da08)
2026-03-30T18:25:03.384+0200 [DEBUG] [org.gradle.cache.internal.DefaultFileLockManager] Releasing lock on cache directory af49b3377235ee5373393a931a44da08 (C:\Users\Luciano Muratore\Documents\ChordSeqAI\caches\9.3.0\transforms\af49b3377235ee5373393a931a44da08).
2026-03-30T18:25:03.385+0200 [DEBUG] [org.gradle.cache.internal.LockOnDemandCrossProcessCacheAccess] Releasing file lock for cache directory 65ce14ee3cbe456e52a22dc61d59783a (C:\Users\Luciano Muratore\Documents\ChordSeqAI\caches\9.3.0\transforms\65ce14ee3cbe456e52a22dc61d59783a)
2026-03-30T18:25:03.385+0200 [DEBUG] [org.gradle.cache.internal.DefaultFileLockManager] Releasing lock on cache directory 65ce14ee3cbe456e52a22dc61d59783a (C:\Users\Luciano Muratore\Documents\ChordSeqAI\caches\9.3.0\transforms\65ce14ee3cbe456e52a22dc61d59783a).
2026-03-30T18:25:03.386+0200 [DEBUG] [org.gradle.cache.internal.LockOnDemandCrossProcessCacheAccess] Releasing file lock for cache directory af59435e183ad98e4def3c86955a3268 (C:\Users\Luciano Muratore\Documents\ChordSeqAI\caches\9.3.0\transforms\af59435e183ad98e4def3c86955a3268)
2026-03-30T18:25:03.386+0200 [DEBUG] [org.gradle.cache.internal.DefaultFileLockManager] Releasing lock on cache directory af59435e183ad98e4def3c86955a3268 (C:\Users\Luciano Muratore\Documents\ChordSeqAI\caches\9.3.0\transforms\af59435e183ad98e4def3c86955a3268).
2026-03-30T18:25:03.386+0200 [DEBUG] [org.gradle.cache.internal.LockOnDemandCrossProcessCacheAccess] Releasing file lock for cache directory e894567251e9a3eba5011804dc193a6a (C:\Users\Luciano Muratore\Documents\ChordSeqAI\caches\9.3.0\transforms\e894567251e9a3eba5011804dc193a6a)
2026-03-30T18:25:03.386+0200 [DEBUG] [org.gradle.cache.internal.DefaultFileLockManager] Releasing lock on cache directory e894567251e9a3eba5011804dc193a6a (C:\Users\Luciano Muratore\Documents\ChordSeqAI\caches\9.3.0\transforms\e894567251e9a3eba5011804dc193a6a).
2026-03-30T18:25:03.387+0200 [DEBUG] [org.gradle.cache.internal.LockOnDemandCrossProcessCacheAccess] Releasing file lock for cache directory 110690ac7ad79e48b54b8bf6603b434d (C:\Users\Luciano Muratore\Documents\ChordSeqAI\caches\9.3.0\transforms\110690ac7ad79e48b54b8bf6603b434d)
2026-03-30T18:25:03.387+0200 [DEBUG] [org.gradle.cache.internal.DefaultFileLockManager] Releasing lock on cache directory 110690ac7ad79e48b54b8bf6603b434d (C:\Users\Luciano Muratore\Documents\ChordSeqAI\caches\9.3.0\transforms\110690ac7ad79e48b54b8bf6603b434d).
2026-03-30T18:25:03.387+0200 [DEBUG] [org.gradle.cache.internal.LockOnDemandCrossProcessCacheAccess] Releasing file lock for cache directory 12c5470cca68466510052d68a56f6afd (C:\Users\Luciano Muratore\Documents\ChordSeqAI\caches\9.3.0\transforms\12c5470cca68466510052d68a56f6afd)
2026-03-30T18:25:03.387+0200 [DEBUG] [org.gradle.cache.internal.DefaultFileLockManager] Releasing lock on cache directory 12c5470cca68466510052d68a56f6afd (C:\Users\Luciano Muratore\Documents\ChordSeqAI\caches\9.3.0\transforms\12c5470cca68466510052d68a56f6afd).
2026-03-30T18:25:03.387+0200 [DEBUG] [org.gradle.cache.internal.LockOnDemandCrossProcessCacheAccess] Releasing file lock for cache directory 32aec5bd19b78a1b76727a742b2424c1 (C:\Users\Luciano Muratore\Documents\ChordSeqAI\caches\9.3.0\transforms\32aec5bd19b78a1b76727a742b2424c1)
2026-03-30T18:25:03.387+0200 [DEBUG] [org.gradle.cache.internal.DefaultFileLockManager] Releasing lock on cache directory 32aec5bd19b78a1b76727a742b2424c1 (C:\Users\Luciano Muratore\Documents\ChordSeqAI\caches\9.3.0\transforms\32aec5bd19b78a1b76727a742b2424c1).
2026-03-30T18:25:03.388+0200 [DEBUG] [org.gradle.cache.internal.LockOnDemandCrossProcessCacheAccess] Releasing file lock for cache directory a74cbbee29b455acdbb340563f774c19 (C:\Users\Luciano Muratore\Documents\ChordSeqAI\caches\9.3.0\transforms\a74cbbee29b455acdbb340563f774c19)
2026-03-30T18:25:03.388+0200 [DEBUG] [org.gradle.cache.internal.DefaultFileLockManager] Releasing lock on cache directory a74cbbee29b455acdbb340563f774c19 (C:\Users\Luciano Muratore\Documents\ChordSeqAI\caches\9.3.0\transforms\a74cbbee29b455acdbb340563f774c19).
2026-03-30T18:25:03.389+0200 [DEBUG] [org.gradle.cache.internal.LockOnDemandCrossProcessCacheAccess] Releasing file lock for cache directory ad3d1773644f3fe14ad8d62548c0a37f (C:\Users\Luciano Muratore\Documents\ChordSeqAI\caches\9.3.0\transforms\ad3d1773644f3fe14ad8d62548c0a37f)
2026-03-30T18:25:03.389+0200 [DEBUG] [org.gradle.cache.internal.DefaultFileLockManager] Releasing lock on cache directory ad3d1773644f3fe14ad8d62548c0a37f (C:\Users\Luciano Muratore\Documents\ChordSeqAI\caches\9.3.0\transforms\ad3d1773644f3fe14ad8d62548c0a37f).
2026-03-30T18:25:03.389+0200 [DEBUG] [org.gradle.cache.internal.LockOnDemandCrossProcessCacheAccess] Releasing file lock for cache directory e3c16f6c4b67b39c5beee4aa4aa49c72 (C:\Users\Luciano Muratore\Documents\ChordSeqAI\caches\9.3.0\transforms\e3c16f6c4b67b39c5beee4aa4aa49c72)
2026-03-30T18:25:03.390+0200 [DEBUG] [org.gradle.cache.internal.DefaultFileLockManager] Releasing lock on cache directory e3c16f6c4b67b39c5beee4aa4aa49c72 (C:\Users\Luciano Muratore\Documents\ChordSeqAI\caches\9.3.0\transforms\e3c16f6c4b67b39c5beee4aa4aa49c72).
2026-03-30T18:25:03.390+0200 [DEBUG] [org.gradle.cache.internal.LockOnDemandCrossProcessCacheAccess] Releasing file lock for cache directory 9cf43064e6b7b2e717937028a7e503de (C:\Users\Luciano Muratore\Documents\ChordSeqAI\caches\9.3.0\transforms\9cf43064e6b7b2e717937028a7e503de)
2026-03-30T18:25:03.390+0200 [DEBUG] [org.gradle.cache.internal.DefaultFileLockManager] Releasing lock on cache directory 9cf43064e6b7b2e717937028a7e503de (C:\Users\Luciano Muratore\Documents\ChordSeqAI\caches\9.3.0\transforms\9cf43064e6b7b2e717937028a7e503de).
2026-03-30T18:25:03.391+0200 [DEBUG] [org.gradle.cache.internal.LockOnDemandCrossProcessCacheAccess] Releasing file lock for cache directory 8a69002dfc3ec57e21ef0fbdd8c31c5e (C:\Users\Luciano Muratore\Documents\ChordSeqAI\caches\9.3.0\transforms\8a69002dfc3ec57e21ef0fbdd8c31c5e)
2026-03-30T18:25:03.391+0200 [DEBUG] [org.gradle.cache.internal.DefaultFileLockManager] Releasing lock on cache directory 8a69002dfc3ec57e21ef0fbdd8c31c5e (C:\Users\Luciano Muratore\Documents\ChordSeqAI\caches\9.3.0\transforms\8a69002dfc3ec57e21ef0fbdd8c31c5e).
2026-03-30T18:25:03.392+0200 [DEBUG] [org.gradle.cache.internal.LockOnDemandCrossProcessCacheAccess] Releasing file lock for cache directory 17bc66305f3a207cd592b0c008311f61 (C:\Users\Luciano Muratore\Documents\ChordSeqAI\caches\9.3.0\transforms\17bc66305f3a207cd592b0c008311f61)
2026-03-30T18:25:03.392+0200 [DEBUG] [org.gradle.cache.internal.DefaultFileLockManager] Releasing lock on cache directory 17bc66305f3a207cd592b0c008311f61 (C:\Users\Luciano Muratore\Documents\ChordSeqAI\caches\9.3.0\transforms\17bc66305f3a207cd592b0c008311f61).
2026-03-30T18:25:03.392+0200 [DEBUG] [org.gradle.cache.internal.LockOnDemandCrossProcessCacheAccess] Releasing file lock for cache directory 1595932b13a1fbf221c4cdf519f45ab4 (C:\Users\Luciano Muratore\Documents\ChordSeqAI\caches\9.3.0\transforms\1595932b13a1fbf221c4cdf519f45ab4)
2026-03-30T18:25:03.392+0200 [DEBUG] [org.gradle.cache.internal.DefaultFileLockManager] Releasing lock on cache directory 1595932b13a1fbf221c4cdf519f45ab4 (C:\Users\Luciano Muratore\Documents\ChordSeqAI\caches\9.3.0\transforms\1595932b13a1fbf221c4cdf519f45ab4).
2026-03-30T18:25:03.392+0200 [DEBUG] [org.gradle.cache.internal.LockOnDemandCrossProcessCacheAccess] Releasing file lock for cache directory 643947ac0900b127cde8490002a1cf02 (C:\Users\Luciano Muratore\Documents\ChordSeqAI\caches\9.3.0\transforms\643947ac0900b127cde8490002a1cf02)
2026-03-30T18:25:03.393+0200 [DEBUG] [org.gradle.cache.internal.DefaultFileLockManager] Releasing lock on cache directory 643947ac0900b127cde8490002a1cf02 (C:\Users\Luciano Muratore\Documents\ChordSeqAI\caches\9.3.0\transforms\643947ac0900b127cde8490002a1cf02).
2026-03-30T18:25:03.393+0200 [DEBUG] [org.gradle.cache.internal.LockOnDemandCrossProcessCacheAccess] Releasing file lock for cache directory c12a26c5e7b95c6c2497dbaa4e195d62 (C:\Users\Luciano Muratore\Documents\ChordSeqAI\caches\9.3.0\transforms\c12a26c5e7b95c6c2497dbaa4e195d62)
2026-03-30T18:25:03.393+0200 [DEBUG] [org.gradle.cache.internal.DefaultFileLockManager] Releasing lock on cache directory c12a26c5e7b95c6c2497dbaa4e195d62 (C:\Users\Luciano Muratore\Documents\ChordSeqAI\caches\9.3.0\transforms\c12a26c5e7b95c6c2497dbaa4e195d62).
2026-03-30T18:25:03.394+0200 [DEBUG] [org.gradle.cache.internal.DefaultCacheCleanupExecutor] Artifact transforms cache (C:\Users\Luciano Muratore\Documents\ChordSeqAI\caches\9.3.0\transforms) has last been fully cleaned up 0 hours ago
2026-03-30T18:25:03.394+0200 [DEBUG] [org.gradle.cache.internal.DefaultCacheCleanupExecutor] Skipping cleanup for Artifact transforms cache (C:\Users\Luciano Muratore\Documents\ChordSeqAI\caches\9.3.0\transforms) as it is not yet due
2026-03-30T18:25:03.394+0200 [DEBUG] [org.gradle.cache.internal.DefaultCacheCoordinator] Cache Artifact transforms cache (C:\Users\Luciano Muratore\Documents\ChordSeqAI\caches\9.3.0\transforms) was closed 0 times.
2026-03-30T18:25:03.395+0200 [DEBUG] [org.gradle.cache.internal.LockOnDemandCrossProcessCacheAccess] Releasing file lock for journal cache (C:\Users\Luciano Muratore\Documents\ChordSeqAI\caches\journal-1)
2026-03-30T18:25:03.395+0200 [DEBUG] [org.gradle.cache.internal.btree.BTreePersistentIndexedCache] Closing cache file-access.bin (C:\Users\Luciano Muratore\Documents\ChordSeqAI\caches\journal-1\file-access.bin)
2026-03-30T18:25:03.395+0200 [DEBUG] [org.gradle.cache.internal.DefaultFileLockManager] Releasing lock on journal cache (C:\Users\Luciano Muratore\Documents\ChordSeqAI\caches\journal-1).
2026-03-30T18:25:03.397+0200 [DEBUG] [org.gradle.cache.internal.LockOnDemandCrossProcessCacheAccess] Releasing file lock for file hash cache (C:\Users\Luciano Muratore\Documents\ChordSeqAI\caches\9.3.0\fileHashes)
2026-03-30T18:25:03.397+0200 [DEBUG] [org.gradle.cache.internal.btree.BTreePersistentIndexedCache] Closing cache fileHashes.bin (C:\Users\Luciano Muratore\Documents\ChordSeqAI\caches\9.3.0\fileHashes\fileHashes.bin)
2026-03-30T18:25:03.397+0200 [DEBUG] [org.gradle.cache.internal.btree.BTreePersistentIndexedCache] Closing cache resourceHashesCache.bin (C:\Users\Luciano Muratore\Documents\ChordSeqAI\caches\9.3.0\fileHashes\resourceHashesCache.bin)
2026-03-30T18:25:03.398+0200 [DEBUG] [org.gradle.cache.internal.DefaultFileLockManager] Releasing lock on file hash cache (C:\Users\Luciano Muratore\Documents\ChordSeqAI\caches\9.3.0\fileHashes).
2026-03-30T18:25:03.400+0200 [DEBUG] [org.gradle.internal.operations.DefaultBuildOperationRunner] Build operation 'Deleting unused version-specific caches in C:\Users\Luciano Muratore\Documents\ChordSeqAI\caches' started
2026-03-30T18:25:03.401+0200 [DEBUG] [org.gradle.internal.operations.DefaultBuildOperationRunner] Completing Build operation 'Deleting unused version-specific caches in C:\Users\Luciano Muratore\Documents\ChordSeqAI\caches'
2026-03-30T18:25:03.401+0200 [DEBUG] [org.gradle.internal.operations.DefaultBuildOperationRunner] Build operation 'Deleting unused version-specific caches in C:\Users\Luciano Muratore\Documents\ChordSeqAI\caches' completed
2026-03-30T18:25:03.401+0200 [DEBUG] [org.gradle.launcher.daemon.server.Daemon] stop() called on daemon
2026-03-30T18:25:03.401+0200 [INFO] [org.gradle.launcher.daemon.server.Daemon] Stop requested. Daemon is removing its presence from the registry...
2026-03-30T18:25:03.402+0200 [DEBUG] [org.gradle.launcher.daemon.server.DaemonRegistryUpdater] Removing our presence to clients, eg. removing this address from the registry: [1c43fb53-c27f-467c-804b-9ea57b8922fe port:54505, addresses:[localhost/127.0.0.1]]
2026-03-30T18:25:03.402+0200 [DEBUG] [org.gradle.launcher.daemon.registry.PersistentDaemonRegistry] Removing daemon address: [1c43fb53-c27f-467c-804b-9ea57b8922fe port:54505, addresses:[localhost/127.0.0.1]]
2026-03-30T18:25:03.404+0200 [DEBUG] [org.gradle.cache.internal.DefaultFileLockManager] Waiting to acquire exclusive lock on daemon addresses registry.
2026-03-30T18:25:03.404+0200 [DEBUG] [org.gradle.cache.internal.DefaultFileLockManager] Lock acquired on daemon addresses registry.
2026-03-30T18:25:03.405+0200 [DEBUG] [org.gradle.cache.internal.DefaultFileLockManager] Releasing lock on daemon addresses registry.
2026-03-30T18:25:03.406+0200 [DEBUG] [org.gradle.launcher.daemon.server.DaemonRegistryUpdater] Address removed from registry.
2026-03-30T18:25:03.407+0200 [DEBUG] [org.gradle.cache.internal.locklistener.DefaultFileLockContentionHandler] File lock listener thread completed.
2026-03-30T18:25:03.409+0200 [DEBUG] [java.lang.Runtime] Runtime.exit() called with status: 0
java.lang.Throwable: Runtime.exit(0)
	at java.base/java.lang.Shutdown.logRuntimeExit(Shutdown.java:179)
	at java.base/java.lang.Shutdown.exit(Shutdown.java:160)
	at java.base/java.lang.Runtime.exit(Runtime.java:188)
	at java.base/java.lang.System.exit(System.java:1920)
	at org.gradle.launcher.bootstrap.ProcessCompleter.complete(ProcessCompleter.java:21)
	at org.gradle.launcher.bootstrap.EntryPoint.run(EntryPoint.java:62)
	at java.base/jdk.internal.reflect.DirectMethodHandleAccessor.invoke(DirectMethodHandleAccessor.java:103)
	at java.base/java.lang.reflect.Method.invoke(Method.java:580)
	at org.gradle.launcher.bootstrap.ProcessBootstrap.runNoExit(ProcessBootstrap.java:72)
	at org.gradle.launcher.bootstrap.ProcessBootstrap.run(ProcessBootstrap.java:39)
	at org.gradle.launcher.daemon.bootstrap.GradleDaemon.main(GradleDaemon.java:22)
Daemon vm is shutting down... The daemon has exited normally or was terminated in response to a user interrupt.
2026-03-30T18:25:03.411+0200 [DEBUG] [org.gradle.launcher.daemon.registry.PersistentDaemonRegistry] Removing daemon address: [1c43fb53-c27f-467c-804b-9ea57b8922fe port:54505, addresses:[localhost/127.0.0.1]]
2026-03-30T18:25:03.412+0200 [DEBUG] [org.gradle.launcher.daemon.server.Daemon] VM shutdown hook was unable to remove the daemon address from the registry. It will be cleaned up later.
java.lang.IllegalStateException: Cannot start managing file contention because this handler has been closed.
	at org.gradle.cache.internal.locklistener.DefaultFileLockContentionHandler.assertNotStopped(DefaultFileLockContentionHandler.java:267)
	at org.gradle.cache.internal.locklistener.DefaultFileLockContentionHandler.reservePort(DefaultFileLockContentionHandler.java:312)
	at org.gradle.cache.internal.DefaultFileLockManager.lock(DefaultFileLockManager.java:124)
	at org.gradle.cache.internal.DefaultFileLockManager.lock(DefaultFileLockManager.java:106)
	at org.gradle.cache.internal.DefaultFileLockManager.lock(DefaultFileLockManager.java:101)
	at org.gradle.cache.internal.OnDemandFileAccess.updateFile(OnDemandFileAccess.java:51)
	at org.gradle.cache.internal.FileBackedObjectHolder.update(FileBackedObjectHolder.java:77)
	at org.gradle.cache.internal.FileIntegrityViolationSuppressingObjectHolderDecorator.lambda$update$0(FileIntegrityViolationSuppressingObjectHolderDecorator.java:48)
	at org.gradle.cache.internal.FileIntegrityViolationSuppressingObjectHolderDecorator.doUpdate(FileIntegrityViolationSuppressingObjectHolderDecorator.java:58)
	at org.gradle.cache.internal.FileIntegrityViolationSuppressingObjectHolderDecorator.update(FileIntegrityViolationSuppressingObjectHolderDecorator.java:48)
	at org.gradle.launcher.daemon.registry.PersistentDaemonRegistry.remove(PersistentDaemonRegistry.java:133)
	at org.gradle.launcher.daemon.server.Daemon$1.run(Daemon.java:133)
	at java.base/java.lang.Thread.run(Thread.java:1583)
